Unnamed: 0;Demand;Import limit;Export limit;Import price;Export price;Import emission factor;Export emission factor;Generic production
2022-01-01 00:00:00;323.4209537110096;;;;;;;
2022-01-01 01:00:00;261.036704636488;;;;;;;
2022-01-01 02:00:00;344.0997397538935;;;;;;;
2022-01-01 03:00:00;352.9196094350661;;;;;;;
2022-01-01 04:00:00;218.7706322652983;;;;;;;
2022-01-01 05:00:00;248.8727656521675;;;;;;;
2022-01-01 06:00:00;315.2151762768788;;;;;;;
2022-01-01 07:00:00;294.6129900884195;;;;;;;
2022-01-01 08:00:00;308.5048712355497;;;;;;;
2022-01-01 09:00:00;269.7093545824043;;;;;;;
2022-01-01 10:00:00;350.0819223129563;;;;;;;
2022-01-01 11:00:00;345.3681490691044;;;;;;;
2022-01-01 12:00:00;312.3476603484988;;;;;;;
2022-01-01 13:00:00;361.5800261921804;;;;;;;
2022-01-01 14:00:00;330.9733178769875;;;;;;;
2022-01-01 15:00:00;269.4194684819319;;;;;;;
2022-01-01 16:00:00;326.3916468297271;;;;;;;
2022-01-01 17:00:00;264.7992182466519;;;;;;;
2022-01-01 18:00:00;350.0379572270719;;;;;;;
2022-01-01 19:00:00;306.9681262000926;;;;;;;
2022-01-01 20:00:00;300.7080668253065;;;;;;;
2022-01-01 21:00:00;277.6941966133259;;;;;;;
2022-01-01 22:00:00;366.0012516771441;;;;;;;
2022-01-01 23:00:00;302.1152895249543;;;;;;;
2022-01-02 00:00:00;289.413059451441;;;;;;;
2022-01-02 01:00:00;292.9479134931591;;;;;;;
2022-01-02 02:00:00;333.9795542115732;;;;;;;
2022-01-02 03:00:00;326.2382393450889;;;;;;;
2022-01-02 04:00:00;328.4320802813598;;;;;;;
2022-01-02 05:00:00;329.2712486608851;;;;;;;
2022-01-02 06:00:00;408.6410251703095;;;;;;;
2022-01-02 07:00:00;290.4296525412996;;;;;;;
2022-01-02 08:00:00;285.5200246953457;;;;;;;
2022-01-02 09:00:00;271.5312495176551;;;;;;;
2022-01-02 10:00:00;337.8612380837056;;;;;;;
2022-01-02 11:00:00;361.6603358445407;;;;;;;
2022-01-02 12:00:00;303.9979971073928;;;;;;;
2022-01-02 13:00:00;270.3072375449754;;;;;;;
2022-01-02 14:00:00;271.0344544267934;;;;;;;
2022-01-02 15:00:00;339.4670437612073;;;;;;;
2022-01-02 16:00:00;343.7658507232998;;;;;;;
2022-01-02 17:00:00;334.482686320529;;;;;;;
2022-01-02 18:00:00;278.4095636921274;;;;;;;
2022-01-02 19:00:00;320.0549000151116;;;;;;;
2022-01-02 20:00:00;314.6976851202372;;;;;;;
2022-01-02 21:00:00;319.4298645616458;;;;;;;
2022-01-02 22:00:00;349.7122101639491;;;;;;;
2022-01-02 23:00:00;319.6575110617025;;;;;;;
2022-01-03 00:00:00;340.780919524392;;;;;;;
2022-01-03 01:00:00;312.4194934226436;;;;;;;
2022-01-03 02:00:00;322.6973359804359;;;;;;;
2022-01-03 03:00:00;338.5714540080621;;;;;;;
2022-01-03 04:00:00;241.6830040819978;;;;;;;
2022-01-03 05:00:00;294.4539271406936;;;;;;;
2022-01-03 06:00:00;287.4624883452408;;;;;;;
2022-01-03 07:00:00;279.6450861600975;;;;;;;
2022-01-03 08:00:00;296.5197437553223;;;;;;;
2022-01-03 09:00:00;378.6386077775817;;;;;;;
2022-01-03 10:00:00;269.1161230623253;;;;;;;
2022-01-03 11:00:00;354.2053185028153;;;;;;;
2022-01-03 12:00:00;231.2115361210465;;;;;;;
2022-01-03 13:00:00;293.7481180370378;;;;;;;
2022-01-03 14:00:00;316.8348671203622;;;;;;;
2022-01-03 15:00:00;336.4807278190462;;;;;;;
2022-01-03 16:00:00;342.2800059418536;;;;;;;
2022-01-03 17:00:00;346.0898006192393;;;;;;;
2022-01-03 18:00:00;293.1060418250822;;;;;;;
2022-01-03 19:00:00;287.8345973571306;;;;;;;
2022-01-03 20:00:00;349.0880946603055;;;;;;;
2022-01-03 21:00:00;300.4092071792222;;;;;;;
2022-01-03 22:00:00;250.1018545954781;;;;;;;
2022-01-03 23:00:00;256.7081263807871;;;;;;;
2022-01-04 00:00:00;266.6284949713977;;;;;;;
2022-01-04 01:00:00;332.3489249298202;;;;;;;
2022-01-04 02:00:00;315.8918284953416;;;;;;;
2022-01-04 03:00:00;341.317765553267;;;;;;;
2022-01-04 04:00:00;289.4629397053312;;;;;;;
2022-01-04 05:00:00;316.6393975412746;;;;;;;
2022-01-04 06:00:00;338.3071164984801;;;;;;;
2022-01-04 07:00:00;294.932916231838;;;;;;;
2022-01-04 08:00:00;330.4753343339994;;;;;;;
2022-01-04 09:00:00;278.5758240977471;;;;;;;
2022-01-04 10:00:00;292.4412920388758;;;;;;;
2022-01-04 11:00:00;291.574489599095;;;;;;;
2022-01-04 12:00:00;253.8061534273214;;;;;;;
2022-01-04 13:00:00;331.87626441611;;;;;;;
2022-01-04 14:00:00;287.5075037854783;;;;;;;
2022-01-04 15:00:00;309.8639566801054;;;;;;;
2022-01-04 16:00:00;331.5874320518046;;;;;;;
2022-01-04 17:00:00;330.0000851912752;;;;;;;
2022-01-04 18:00:00;340.1532987124957;;;;;;;
2022-01-04 19:00:00;304.7153189882207;;;;;;;
2022-01-04 20:00:00;289.6463917450773;;;;;;;
2022-01-04 21:00:00;305.5859825104177;;;;;;;
2022-01-04 22:00:00;231.0044086116103;;;;;;;
2022-01-04 23:00:00;242.1489415663262;;;;;;;
2022-01-05 00:00:00;247.9207836167635;;;;;;;
2022-01-05 01:00:00;263.0194001700023;;;;;;;
2022-01-05 02:00:00;327.8309064905487;;;;;;;
2022-01-05 03:00:00;267.2767501449613;;;;;;;
2022-01-05 04:00:00;291.7403590880548;;;;;;;
2022-01-05 05:00:00;369.5589627938136;;;;;;;
2022-01-05 06:00:00;292.7562923445319;;;;;;;
2022-01-05 07:00:00;343.4996217453134;;;;;;;
2022-01-05 08:00:00;265.9713248303626;;;;;;;
2022-01-05 09:00:00;299.7535290731786;;;;;;;
2022-01-05 10:00:00;265.2102824364272;;;;;;;
2022-01-05 11:00:00;293.5556792021384;;;;;;;
2022-01-05 12:00:00;348.268441237472;;;;;;;
2022-01-05 13:00:00;229.1493526795824;;;;;;;
2022-01-05 14:00:00;329.4383846960041;;;;;;;
2022-01-05 15:00:00;320.3135055921241;;;;;;;
2022-01-05 16:00:00;281.7201315443535;;;;;;;
2022-01-05 17:00:00;242.1978680898068;;;;;;;
2022-01-05 18:00:00;312.6306003024335;;;;;;;
2022-01-05 19:00:00;284.7197524418698;;;;;;;
2022-01-05 20:00:00;320.0787870463255;;;;;;;
2022-01-05 21:00:00;310.2981003252161;;;;;;;
2022-01-05 22:00:00;383.5950860465476;;;;;;;
2022-01-05 23:00:00;298.1799800018849;;;;;;;
2022-01-06 00:00:00;261.8015623023338;;;;;;;
2022-01-06 01:00:00;317.6013928910618;;;;;;;
2022-01-06 02:00:00;319.4905501929318;;;;;;;
2022-01-06 03:00:00;372.3406324599069;;;;;;;
2022-01-06 04:00:00;348.0273436763209;;;;;;;
2022-01-06 05:00:00;325.8405149300344;;;;;;;
2022-01-06 06:00:00;377.1708176877935;;;;;;;
2022-01-06 07:00:00;254.1344552364864;;;;;;;
2022-01-06 08:00:00;279.604553622142;;;;;;;
2022-01-06 09:00:00;266.2980097322477;;;;;;;
2022-01-06 10:00:00;291.2000123571404;;;;;;;
2022-01-06 11:00:00;245.4162052808604;;;;;;;
2022-01-06 12:00:00;338.7506558634434;;;;;;;
2022-01-06 13:00:00;298.9748220136087;;;;;;;
2022-01-06 14:00:00;241.0497224137487;;;;;;;
2022-01-06 15:00:00;262.1689183774905;;;;;;;
2022-01-06 16:00:00;323.8290590601376;;;;;;;
2022-01-06 17:00:00;348.1672324481812;;;;;;;
2022-01-06 18:00:00;401.917955261084;;;;;;;
2022-01-06 19:00:00;444.4661177540594;;;;;;;
2022-01-06 20:00:00;328.5098724796777;;;;;;;
2022-01-06 21:00:00;263.3770275284625;;;;;;;
2022-01-06 22:00:00;210.3730483477551;;;;;;;
2022-01-06 23:00:00;321.704165120546;;;;;;;
2022-01-07 00:00:00;271.5698311719698;;;;;;;
2022-01-07 01:00:00;290.014798170673;;;;;;;
2022-01-07 02:00:00;280.8875299536653;;;;;;;
2022-01-07 03:00:00;302.7526593600083;;;;;;;
2022-01-07 04:00:00;358.7379672750106;;;;;;;
2022-01-07 05:00:00;316.5702203672012;;;;;;;
2022-01-07 06:00:00;301.9248312360436;;;;;;;
2022-01-07 07:00:00;261.2376011990968;;;;;;;
2022-01-07 08:00:00;231.5913447019365;;;;;;;
2022-01-07 09:00:00;286.7232096760104;;;;;;;
2022-01-07 10:00:00;306.7892064650762;;;;;;;
2022-01-07 11:00:00;391.3032719725686;;;;;;;
2022-01-07 12:00:00;315.3281014711412;;;;;;;
2022-01-07 13:00:00;354.8762098459099;;;;;;;
2022-01-07 14:00:00;286.1206763675127;;;;;;;
2022-01-07 15:00:00;254.3116421167286;;;;;;;
2022-01-07 16:00:00;264.5099989897573;;;;;;;
2022-01-07 17:00:00;275.6391637377559;;;;;;;
2022-01-07 18:00:00;408.0296689557833;;;;;;;
2022-01-07 19:00:00;271.1780181684849;;;;;;;
2022-01-07 20:00:00;348.1840560852271;;;;;;;
2022-01-07 21:00:00;267.3951384895739;;;;;;;
2022-01-07 22:00:00;352.5024604969607;;;;;;;
2022-01-07 23:00:00;327.1432161753364;;;;;;;
2022-01-08 00:00:00;302.0174745422319;;;;;;;
2022-01-08 01:00:00;307.3932398899241;;;;;;;
2022-01-08 02:00:00;278.9069862164601;;;;;;;
2022-01-08 03:00:00;329.9787921465371;;;;;;;
2022-01-08 04:00:00;288.1764328786974;;;;;;;
2022-01-08 05:00:00;252.4252243779898;;;;;;;
2022-01-08 06:00:00;249.9974131006433;;;;;;;
2022-01-08 07:00:00;317.2911319780624;;;;;;;
2022-01-08 08:00:00;382.5425465813429;;;;;;;
2022-01-08 09:00:00;316.7067560708988;;;;;;;
2022-01-08 10:00:00;303.7803752973425;;;;;;;
2022-01-08 11:00:00;322.5445529701154;;;;;;;
2022-01-08 12:00:00;369.8732007948252;;;;;;;
2022-01-08 13:00:00;319.462056635264;;;;;;;
2022-01-08 14:00:00;290.2203189636963;;;;;;;
2022-01-08 15:00:00;360.6079843739205;;;;;;;
2022-01-08 16:00:00;329.1754680441753;;;;;;;
2022-01-08 17:00:00;380.5321089041124;;;;;;;
2022-01-08 18:00:00;317.7850522119172;;;;;;;
2022-01-08 19:00:00;252.4779603879479;;;;;;;
2022-01-08 20:00:00;245.8117929941732;;;;;;;
2022-01-08 21:00:00;385.8752402115457;;;;;;;
2022-01-08 22:00:00;389.2497388476895;;;;;;;
2022-01-08 23:00:00;300.9559497157955;;;;;;;
2022-01-09 00:00:00;291.5072468357861;;;;;;;
2022-01-09 01:00:00;377.0845923592664;;;;;;;
2022-01-09 02:00:00;257.9255405415978;;;;;;;
2022-01-09 03:00:00;267.7755655874447;;;;;;;
2022-01-09 04:00:00;339.129955097741;;;;;;;
2022-01-09 05:00:00;290.9775447770484;;;;;;;
2022-01-09 06:00:00;309.0467044642884;;;;;;;
2022-01-09 07:00:00;301.7017725309415;;;;;;;
2022-01-09 08:00:00;324.9452987135865;;;;;;;
2022-01-09 09:00:00;374.5811322844405;;;;;;;
2022-01-09 10:00:00;313.4867951446016;;;;;;;
2022-01-09 11:00:00;339.1583473329327;;;;;;;
2022-01-09 12:00:00;214.1714083643827;;;;;;;
2022-01-09 13:00:00;307.0241457429488;;;;;;;
2022-01-09 14:00:00;270.1646361323189;;;;;;;
2022-01-09 15:00:00;252.740355874631;;;;;;;
2022-01-09 16:00:00;268.5445075882027;;;;;;;
2022-01-09 17:00:00;293.7834501808184;;;;;;;
2022-01-09 18:00:00;351.775465870864;;;;;;;
2022-01-09 19:00:00;247.7494506778133;;;;;;;
2022-01-09 20:00:00;310.7053974854265;;;;;;;
2022-01-09 21:00:00;286.8224192287184;;;;;;;
2022-01-09 22:00:00;294.0826988293738;;;;;;;
2022-01-09 23:00:00;355.8049124582067;;;;;;;
2022-01-10 00:00:00;334.2489215925606;;;;;;;
2022-01-10 01:00:00;371.329761345603;;;;;;;
2022-01-10 02:00:00;302.1163938007581;;;;;;;
2022-01-10 03:00:00;276.9977006650091;;;;;;;
2022-01-10 04:00:00;298.8989180841395;;;;;;;
2022-01-10 05:00:00;320.5343897556479;;;;;;;
2022-01-10 06:00:00;317.4760271279;;;;;;;
2022-01-10 07:00:00;258.9766870628839;;;;;;;
2022-01-10 08:00:00;313.4823820312347;;;;;;;
2022-01-10 09:00:00;319.8724380577842;;;;;;;
2022-01-10 10:00:00;426.0766088358776;;;;;;;
2022-01-10 11:00:00;396.3561132283583;;;;;;;
2022-01-10 12:00:00;269.7001028220043;;;;;;;
2022-01-10 13:00:00;295.9518462303847;;;;;;;
2022-01-10 14:00:00;241.3913714527297;;;;;;;
2022-01-10 15:00:00;281.8798587290074;;;;;;;
2022-01-10 16:00:00;323.9260733313074;;;;;;;
2022-01-10 17:00:00;365.2270642564167;;;;;;;
2022-01-10 18:00:00;275.4601914224353;;;;;;;
2022-01-10 19:00:00;278.9367357508658;;;;;;;
2022-01-10 20:00:00;209.6658968552463;;;;;;;
2022-01-10 21:00:00;301.7378185970192;;;;;;;
2022-01-10 22:00:00;259.996103358575;;;;;;;
2022-01-10 23:00:00;284.7222243209287;;;;;;;
2022-01-11 00:00:00;268.6044278112362;;;;;;;
2022-01-11 01:00:00;304.9112319060588;;;;;;;
2022-01-11 02:00:00;227.7386465096409;;;;;;;
2022-01-11 03:00:00;241.224207442101;;;;;;;
2022-01-11 04:00:00;408.0657336537761;;;;;;;
2022-01-11 05:00:00;249.5573785097019;;;;;;;
2022-01-11 06:00:00;258.4015339180322;;;;;;;
2022-01-11 07:00:00;394.5036045437831;;;;;;;
2022-01-11 08:00:00;444.0580806452157;;;;;;;
2022-01-11 09:00:00;254.9322429551269;;;;;;;
2022-01-11 10:00:00;292.2002771178703;;;;;;;
2022-01-11 11:00:00;325.1299879454789;;;;;;;
2022-01-11 12:00:00;389.4831831101372;;;;;;;
2022-01-11 13:00:00;263.5014081484261;;;;;;;
2022-01-11 14:00:00;297.9052326038034;;;;;;;
2022-01-11 15:00:00;345.347070134819;;;;;;;
2022-01-11 16:00:00;329.4542709732484;;;;;;;
2022-01-11 17:00:00;291.8334451391733;;;;;;;
2022-01-11 18:00:00;303.075919709512;;;;;;;
2022-01-11 19:00:00;245.499263856915;;;;;;;
2022-01-11 20:00:00;298.2348107072539;;;;;;;
2022-01-11 21:00:00;296.925900312692;;;;;;;
2022-01-11 22:00:00;320.0552974404946;;;;;;;
2022-01-11 23:00:00;283.5212211190205;;;;;;;
2022-01-12 00:00:00;331.1602422209149;;;;;;;
2022-01-12 01:00:00;356.266890101881;;;;;;;
2022-01-12 02:00:00;316.4950995458587;;;;;;;
2022-01-12 03:00:00;325.6032327370391;;;;;;;
2022-01-12 04:00:00;311.750338766092;;;;;;;
2022-01-12 05:00:00;309.2882366442322;;;;;;;
2022-01-12 06:00:00;275.809333409247;;;;;;;
2022-01-12 07:00:00;323.9673283687218;;;;;;;
2022-01-12 08:00:00;304.7709384891178;;;;;;;
2022-01-12 09:00:00;406.39194243369;;;;;;;
2022-01-12 10:00:00;382.2764219311978;;;;;;;
2022-01-12 11:00:00;327.1847648024858;;;;;;;
2022-01-12 12:00:00;273.8840767288691;;;;;;;
2022-01-12 13:00:00;257.6766073365255;;;;;;;
2022-01-12 14:00:00;364.5445974202107;;;;;;;
2022-01-12 15:00:00;321.4739537959262;;;;;;;
2022-01-12 16:00:00;331.5594454309468;;;;;;;
2022-01-12 17:00:00;228.3483574528387;;;;;;;
2022-01-12 18:00:00;352.3106486400857;;;;;;;
2022-01-12 19:00:00;330.3660843171985;;;;;;;
2022-01-12 20:00:00;257.7685013173976;;;;;;;
2022-01-12 21:00:00;287.4090369091325;;;;;;;
2022-01-12 22:00:00;321.5188609148653;;;;;;;
2022-01-12 23:00:00;311.7183951442753;;;;;;;
2022-01-13 00:00:00;295.7297263840419;;;;;;;
2022-01-13 01:00:00;304.4832266105926;;;;;;;
2022-01-13 02:00:00;297.5944235602468;;;;;;;
2022-01-13 03:00:00;316.3621003798116;;;;;;;
2022-01-13 04:00:00;377.5507308777098;;;;;;;
2022-01-13 05:00:00;190.2102392901641;;;;;;;
2022-01-13 06:00:00;298.2962104244909;;;;;;;
2022-01-13 07:00:00;317.4732000953258;;;;;;;
2022-01-13 08:00:00;323.0162664621787;;;;;;;
2022-01-13 09:00:00;292.030219088415;;;;;;;
2022-01-13 10:00:00;227.785345761209;;;;;;;
2022-01-13 11:00:00;324.5009005168893;;;;;;;
2022-01-13 12:00:00;389.420672252955;;;;;;;
2022-01-13 13:00:00;238.1244288582548;;;;;;;
2022-01-13 14:00:00;349.3595905819429;;;;;;;
2022-01-13 15:00:00;294.043166319535;;;;;;;
2022-01-13 16:00:00;306.4393226222523;;;;;;;
2022-01-13 17:00:00;260.4375712133245;;;;;;;
2022-01-13 18:00:00;293.7680138781955;;;;;;;
2022-01-13 19:00:00;369.5968329693314;;;;;;;
2022-01-13 20:00:00;336.3152410966837;;;;;;;
2022-01-13 21:00:00;389.6508443316704;;;;;;;
2022-01-13 22:00:00;363.9075769933003;;;;;;;
2022-01-13 23:00:00;329.6547152561693;;;;;;;
2022-01-14 00:00:00;390.190062405606;;;;;;;
2022-01-14 01:00:00;329.6503766068345;;;;;;;
2022-01-14 02:00:00;347.6968856365494;;;;;;;
2022-01-14 03:00:00;295.5256095074682;;;;;;;
2022-01-14 04:00:00;312.3715580504859;;;;;;;
2022-01-14 05:00:00;276.9289833349482;;;;;;;
2022-01-14 06:00:00;355.1937407809024;;;;;;;
2022-01-14 07:00:00;254.6196959490348;;;;;;;
2022-01-14 08:00:00;345.579625640947;;;;;;;
2022-01-14 09:00:00;300.4395139828076;;;;;;;
2022-01-14 10:00:00;363.6215758038775;;;;;;;
2022-01-14 11:00:00;344.11912227408;;;;;;;
2022-01-14 12:00:00;393.7489181387172;;;;;;;
2022-01-14 13:00:00;343.1868945947627;;;;;;;
2022-01-14 14:00:00;236.3532108668018;;;;;;;
2022-01-14 15:00:00;306.1781864281676;;;;;;;
2022-01-14 16:00:00;254.911804035154;;;;;;;
2022-01-14 17:00:00;285.2399470220362;;;;;;;
2022-01-14 18:00:00;379.3942105009063;;;;;;;
2022-01-14 19:00:00;338.8612032386008;;;;;;;
2022-01-14 20:00:00;276.8590879262671;;;;;;;
2022-01-14 21:00:00;262.255288255757;;;;;;;
2022-01-14 22:00:00;310.8051695277505;;;;;;;
2022-01-14 23:00:00;252.8448743840827;;;;;;;
2022-01-15 00:00:00;278.1483466338692;;;;;;;
2022-01-15 01:00:00;323.7592670782762;;;;;;;
2022-01-15 02:00:00;362.8823062934797;;;;;;;
2022-01-15 03:00:00;337.5263782522446;;;;;;;
2022-01-15 04:00:00;202.9853332969035;;;;;;;
2022-01-15 05:00:00;323.4047000131117;;;;;;;
2022-01-15 06:00:00;312.6261496477914;;;;;;;
2022-01-15 07:00:00;328.4857878336288;;;;;;;
2022-01-15 08:00:00;384.2645686257878;;;;;;;
2022-01-15 09:00:00;213.565233868213;;;;;;;
2022-01-15 10:00:00;281.8614681623765;;;;;;;
2022-01-15 11:00:00;336.6980305858837;;;;;;;
2022-01-15 12:00:00;235.9099688344719;;;;;;;
2022-01-15 13:00:00;377.7575063930472;;;;;;;
2022-01-15 14:00:00;326.3733601754735;;;;;;;
2022-01-15 15:00:00;348.5595944638872;;;;;;;
2022-01-15 16:00:00;282.7967329863598;;;;;;;
2022-01-15 17:00:00;347.0369740229842;;;;;;;
2022-01-15 18:00:00;358.853546448665;;;;;;;
2022-01-15 19:00:00;320.0881494901768;;;;;;;
2022-01-15 20:00:00;320.1587995811982;;;;;;;
2022-01-15 21:00:00;321.8262602222026;;;;;;;
2022-01-15 22:00:00;269.2314482711397;;;;;;;
2022-01-15 23:00:00;302.4400752613959;;;;;;;
2022-01-16 00:00:00;302.2083972324927;;;;;;;
2022-01-16 01:00:00;327.0709781015057;;;;;;;
2022-01-16 02:00:00;355.6688159877519;;;;;;;
2022-01-16 03:00:00;260.1760293524084;;;;;;;
2022-01-16 04:00:00;303.484821458068;;;;;;;
2022-01-16 05:00:00;378.0129674921328;;;;;;;
2022-01-16 06:00:00;274.7872943100181;;;;;;;
2022-01-16 07:00:00;271.1379656293024;;;;;;;
2022-01-16 08:00:00;318.6698414143255;;;;;;;
2022-01-16 09:00:00;348.4575865243455;;;;;;;
2022-01-16 10:00:00;309.8144064013273;;;;;;;
2022-01-16 11:00:00;370.9383225873572;;;;;;;
2022-01-16 12:00:00;349.0332632501269;;;;;;;
2022-01-16 13:00:00;348.3385836477657;;;;;;;
2022-01-16 14:00:00;334.9912533406123;;;;;;;
2022-01-16 15:00:00;417.2703128733115;;;;;;;
2022-01-16 16:00:00;299.7663273667222;;;;;;;
2022-01-16 17:00:00;216.3356165409134;;;;;;;
2022-01-16 18:00:00;383.7099296645249;;;;;;;
2022-01-16 19:00:00;288.0504327372012;;;;;;;
2022-01-16 20:00:00;314.2891809287837;;;;;;;
2022-01-16 21:00:00;370.0378456660856;;;;;;;
2022-01-16 22:00:00;234.9512581897039;;;;;;;
2022-01-16 23:00:00;251.2170925334409;;;;;;;
2022-01-17 00:00:00;234.9967973959809;;;;;;;
2022-01-17 01:00:00;272.4422358882811;;;;;;;
2022-01-17 02:00:00;329.6802278300791;;;;;;;
2022-01-17 03:00:00;333.602783614786;;;;;;;
2022-01-17 04:00:00;322.1014122373722;;;;;;;
2022-01-17 05:00:00;243.7423707653755;;;;;;;
2022-01-17 06:00:00;202.1125053520775;;;;;;;
2022-01-17 07:00:00;311.8059281914045;;;;;;;
2022-01-17 08:00:00;287.3973818609526;;;;;;;
2022-01-17 09:00:00;330.5964439268972;;;;;;;
2022-01-17 10:00:00;341.8498090689043;;;;;;;
2022-01-17 11:00:00;315.6977075512988;;;;;;;
2022-01-17 12:00:00;344.5489082507312;;;;;;;
2022-01-17 13:00:00;319.918044071149;;;;;;;
2022-01-17 14:00:00;333.8754268427427;;;;;;;
2022-01-17 15:00:00;276.5926626352483;;;;;;;
2022-01-17 16:00:00;300.9516722881672;;;;;;;
2022-01-17 17:00:00;318.4132856543184;;;;;;;
2022-01-17 18:00:00;347.3508103346638;;;;;;;
2022-01-17 19:00:00;291.0176257349328;;;;;;;
2022-01-17 20:00:00;333.4626505809539;;;;;;;
2022-01-17 21:00:00;296.9513558703229;;;;;;;
2022-01-17 22:00:00;303.8312290060908;;;;;;;
2022-01-17 23:00:00;347.7679065284889;;;;;;;
2022-01-18 00:00:00;216.8209727620801;;;;;;;
2022-01-18 01:00:00;249.1375367899518;;;;;;;
2022-01-18 02:00:00;240.5218156940573;;;;;;;
2022-01-18 03:00:00;201.0216897110912;;;;;;;
2022-01-18 04:00:00;277.8178378571919;;;;;;;
2022-01-18 05:00:00;344.0525446947843;;;;;;;
2022-01-18 06:00:00;296.0677951518313;;;;;;;
2022-01-18 07:00:00;318.4603271169345;;;;;;;
2022-01-18 08:00:00;359.8160055784334;;;;;;;
2022-01-18 09:00:00;370.8791970978458;;;;;;;
2022-01-18 10:00:00;306.0768295412531;;;;;;;
2022-01-18 11:00:00;372.0807554271663;;;;;;;
2022-01-18 12:00:00;313.5583210810756;;;;;;;
2022-01-18 13:00:00;270.435200212355;;;;;;;
2022-01-18 14:00:00;281.7085149875249;;;;;;;
2022-01-18 15:00:00;240.5983118301383;;;;;;;
2022-01-18 16:00:00;268.0814399822124;;;;;;;
2022-01-18 17:00:00;292.6749791607293;;;;;;;
2022-01-18 18:00:00;346.5647585391292;;;;;;;
2022-01-18 19:00:00;389.1153908594075;;;;;;;
2022-01-18 20:00:00;245.1612606147478;;;;;;;
2022-01-18 21:00:00;327.5086279689246;;;;;;;
2022-01-18 22:00:00;261.0107325049094;;;;;;;
2022-01-18 23:00:00;331.3067764584117;;;;;;;
2022-01-19 00:00:00;303.2028645543515;;;;;;;
2022-01-19 01:00:00;224.3437515341173;;;;;;;
2022-01-19 02:00:00;352.3504771929818;;;;;;;
2022-01-19 03:00:00;281.2167361868061;;;;;;;
2022-01-19 04:00:00;284.5152754851105;;;;;;;
2022-01-19 05:00:00;259.6556741324201;;;;;;;
2022-01-19 06:00:00;278.9303875377025;;;;;;;
2022-01-19 07:00:00;329.1352921144311;;;;;;;
2022-01-19 08:00:00;300.5047752897183;;;;;;;
2022-01-19 09:00:00;324.5318220783597;;;;;;;
2022-01-19 10:00:00;326.0748346754321;;;;;;;
2022-01-19 11:00:00;370.5533130195831;;;;;;;
2022-01-19 12:00:00;293.3815641156221;;;;;;;
2022-01-19 13:00:00;240.7689762665286;;;;;;;
2022-01-19 14:00:00;358.7955955631196;;;;;;;
2022-01-19 15:00:00;293.9057072700921;;;;;;;
2022-01-19 16:00:00;360.993216608251;;;;;;;
2022-01-19 17:00:00;327.0702009703211;;;;;;;
2022-01-19 18:00:00;303.2005041188822;;;;;;;
2022-01-19 19:00:00;325.4649587831685;;;;;;;
2022-01-19 20:00:00;399.7969607878451;;;;;;;
2022-01-19 21:00:00;405.6409484565015;;;;;;;
2022-01-19 22:00:00;312.5030960201186;;;;;;;
2022-01-19 23:00:00;316.715987268147;;;;;;;
2022-01-20 00:00:00;359.2139524441167;;;;;;;
2022-01-20 01:00:00;270.0518666239493;;;;;;;
2022-01-20 02:00:00;324.7363380525434;;;;;;;
2022-01-20 03:00:00;308.0844754183007;;;;;;;
2022-01-20 04:00:00;323.8473546507991;;;;;;;
2022-01-20 05:00:00;270.622135578478;;;;;;;
2022-01-20 06:00:00;235.5400758960802;;;;;;;
2022-01-20 07:00:00;213.1131301262841;;;;;;;
2022-01-20 08:00:00;257.4459133516319;;;;;;;
2022-01-20 09:00:00;288.0051602866827;;;;;;;
2022-01-20 10:00:00;295.6823872865932;;;;;;;
2022-01-20 11:00:00;399.1576052526041;;;;;;;
2022-01-20 12:00:00;360.5942827621179;;;;;;;
2022-01-20 13:00:00;264.6503667151861;;;;;;;
2022-01-20 14:00:00;325.4154373407472;;;;;;;
2022-01-20 15:00:00;290.3988840107421;;;;;;;
2022-01-20 16:00:00;296.0919299223148;;;;;;;
2022-01-20 17:00:00;317.8820690835495;;;;;;;
2022-01-20 18:00:00;338.009309239206;;;;;;;
2022-01-20 19:00:00;293.5452219288575;;;;;;;
2022-01-20 20:00:00;358.6392113350711;;;;;;;
2022-01-20 21:00:00;256.3067830179328;;;;;;;
2022-01-20 22:00:00;309.5784073154085;;;;;;;
2022-01-20 23:00:00;429.7972847973818;;;;;;;
2022-01-21 00:00:00;319.6335814484665;;;;;;;
2022-01-21 01:00:00;375.7749378451035;;;;;;;
2022-01-21 02:00:00;313.530184855683;;;;;;;
2022-01-21 03:00:00;336.2281088994894;;;;;;;
2022-01-21 04:00:00;306.6499986633154;;;;;;;
2022-01-21 05:00:00;301.3786624593176;;;;;;;
2022-01-21 06:00:00;273.1220688051105;;;;;;;
2022-01-21 07:00:00;329.2471409972617;;;;;;;
2022-01-21 08:00:00;269.7792561663803;;;;;;;
2022-01-21 09:00:00;340.1625831498081;;;;;;;
2022-01-21 10:00:00;359.6336596334817;;;;;;;
2022-01-21 11:00:00;326.2886840604908;;;;;;;
2022-01-21 12:00:00;296.0044846277399;;;;;;;
2022-01-21 13:00:00;330.3449868472658;;;;;;;
2022-01-21 14:00:00;294.9641609461918;;;;;;;
2022-01-21 15:00:00;352.6868301043526;;;;;;;
2022-01-21 16:00:00;224.3205432236536;;;;;;;
2022-01-21 17:00:00;293.7146068581481;;;;;;;
2022-01-21 18:00:00;216.9252808756603;;;;;;;
2022-01-21 19:00:00;239.9244902702911;;;;;;;
2022-01-21 20:00:00;372.557502065055;;;;;;;
2022-01-21 21:00:00;350.814323380106;;;;;;;
2022-01-21 22:00:00;275.9057280656776;;;;;;;
2022-01-21 23:00:00;239.5792071491297;;;;;;;
2022-01-22 00:00:00;171.7519779316232;;;;;;;
2022-01-22 01:00:00;284.0701255199397;;;;;;;
2022-01-22 02:00:00;421.5737836197874;;;;;;;
2022-01-22 03:00:00;329.4597544449515;;;;;;;
2022-01-22 04:00:00;283.3242812083533;;;;;;;
2022-01-22 05:00:00;330.8606239757715;;;;;;;
2022-01-22 06:00:00;236.8673296783908;;;;;;;
2022-01-22 07:00:00;295.4907032538596;;;;;;;
2022-01-22 08:00:00;313.8993448360459;;;;;;;
2022-01-22 09:00:00;305.2898841743191;;;;;;;
2022-01-22 10:00:00;345.9719116341058;;;;;;;
2022-01-22 11:00:00;325.2733261645599;;;;;;;
2022-01-22 12:00:00;340.2897352754343;;;;;;;
2022-01-22 13:00:00;277.3489082955789;;;;;;;
2022-01-22 14:00:00;350.9363558285364;;;;;;;
2022-01-22 15:00:00;384.8550201987864;;;;;;;
2022-01-22 16:00:00;264.2765160452705;;;;;;;
2022-01-22 17:00:00;268.1017691487601;;;;;;;
2022-01-22 18:00:00;371.2548942296188;;;;;;;
2022-01-22 19:00:00;300.4073671626635;;;;;;;
2022-01-22 20:00:00;374.4113134223596;;;;;;;
2022-01-22 21:00:00;288.7539178213797;;;;;;;
2022-01-22 22:00:00;376.7877389801811;;;;;;;
2022-01-22 23:00:00;315.384296669388;;;;;;;
2022-01-23 00:00:00;321.2642403842999;;;;;;;
2022-01-23 01:00:00;381.8757341583313;;;;;;;
2022-01-23 02:00:00;292.5008309310302;;;;;;;
2022-01-23 03:00:00;265.6231751027643;;;;;;;
2022-01-23 04:00:00;288.4742399208762;;;;;;;
2022-01-23 05:00:00;330.269291272569;;;;;;;
2022-01-23 06:00:00;236.6446116020182;;;;;;;
2022-01-23 07:00:00;338.8582847584477;;;;;;;
2022-01-23 08:00:00;284.2892932193134;;;;;;;
2022-01-23 09:00:00;362.5343904099708;;;;;;;
2022-01-23 10:00:00;198.2082453677544;;;;;;;
2022-01-23 11:00:00;272.79345212382;;;;;;;
2022-01-23 12:00:00;231.0445977612752;;;;;;;
2022-01-23 13:00:00;270.9533484483447;;;;;;;
2022-01-23 14:00:00;320.7741984499277;;;;;;;
2022-01-23 15:00:00;300.9695236401963;;;;;;;
2022-01-23 16:00:00;297.5294650037613;;;;;;;
2022-01-23 17:00:00;301.8993136863388;;;;;;;
2022-01-23 18:00:00;318.7200405231321;;;;;;;
2022-01-23 19:00:00;262.4956636204412;;;;;;;
2022-01-23 20:00:00;342.0769481555001;;;;;;;
2022-01-23 21:00:00;340.0271506725705;;;;;;;
2022-01-23 22:00:00;327.1472510158711;;;;;;;
2022-01-23 23:00:00;335.1033816539963;;;;;;;
2022-01-24 00:00:00;323.03593746098;;;;;;;
2022-01-24 01:00:00;403.6967612480977;;;;;;;
2022-01-24 02:00:00;305.2437921861202;;;;;;;
2022-01-24 03:00:00;295.0379177046777;;;;;;;
2022-01-24 04:00:00;274.3261814703264;;;;;;;
2022-01-24 05:00:00;261.3949224848911;;;;;;;
2022-01-24 06:00:00;251.5499795710742;;;;;;;
2022-01-24 07:00:00;268.0506603391516;;;;;;;
2022-01-24 08:00:00;306.0052713436299;;;;;;;
2022-01-24 09:00:00;324.7931577212069;;;;;;;
2022-01-24 10:00:00;311.6569369565697;;;;;;;
2022-01-24 11:00:00;273.7691126041919;;;;;;;
2022-01-24 12:00:00;351.0462672312877;;;;;;;
2022-01-24 13:00:00;343.5876334161028;;;;;;;
2022-01-24 14:00:00;301.8778136610748;;;;;;;
2022-01-24 15:00:00;278.9938124127001;;;;;;;
2022-01-24 16:00:00;334.7273450269047;;;;;;;
2022-01-24 17:00:00;318.0049139429564;;;;;;;
2022-01-24 18:00:00;242.1018629103963;;;;;;;
2022-01-24 19:00:00;306.130537323863;;;;;;;
2022-01-24 20:00:00;321.4408566742106;;;;;;;
2022-01-24 21:00:00;267.5450976959281;;;;;;;
2022-01-24 22:00:00;318.0916591648493;;;;;;;
2022-01-24 23:00:00;241.7912536531621;;;;;;;
2022-01-25 00:00:00;371.273533111244;;;;;;;
2022-01-25 01:00:00;367.1800260704904;;;;;;;
2022-01-25 02:00:00;297.5693735670304;;;;;;;
2022-01-25 03:00:00;326.1459306623727;;;;;;;
2022-01-25 04:00:00;197.4816594432048;;;;;;;
2022-01-25 05:00:00;255.6382912097081;;;;;;;
2022-01-25 06:00:00;295.6551393299873;;;;;;;
2022-01-25 07:00:00;259.5452313237923;;;;;;;
2022-01-25 08:00:00;342.4270661290798;;;;;;;
2022-01-25 09:00:00;401.9441967548346;;;;;;;
2022-01-25 10:00:00;254.6980486635861;;;;;;;
2022-01-25 11:00:00;270.4321763275877;;;;;;;
2022-01-25 12:00:00;320.2073947487427;;;;;;;
2022-01-25 13:00:00;384.0282661341209;;;;;;;
2022-01-25 14:00:00;252.5751399580001;;;;;;;
2022-01-25 15:00:00;320.8377666399415;;;;;;;
2022-01-25 16:00:00;393.7791983031732;;;;;;;
2022-01-25 17:00:00;232.6548403298493;;;;;;;
2022-01-25 18:00:00;249.8521283745198;;;;;;;
2022-01-25 19:00:00;289.6320891506577;;;;;;;
2022-01-25 20:00:00;285.132846323457;;;;;;;
2022-01-25 21:00:00;346.9830471060537;;;;;;;
2022-01-25 22:00:00;320.4955557943204;;;;;;;
2022-01-25 23:00:00;226.9391309994388;;;;;;;
2022-01-26 00:00:00;333.1955749327328;;;;;;;
2022-01-26 01:00:00;282.4907629943593;;;;;;;
2022-01-26 02:00:00;368.4093028278222;;;;;;;
2022-01-26 03:00:00;280.1688736239568;;;;;;;
2022-01-26 04:00:00;279.7500525487496;;;;;;;
2022-01-26 05:00:00;334.3888498826437;;;;;;;
2022-01-26 06:00:00;344.6785013332682;;;;;;;
2022-01-26 07:00:00;330.0728375811435;;;;;;;
2022-01-26 08:00:00;231.0849980496981;;;;;;;
2022-01-26 09:00:00;334.2451639237225;;;;;;;
2022-01-26 10:00:00;261.3000318392152;;;;;;;
2022-01-26 11:00:00;320.199403303252;;;;;;;
2022-01-26 12:00:00;243.2335106139107;;;;;;;
2022-01-26 13:00:00;329.9903878062167;;;;;;;
2022-01-26 14:00:00;271.8640622080745;;;;;;;
2022-01-26 15:00:00;249.7795033088835;;;;;;;
2022-01-26 16:00:00;342.4003279049742;;;;;;;
2022-01-26 17:00:00;320.4948507121683;;;;;;;
2022-01-26 18:00:00;280.8003116667851;;;;;;;
2022-01-26 19:00:00;376.6083512631495;;;;;;;
2022-01-26 20:00:00;288.8412886467931;;;;;;;
2022-01-26 21:00:00;310.773881448727;;;;;;;
2022-01-26 22:00:00;321.7599284033398;;;;;;;
2022-01-26 23:00:00;280.5363777331356;;;;;;;
2022-01-27 00:00:00;331.1415817456798;;;;;;;
2022-01-27 01:00:00;284.5360543443998;;;;;;;
2022-01-27 02:00:00;290.1873295513414;;;;;;;
2022-01-27 03:00:00;372.5009220547297;;;;;;;
2022-01-27 04:00:00;261.0087787548505;;;;;;;
2022-01-27 05:00:00;197.3490523152799;;;;;;;
2022-01-27 06:00:00;384.0199547293886;;;;;;;
2022-01-27 07:00:00;427.5543963120949;;;;;;;
2022-01-27 08:00:00;290.4828069613808;;;;;;;
2022-01-27 09:00:00;219.4292755596625;;;;;;;
2022-01-27 10:00:00;294.8801475415551;;;;;;;
2022-01-27 11:00:00;296.0056808025607;;;;;;;
2022-01-27 12:00:00;300.4732514812742;;;;;;;
2022-01-27 13:00:00;257.6313016709158;;;;;;;
2022-01-27 14:00:00;336.1716976265208;;;;;;;
2022-01-27 15:00:00;333.6176075724134;;;;;;;
2022-01-27 16:00:00;239.9548872162508;;;;;;;
2022-01-27 17:00:00;341.7219094309794;;;;;;;
2022-01-27 18:00:00;404.513813686365;;;;;;;
2022-01-27 19:00:00;317.2620166347085;;;;;;;
2022-01-27 20:00:00;293.6349138477285;;;;;;;
2022-01-27 21:00:00;302.6964162539958;;;;;;;
2022-01-27 22:00:00;337.8277121763534;;;;;;;
2022-01-27 23:00:00;228.9938824573484;;;;;;;
2022-01-28 00:00:00;316.9108414780733;;;;;;;
2022-01-28 01:00:00;291.1696647776374;;;;;;;
2022-01-28 02:00:00;395.0098172119323;;;;;;;
2022-01-28 03:00:00;301.203987057384;;;;;;;
2022-01-28 04:00:00;386.662044628028;;;;;;;
2022-01-28 05:00:00;258.0788675137928;;;;;;;
2022-01-28 06:00:00;336.5288293610327;;;;;;;
2022-01-28 07:00:00;324.102145502687;;;;;;;
2022-01-28 08:00:00;268.966918173882;;;;;;;
2022-01-28 09:00:00;317.5141969660743;;;;;;;
2022-01-28 10:00:00;365.5362812749462;;;;;;;
2022-01-28 11:00:00;294.2627667937205;;;;;;;
2022-01-28 12:00:00;230.7896934514347;;;;;;;
2022-01-28 13:00:00;308.4695353948226;;;;;;;
2022-01-28 14:00:00;267.4185242485268;;;;;;;
2022-01-28 15:00:00;293.4022186886202;;;;;;;
2022-01-28 16:00:00;305.4992487276814;;;;;;;
2022-01-28 17:00:00;230.1545981925605;;;;;;;
2022-01-28 18:00:00;234.3296524554589;;;;;;;
2022-01-28 19:00:00;331.6486785412986;;;;;;;
2022-01-28 20:00:00;285.0340168390624;;;;;;;
2022-01-28 21:00:00;190.2990394168545;;;;;;;
2022-01-28 22:00:00;345.6953147182784;;;;;;;
2022-01-28 23:00:00;321.9202756657429;;;;;;;
2022-01-29 00:00:00;276.1657778450286;;;;;;;
2022-01-29 01:00:00;248.1930806863218;;;;;;;
2022-01-29 02:00:00;348.0596631332449;;;;;;;
2022-01-29 03:00:00;325.4916219609432;;;;;;;
2022-01-29 04:00:00;419.8195509591529;;;;;;;
2022-01-29 05:00:00;328.7779832693196;;;;;;;
2022-01-29 06:00:00;327.2708968691784;;;;;;;
2022-01-29 07:00:00;301.5400926866487;;;;;;;
2022-01-29 08:00:00;347.1767169017857;;;;;;;
2022-01-29 09:00:00;338.2836792703789;;;;;;;
2022-01-29 10:00:00;367.3551594079921;;;;;;;
2022-01-29 11:00:00;285.0987706551076;;;;;;;
2022-01-29 12:00:00;289.0846157032884;;;;;;;
2022-01-29 13:00:00;287.0574565590023;;;;;;;
2022-01-29 14:00:00;345.9717074827427;;;;;;;
2022-01-29 15:00:00;378.7978797264432;;;;;;;
2022-01-29 16:00:00;287.9974958403156;;;;;;;
2022-01-29 17:00:00;289.5779433012677;;;;;;;
2022-01-29 18:00:00;323.8551955841842;;;;;;;
2022-01-29 19:00:00;297.88279461064;;;;;;;
2022-01-29 20:00:00;353.4526116359979;;;;;;;
2022-01-29 21:00:00;204.8184097257521;;;;;;;
2022-01-29 22:00:00;270.9312850070548;;;;;;;
2022-01-29 23:00:00;272.9859556870382;;;;;;;
2022-01-30 00:00:00;201.6368612118602;;;;;;;
2022-01-30 01:00:00;264.57858207035;;;;;;;
2022-01-30 02:00:00;266.827805682097;;;;;;;
2022-01-30 03:00:00;299.9545439339838;;;;;;;
2022-01-30 04:00:00;360.9177565109662;;;;;;;
2022-01-30 05:00:00;297.9153088434993;;;;;;;
2022-01-30 06:00:00;261.4621431267483;;;;;;;
2022-01-30 07:00:00;306.6420494305338;;;;;;;
2022-01-30 08:00:00;357.9582641599415;;;;;;;
2022-01-30 09:00:00;264.0070073980701;;;;;;;
2022-01-30 10:00:00;267.0403411631551;;;;;;;
2022-01-30 11:00:00;335.196886803015;;;;;;;
2022-01-30 12:00:00;299.0066743414832;;;;;;;
2022-01-30 13:00:00;339.3228509051263;;;;;;;
2022-01-30 14:00:00;308.6512106142246;;;;;;;
2022-01-30 15:00:00;341.8363562154506;;;;;;;
2022-01-30 16:00:00;261.2643066067555;;;;;;;
2022-01-30 17:00:00;308.723682472424;;;;;;;
2022-01-30 18:00:00;299.5098537067234;;;;;;;
2022-01-30 19:00:00;252.8759215169342;;;;;;;
2022-01-30 20:00:00;236.7504389997487;;;;;;;
2022-01-30 21:00:00;341.0980351816701;;;;;;;
2022-01-30 22:00:00;293.0027110172022;;;;;;;
2022-01-30 23:00:00;261.8580319428773;;;;;;;
2022-01-31 00:00:00;304.8223258389706;;;;;;;
2022-01-31 01:00:00;361.616103452752;;;;;;;
2022-01-31 02:00:00;203.4748528970259;;;;;;;
2022-01-31 03:00:00;239.8512891814061;;;;;;;
2022-01-31 04:00:00;266.4691753851121;;;;;;;
2022-01-31 05:00:00;377.0722785664032;;;;;;;
2022-01-31 06:00:00;322.3942799136002;;;;;;;
2022-01-31 07:00:00;344.8822002303202;;;;;;;
2022-01-31 08:00:00;256.389236997102;;;;;;;
2022-01-31 09:00:00;257.3460874010936;;;;;;;
2022-01-31 10:00:00;330.0595856504546;;;;;;;
2022-01-31 11:00:00;311.9878219602124;;;;;;;
2022-01-31 12:00:00;334.7417684100416;;;;;;;
2022-01-31 13:00:00;300.5777671631545;;;;;;;
2022-01-31 14:00:00;322.1881454795111;;;;;;;
2022-01-31 15:00:00;316.6198845071188;;;;;;;
2022-01-31 16:00:00;345.3670102992012;;;;;;;
2022-01-31 17:00:00;346.723572755091;;;;;;;
2022-01-31 18:00:00;234.1341698380515;;;;;;;
2022-01-31 19:00:00;205.0275818954024;;;;;;;
2022-01-31 20:00:00;355.7579432582546;;;;;;;
2022-01-31 21:00:00;364.386033851616;;;;;;;
2022-01-31 22:00:00;261.9349167220577;;;;;;;
2022-01-31 23:00:00;223.0016316738182;;;;;;;
2022-02-01 00:00:00;313.8788090371327;;;;;;;
2022-02-01 01:00:00;352.4683718042538;;;;;;;
2022-02-01 02:00:00;392.6794917355518;;;;;;;
2022-02-01 03:00:00;333.2367330613642;;;;;;;
2022-02-01 04:00:00;292.0393994853403;;;;;;;
2022-02-01 05:00:00;267.8496266890853;;;;;;;
2022-02-01 06:00:00;309.8155771713006;;;;;;;
2022-02-01 07:00:00;295.4006392950794;;;;;;;
2022-02-01 08:00:00;262.1926331616505;;;;;;;
2022-02-01 09:00:00;404.3315216117343;;;;;;;
2022-02-01 10:00:00;392.1030111049268;;;;;;;
2022-02-01 11:00:00;361.9886283551506;;;;;;;
2022-02-01 12:00:00;266.5636328621481;;;;;;;
2022-02-01 13:00:00;348.950932153342;;;;;;;
2022-02-01 14:00:00;338.9582844293128;;;;;;;
2022-02-01 15:00:00;329.8151848874789;;;;;;;
2022-02-01 16:00:00;367.2596025441777;;;;;;;
2022-02-01 17:00:00;338.760871341184;;;;;;;
2022-02-01 18:00:00;343.61554156329;;;;;;;
2022-02-01 19:00:00;338.8320905748665;;;;;;;
2022-02-01 20:00:00;325.0945373309526;;;;;;;
2022-02-01 21:00:00;226.5378777342095;;;;;;;
2022-02-01 22:00:00;313.1637246527961;;;;;;;
2022-02-01 23:00:00;283.4811035390073;;;;;;;
2022-02-02 00:00:00;249.9091101078439;;;;;;;
2022-02-02 01:00:00;387.3082482045501;;;;;;;
2022-02-02 02:00:00;389.4969940382135;;;;;;;
2022-02-02 03:00:00;372.342164579674;;;;;;;
2022-02-02 04:00:00;321.1243476928631;;;;;;;
2022-02-02 05:00:00;371.9433975302874;;;;;;;
2022-02-02 06:00:00;309.8435003927482;;;;;;;
2022-02-02 07:00:00;318.6926241510627;;;;;;;
2022-02-02 08:00:00;258.5552888035429;;;;;;;
2022-02-02 09:00:00;327.7017993587767;;;;;;;
2022-02-02 10:00:00;312.0857845596873;;;;;;;
2022-02-02 11:00:00;248.8508400239874;;;;;;;
2022-02-02 12:00:00;306.9091518271613;;;;;;;
2022-02-02 13:00:00;305.5854558169831;;;;;;;
2022-02-02 14:00:00;392.6779442721355;;;;;;;
2022-02-02 15:00:00;350.7692458030305;;;;;;;
2022-02-02 16:00:00;309.8153056546532;;;;;;;
2022-02-02 17:00:00;320.826223568886;;;;;;;
2022-02-02 18:00:00;311.3354507293134;;;;;;;
2022-02-02 19:00:00;299.8706043109535;;;;;;;
2022-02-02 20:00:00;259.067657239763;;;;;;;
2022-02-02 21:00:00;302.2766248053806;;;;;;;
2022-02-02 22:00:00;274.6708474714325;;;;;;;
2022-02-02 23:00:00;251.2788724717405;;;;;;;
2022-02-03 00:00:00;333.0012552267469;;;;;;;
2022-02-03 01:00:00;327.4361251519991;;;;;;;
2022-02-03 02:00:00;226.3942283894048;;;;;;;
2022-02-03 03:00:00;303.5926561966834;;;;;;;
2022-02-03 04:00:00;355.4775455472634;;;;;;;
2022-02-03 05:00:00;358.4245157235371;;;;;;;
2022-02-03 06:00:00;356.8756092019448;;;;;;;
2022-02-03 07:00:00;311.0896081438802;;;;;;;
2022-02-03 08:00:00;270.0804308000555;;;;;;;
2022-02-03 09:00:00;259.0086629579172;;;;;;;
2022-02-03 10:00:00;325.2714555440586;;;;;;;
2022-02-03 11:00:00;326.8801266340457;;;;;;;
2022-02-03 12:00:00;369.0070208205846;;;;;;;
2022-02-03 13:00:00;360.3152903858726;;;;;;;
2022-02-03 14:00:00;303.1498838789985;;;;;;;
2022-02-03 15:00:00;251.5623157817155;;;;;;;
2022-02-03 16:00:00;294.480121327406;;;;;;;
2022-02-03 17:00:00;319.3622518271353;;;;;;;
2022-02-03 18:00:00;299.90914451198;;;;;;;
2022-02-03 19:00:00;282.474283364365;;;;;;;
2022-02-03 20:00:00;321.016317684737;;;;;;;
2022-02-03 21:00:00;285.9043872133547;;;;;;;
2022-02-03 22:00:00;280.1466725479499;;;;;;;
2022-02-03 23:00:00;323.7334432022561;;;;;;;
2022-02-04 00:00:00;290.6348210707447;;;;;;;
2022-02-04 01:00:00;320.6089704705441;;;;;;;
2022-02-04 02:00:00;321.9589795479998;;;;;;;
2022-02-04 03:00:00;256.4231926130051;;;;;;;
2022-02-04 04:00:00;286.9582712597361;;;;;;;
2022-02-04 05:00:00;375.9866012086667;;;;;;;
2022-02-04 06:00:00;255.3723753945026;;;;;;;
2022-02-04 07:00:00;211.0871161839987;;;;;;;
2022-02-04 08:00:00;222.9083942023109;;;;;;;
2022-02-04 09:00:00;310.634808936284;;;;;;;
2022-02-04 10:00:00;310.7186558287293;;;;;;;
2022-02-04 11:00:00;303.8280423833706;;;;;;;
2022-02-04 12:00:00;365.6138030234658;;;;;;;
2022-02-04 13:00:00;185.2844538365956;;;;;;;
2022-02-04 14:00:00;327.6527423776205;;;;;;;
2022-02-04 15:00:00;381.7235746290681;;;;;;;
2022-02-04 16:00:00;256.9635851373363;;;;;;;
2022-02-04 17:00:00;291.6640915344573;;;;;;;
2022-02-04 18:00:00;274.3556715662413;;;;;;;
2022-02-04 19:00:00;267.7932399281666;;;;;;;
2022-02-04 20:00:00;294.1481630006726;;;;;;;
2022-02-04 21:00:00;375.5091440215602;;;;;;;
2022-02-04 22:00:00;394.5255550938182;;;;;;;
2022-02-04 23:00:00;293.6992111367315;;;;;;;
2022-02-05 00:00:00;397.6651097624006;;;;;;;
2022-02-05 01:00:00;310.934808406664;;;;;;;
2022-02-05 02:00:00;390.6426923026445;;;;;;;
2022-02-05 03:00:00;304.9559499930349;;;;;;;
2022-02-05 04:00:00;315.3644410446527;;;;;;;
2022-02-05 05:00:00;326.239650065668;;;;;;;
2022-02-05 06:00:00;456.7597618952233;;;;;;;
2022-02-05 07:00:00;348.7777136284742;;;;;;;
2022-02-05 08:00:00;276.4724468931046;;;;;;;
2022-02-05 09:00:00;354.2386987408449;;;;;;;
2022-02-05 10:00:00;292.4979518199755;;;;;;;
2022-02-05 11:00:00;286.5635134772581;;;;;;;
2022-02-05 12:00:00;351.4367446812715;;;;;;;
2022-02-05 13:00:00;310.7264641632163;;;;;;;
2022-02-05 14:00:00;322.20819582801;;;;;;;
2022-02-05 15:00:00;309.9331329034188;;;;;;;
2022-02-05 16:00:00;324.8993040125322;;;;;;;
2022-02-05 17:00:00;328.9996148078411;;;;;;;
2022-02-05 18:00:00;219.4232959144949;;;;;;;
2022-02-05 19:00:00;340.2083927489562;;;;;;;
2022-02-05 20:00:00;263.7258399419385;;;;;;;
2022-02-05 21:00:00;242.3722450101772;;;;;;;
2022-02-05 22:00:00;306.5744691371651;;;;;;;
2022-02-05 23:00:00;313.1804225686387;;;;;;;
2022-02-06 00:00:00;277.1107338981377;;;;;;;
2022-02-06 01:00:00;347.8380900524688;;;;;;;
2022-02-06 02:00:00;247.0172610905072;;;;;;;
2022-02-06 03:00:00;290.4051232456265;;;;;;;
2022-02-06 04:00:00;282.1504614339423;;;;;;;
2022-02-06 05:00:00;307.1230145811371;;;;;;;
2022-02-06 06:00:00;322.2215740822585;;;;;;;
2022-02-06 07:00:00;262.5254983761917;;;;;;;
2022-02-06 08:00:00;342.8857128877953;;;;;;;
2022-02-06 09:00:00;312.2071681360175;;;;;;;
2022-02-06 10:00:00;221.5119244559433;;;;;;;
2022-02-06 11:00:00;218.4200777363615;;;;;;;
2022-02-06 12:00:00;308.7127968021184;;;;;;;
2022-02-06 13:00:00;299.0330623844247;;;;;;;
2022-02-06 14:00:00;304.4863884779329;;;;;;;
2022-02-06 15:00:00;307.9861411632666;;;;;;;
2022-02-06 16:00:00;319.7486397107841;;;;;;;
2022-02-06 17:00:00;353.2482964048529;;;;;;;
2022-02-06 18:00:00;257.7372226283503;;;;;;;
2022-02-06 19:00:00;254.9134555992352;;;;;;;
2022-02-06 20:00:00;258.5621323025234;;;;;;;
2022-02-06 21:00:00;322.6879307282874;;;;;;;
2022-02-06 22:00:00;367.0407272074484;;;;;;;
2022-02-06 23:00:00;289.2733426062534;;;;;;;
2022-02-07 00:00:00;193.223840618652;;;;;;;
2022-02-07 01:00:00;230.2315799913476;;;;;;;
2022-02-07 02:00:00;270.6375417953912;;;;;;;
2022-02-07 03:00:00;283.4098013489996;;;;;;;
2022-02-07 04:00:00;290.3380915064916;;;;;;;
2022-02-07 05:00:00;311.074201891377;;;;;;;
2022-02-07 06:00:00;294.8215835674466;;;;;;;
2022-02-07 07:00:00;357.9659648339605;;;;;;;
2022-02-07 08:00:00;277.9220883763243;;;;;;;
2022-02-07 09:00:00;269.2791076828531;;;;;;;
2022-02-07 10:00:00;331.5006258219969;;;;;;;
2022-02-07 11:00:00;238.0418190928601;;;;;;;
2022-02-07 12:00:00;327.3631516219712;;;;;;;
2022-02-07 13:00:00;314.0420352010469;;;;;;;
2022-02-07 14:00:00;302.4440738586925;;;;;;;
2022-02-07 15:00:00;382.9686561305655;;;;;;;
2022-02-07 16:00:00;280.4184702996751;;;;;;;
2022-02-07 17:00:00;404.8670096658581;;;;;;;
2022-02-07 18:00:00;298.8259595048677;;;;;;;
2022-02-07 19:00:00;250.040146730509;;;;;;;
2022-02-07 20:00:00;312.5280759495787;;;;;;;
2022-02-07 21:00:00;259.3544564550678;;;;;;;
2022-02-07 22:00:00;274.4083768349635;;;;;;;
2022-02-07 23:00:00;327.7037476420072;;;;;;;
2022-02-08 00:00:00;335.0592458178555;;;;;;;
2022-02-08 01:00:00;280.4203141773554;;;;;;;
2022-02-08 02:00:00;355.0926609638491;;;;;;;
2022-02-08 03:00:00;362.9841716478315;;;;;;;
2022-02-08 04:00:00;375.9181635463121;;;;;;;
2022-02-08 05:00:00;333.8452113816753;;;;;;;
2022-02-08 06:00:00;372.5373900295957;;;;;;;
2022-02-08 07:00:00;222.029101595191;;;;;;;
2022-02-08 08:00:00;294.5357947498518;;;;;;;
2022-02-08 09:00:00;269.0616515691157;;;;;;;
2022-02-08 10:00:00;314.8155248584991;;;;;;;
2022-02-08 11:00:00;282.7732788269944;;;;;;;
2022-02-08 12:00:00;301.575819115695;;;;;;;
2022-02-08 13:00:00;396.6033985193591;;;;;;;
2022-02-08 14:00:00;301.4105706149848;;;;;;;
2022-02-08 15:00:00;328.4812428302029;;;;;;;
2022-02-08 16:00:00;298.508732111204;;;;;;;
2022-02-08 17:00:00;312.7968613585209;;;;;;;
2022-02-08 18:00:00;309.563451164116;;;;;;;
2022-02-08 19:00:00;330.0832621036969;;;;;;;
2022-02-08 20:00:00;363.346023982743;;;;;;;
2022-02-08 21:00:00;385.7112916255421;;;;;;;
2022-02-08 22:00:00;323.6484169651657;;;;;;;
2022-02-08 23:00:00;336.6349627146124;;;;;;;
2022-02-09 00:00:00;255.8926691088547;;;;;;;
2022-02-09 01:00:00;305.2074866281693;;;;;;;
2022-02-09 02:00:00;352.9068397887026;;;;;;;
2022-02-09 03:00:00;349.4588998314875;;;;;;;
2022-02-09 04:00:00;319.1014573174043;;;;;;;
2022-02-09 05:00:00;350.4064845702901;;;;;;;
2022-02-09 06:00:00;332.0522887106176;;;;;;;
2022-02-09 07:00:00;364.9697074134593;;;;;;;
2022-02-09 08:00:00;322.7084590013791;;;;;;;
2022-02-09 09:00:00;292.7825346007078;;;;;;;
2022-02-09 10:00:00;324.8648867137995;;;;;;;
2022-02-09 11:00:00;173.3262874889971;;;;;;;
2022-02-09 12:00:00;327.047404699418;;;;;;;
2022-02-09 13:00:00;140.0247886863812;;;;;;;
2022-02-09 14:00:00;229.3282898561405;;;;;;;
2022-02-09 15:00:00;330.2430632027192;;;;;;;
2022-02-09 16:00:00;331.4381719808106;;;;;;;
2022-02-09 17:00:00;255.35617195462;;;;;;;
2022-02-09 18:00:00;276.2480219040232;;;;;;;
2022-02-09 19:00:00;372.8673473725785;;;;;;;
2022-02-09 20:00:00;286.8288818063075;;;;;;;
2022-02-09 21:00:00;413.339334450094;;;;;;;
2022-02-09 22:00:00;309.1952543521982;;;;;;;
2022-02-09 23:00:00;328.2142002377807;;;;;;;
2022-02-10 00:00:00;384.2954066006509;;;;;;;
2022-02-10 01:00:00;315.3630163332585;;;;;;;
2022-02-10 02:00:00;262.7829297398377;;;;;;;
2022-02-10 03:00:00;304.1937743593823;;;;;;;
2022-02-10 04:00:00;307.6322450685298;;;;;;;
2022-02-10 05:00:00;245.9703420519442;;;;;;;
2022-02-10 06:00:00;297.4155941377119;;;;;;;
2022-02-10 07:00:00;274.8520647013553;;;;;;;
2022-02-10 08:00:00;352.1677256781101;;;;;;;
2022-02-10 09:00:00;310.8900579283269;;;;;;;
2022-02-10 10:00:00;296.1646777186737;;;;;;;
2022-02-10 11:00:00;304.3582604711968;;;;;;;
2022-02-10 12:00:00;319.6355427338974;;;;;;;
2022-02-10 13:00:00;337.8999656047056;;;;;;;
2022-02-10 14:00:00;262.9050236855534;;;;;;;
2022-02-10 15:00:00;260.9623128012032;;;;;;;
2022-02-10 16:00:00;360.5333156544797;;;;;;;
2022-02-10 17:00:00;290.1549219674642;;;;;;;
2022-02-10 18:00:00;243.5532646489013;;;;;;;
2022-02-10 19:00:00;329.8739683244475;;;;;;;
2022-02-10 20:00:00;330.7812738293946;;;;;;;
2022-02-10 21:00:00;238.2703869798474;;;;;;;
2022-02-10 22:00:00;319.9305859222294;;;;;;;
2022-02-10 23:00:00;343.4099690642678;;;;;;;
2022-02-11 00:00:00;326.6531003752463;;;;;;;
2022-02-11 01:00:00;338.6036160789985;;;;;;;
2022-02-11 02:00:00;244.1365591600179;;;;;;;
2022-02-11 03:00:00;324.6421508806058;;;;;;;
2022-02-11 04:00:00;295.244989381578;;;;;;;
2022-02-11 05:00:00;286.8864074304408;;;;;;;
2022-02-11 06:00:00;349.6717015635767;;;;;;;
2022-02-11 07:00:00;377.9117834105584;;;;;;;
2022-02-11 08:00:00;392.5299001336544;;;;;;;
2022-02-11 09:00:00;370.2817404767189;;;;;;;
2022-02-11 10:00:00;304.1934621398339;;;;;;;
2022-02-11 11:00:00;325.6479438664204;;;;;;;
2022-02-11 12:00:00;344.859265158201;;;;;;;
2022-02-11 13:00:00;314.9060873983483;;;;;;;
2022-02-11 14:00:00;315.350818393972;;;;;;;
2022-02-11 15:00:00;347.5004106873656;;;;;;;
2022-02-11 16:00:00;306.5340424829672;;;;;;;
2022-02-11 17:00:00;275.4507691391386;;;;;;;
2022-02-11 18:00:00;290.0558182878188;;;;;;;
2022-02-11 19:00:00;338.6931025784993;;;;;;;
2022-02-11 20:00:00;309.4231881308715;;;;;;;
2022-02-11 21:00:00;325.0675632009031;;;;;;;
2022-02-11 22:00:00;340.3710719840761;;;;;;;
2022-02-11 23:00:00;291.8944333010813;;;;;;;
2022-02-12 00:00:00;344.3686764428287;;;;;;;
2022-02-12 01:00:00;326.8598330558701;;;;;;;
2022-02-12 02:00:00;251.9980722743689;;;;;;;
2022-02-12 03:00:00;376.19666021979;;;;;;;
2022-02-12 04:00:00;286.0534466832142;;;;;;;
2022-02-12 05:00:00;232.5000654085673;;;;;;;
2022-02-12 06:00:00;260.8019762383648;;;;;;;
2022-02-12 07:00:00;261.915332475494;;;;;;;
2022-02-12 08:00:00;311.7047798438551;;;;;;;
2022-02-12 09:00:00;296.5796712582569;;;;;;;
2022-02-12 10:00:00;293.6577944433236;;;;;;;
2022-02-12 11:00:00;338.0339367072501;;;;;;;
2022-02-12 12:00:00;325.0520394935766;;;;;;;
2022-02-12 13:00:00;323.9466191067466;;;;;;;
2022-02-12 14:00:00;328.2973488740786;;;;;;;
2022-02-12 15:00:00;337.8684403301753;;;;;;;
2022-02-12 16:00:00;211.490783589078;;;;;;;
2022-02-12 17:00:00;292.3770657922789;;;;;;;
2022-02-12 18:00:00;208.1386028712178;;;;;;;
2022-02-12 19:00:00;310.9572369237755;;;;;;;
2022-02-12 20:00:00;309.0693855746422;;;;;;;
2022-02-12 21:00:00;357.7893324457061;;;;;;;
2022-02-12 22:00:00;364.3818260133332;;;;;;;
2022-02-12 23:00:00;318.6915929053358;;;;;;;
2022-02-13 00:00:00;286.0712459816859;;;;;;;
2022-02-13 01:00:00;331.7922302465733;;;;;;;
2022-02-13 02:00:00;284.7928241909913;;;;;;;
2022-02-13 03:00:00;309.2197126367348;;;;;;;
2022-02-13 04:00:00;355.0337966688286;;;;;;;
2022-02-13 05:00:00;283.4078315870141;;;;;;;
2022-02-13 06:00:00;346.6618871089685;;;;;;;
2022-02-13 07:00:00;340.7107648225087;;;;;;;
2022-02-13 08:00:00;264.9890005356802;;;;;;;
2022-02-13 09:00:00;354.4658491130908;;;;;;;
2022-02-13 10:00:00;341.6926641400399;;;;;;;
2022-02-13 11:00:00;314.0129332619881;;;;;;;
2022-02-13 12:00:00;273.9181174118379;;;;;;;
2022-02-13 13:00:00;269.4234788622877;;;;;;;
2022-02-13 14:00:00;284.3407306372517;;;;;;;
2022-02-13 15:00:00;334.4567154834817;;;;;;;
2022-02-13 16:00:00;264.9503392097385;;;;;;;
2022-02-13 17:00:00;329.581673264674;;;;;;;
2022-02-13 18:00:00;251.6759940064533;;;;;;;
2022-02-13 19:00:00;299.817039375874;;;;;;;
2022-02-13 20:00:00;314.3711711306139;;;;;;;
2022-02-13 21:00:00;422.7203840818689;;;;;;;
2022-02-13 22:00:00;245.387000739336;;;;;;;
2022-02-13 23:00:00;377.5749753739739;;;;;;;
2022-02-14 00:00:00;316.2359078248467;;;;;;;
2022-02-14 01:00:00;328.3596755731322;;;;;;;
2022-02-14 02:00:00;314.7747945378849;;;;;;;
2022-02-14 03:00:00;329.9163762529977;;;;;;;
2022-02-14 04:00:00;302.1544624428647;;;;;;;
2022-02-14 05:00:00;376.741559978776;;;;;;;
2022-02-14 06:00:00;288.1074162114693;;;;;;;
2022-02-14 07:00:00;361.8116816278272;;;;;;;
2022-02-14 08:00:00;279.3904242966584;;;;;;;
2022-02-14 09:00:00;306.4890787109047;;;;;;;
2022-02-14 10:00:00;259.5531398384798;;;;;;;
2022-02-14 11:00:00;330.3940768122405;;;;;;;
2022-02-14 12:00:00;376.327541569532;;;;;;;
2022-02-14 13:00:00;305.6955633876394;;;;;;;
2022-02-14 14:00:00;300.1502724669349;;;;;;;
2022-02-14 15:00:00;257.5742887645033;;;;;;;
2022-02-14 16:00:00;298.6468280109731;;;;;;;
2022-02-14 17:00:00;235.3903776570343;;;;;;;
2022-02-14 18:00:00;266.9334941252761;;;;;;;
2022-02-14 19:00:00;319.8055266821668;;;;;;;
2022-02-14 20:00:00;370.4768366973862;;;;;;;
2022-02-14 21:00:00;439.6110526685936;;;;;;;
2022-02-14 22:00:00;282.0710859260834;;;;;;;
2022-02-14 23:00:00;375.8716966736723;;;;;;;
2022-02-15 00:00:00;320.5926444997416;;;;;;;
2022-02-15 01:00:00;302.2675425565632;;;;;;;
2022-02-15 02:00:00;329.3535236433969;;;;;;;
2022-02-15 03:00:00;312.1567910712294;;;;;;;
2022-02-15 04:00:00;314.4058714878637;;;;;;;
2022-02-15 05:00:00;290.3406646481909;;;;;;;
2022-02-15 06:00:00;244.4223118138884;;;;;;;
2022-02-15 07:00:00;237.6714604306916;;;;;;;
2022-02-15 08:00:00;339.5900814927513;;;;;;;
2022-02-15 09:00:00;296.4474714851615;;;;;;;
2022-02-15 10:00:00;281.6301787993401;;;;;;;
2022-02-15 11:00:00;309.6789199736356;;;;;;;
2022-02-15 12:00:00;346.1633337885365;;;;;;;
2022-02-15 13:00:00;317.6518823845053;;;;;;;
2022-02-15 14:00:00;278.8481955407294;;;;;;;
2022-02-15 15:00:00;366.1752991236944;;;;;;;
2022-02-15 16:00:00;382.5469189293658;;;;;;;
2022-02-15 17:00:00;332.2281143574096;;;;;;;
2022-02-15 18:00:00;354.4551501856151;;;;;;;
2022-02-15 19:00:00;366.9021346530067;;;;;;;
2022-02-15 20:00:00;361.7126214578236;;;;;;;
2022-02-15 21:00:00;337.7740085173911;;;;;;;
2022-02-15 22:00:00;337.0432254899324;;;;;;;
2022-02-15 23:00:00;333.3927515950684;;;;;;;
2022-02-16 00:00:00;258.3759207182371;;;;;;;
2022-02-16 01:00:00;341.7927243366699;;;;;;;
2022-02-16 02:00:00;246.3845208194221;;;;;;;
2022-02-16 03:00:00;272.420748432749;;;;;;;
2022-02-16 04:00:00;369.7601570398294;;;;;;;
2022-02-16 05:00:00;348.2643598552313;;;;;;;
2022-02-16 06:00:00;378.2886670324116;;;;;;;
2022-02-16 07:00:00;296.6806273141293;;;;;;;
2022-02-16 08:00:00;255.8284462771365;;;;;;;
2022-02-16 09:00:00;298.1298031240377;;;;;;;
2022-02-16 10:00:00;314.0178235049086;;;;;;;
2022-02-16 11:00:00;312.948817155251;;;;;;;
2022-02-16 12:00:00;361.8787610630251;;;;;;;
2022-02-16 13:00:00;292.5240296880012;;;;;;;
2022-02-16 14:00:00;325.616132834709;;;;;;;
2022-02-16 15:00:00;263.4192898669142;;;;;;;
2022-02-16 16:00:00;330.1757324901062;;;;;;;
2022-02-16 17:00:00;309.4285353004477;;;;;;;
2022-02-16 18:00:00;274.4984949961935;;;;;;;
2022-02-16 19:00:00;298.3435727873714;;;;;;;
2022-02-16 20:00:00;300.7399208076387;;;;;;;
2022-02-16 21:00:00;296.7511095467452;;;;;;;
2022-02-16 22:00:00;391.4615325443233;;;;;;;
2022-02-16 23:00:00;304.7171506721077;;;;;;;
2022-02-17 00:00:00;297.9693349850629;;;;;;;
2022-02-17 01:00:00;211.9780170031576;;;;;;;
2022-02-17 02:00:00;267.7996743146668;;;;;;;
2022-02-17 03:00:00;297.0796485900313;;;;;;;
2022-02-17 04:00:00;277.4657994928849;;;;;;;
2022-02-17 05:00:00;373.3853957391216;;;;;;;
2022-02-17 06:00:00;301.6324212341095;;;;;;;
2022-02-17 07:00:00;369.0586622269259;;;;;;;
2022-02-17 08:00:00;312.1469628058896;;;;;;;
2022-02-17 09:00:00;311.0114193440971;;;;;;;
2022-02-17 10:00:00;305.1648190638708;;;;;;;
2022-02-17 11:00:00;309.4604395912359;;;;;;;
2022-02-17 12:00:00;389.0237733533335;;;;;;;
2022-02-17 13:00:00;201.6714369861401;;;;;;;
2022-02-17 14:00:00;216.4273138196893;;;;;;;
2022-02-17 15:00:00;284.0851881400552;;;;;;;
2022-02-17 16:00:00;309.9583083412516;;;;;;;
2022-02-17 17:00:00;341.3000932340835;;;;;;;
2022-02-17 18:00:00;331.2320893777642;;;;;;;
2022-02-17 19:00:00;291.4581359613777;;;;;;;
2022-02-17 20:00:00;356.5604570002714;;;;;;;
2022-02-17 21:00:00;357.0778143551531;;;;;;;
2022-02-17 22:00:00;317.8232516424044;;;;;;;
2022-02-17 23:00:00;353.9445555359484;;;;;;;
2022-02-18 00:00:00;321.9330572187919;;;;;;;
2022-02-18 01:00:00;283.2356368856812;;;;;;;
2022-02-18 02:00:00;341.6578925546129;;;;;;;
2022-02-18 03:00:00;314.4159571088513;;;;;;;
2022-02-18 04:00:00;309.3464804643718;;;;;;;
2022-02-18 05:00:00;377.6185383350588;;;;;;;
2022-02-18 06:00:00;195.5818729489009;;;;;;;
2022-02-18 07:00:00;243.5141984407665;;;;;;;
2022-02-18 08:00:00;254.2129807294571;;;;;;;
2022-02-18 09:00:00;292.4316979926593;;;;;;;
2022-02-18 10:00:00;297.4723741729196;;;;;;;
2022-02-18 11:00:00;239.3554929044806;;;;;;;
2022-02-18 12:00:00;263.5802313972501;;;;;;;
2022-02-18 13:00:00;269.3475962657227;;;;;;;
2022-02-18 14:00:00;423.2907328409863;;;;;;;
2022-02-18 15:00:00;392.8719017790829;;;;;;;
2022-02-18 16:00:00;290.1821755383559;;;;;;;
2022-02-18 17:00:00;292.4167297416169;;;;;;;
2022-02-18 18:00:00;255.9697046577989;;;;;;;
2022-02-18 19:00:00;220.7610984184473;;;;;;;
2022-02-18 20:00:00;303.8619400540183;;;;;;;
2022-02-18 21:00:00;262.9913253971632;;;;;;;
2022-02-18 22:00:00;305.3478805590823;;;;;;;
2022-02-18 23:00:00;235.046534400916;;;;;;;
2022-02-19 00:00:00;273.9343084329537;;;;;;;
2022-02-19 01:00:00;316.1795259726514;;;;;;;
2022-02-19 02:00:00;326.2737544677323;;;;;;;
2022-02-19 03:00:00;328.6519511462684;;;;;;;
2022-02-19 04:00:00;248.0233405130554;;;;;;;
2022-02-19 05:00:00;348.9354558367513;;;;;;;
2022-02-19 06:00:00;272.1603816882252;;;;;;;
2022-02-19 07:00:00;338.6442760269166;;;;;;;
2022-02-19 08:00:00;308.7907650434225;;;;;;;
2022-02-19 09:00:00;245.4300603746566;;;;;;;
2022-02-19 10:00:00;294.6150725505893;;;;;;;
2022-02-19 11:00:00;326.2345129808668;;;;;;;
2022-02-19 12:00:00;337.7214086888172;;;;;;;
2022-02-19 13:00:00;302.7435194966905;;;;;;;
2022-02-19 14:00:00;380.3476006381863;;;;;;;
2022-02-19 15:00:00;356.0254141952088;;;;;;;
2022-02-19 16:00:00;297.3774572904771;;;;;;;
2022-02-19 17:00:00;344.0844587731864;;;;;;;
2022-02-19 18:00:00;398.9981223016745;;;;;;;
2022-02-19 19:00:00;400.2363938378994;;;;;;;
2022-02-19 20:00:00;252.314154947663;;;;;;;
2022-02-19 21:00:00;266.2999967408934;;;;;;;
2022-02-19 22:00:00;378.1736363242139;;;;;;;
2022-02-19 23:00:00;260.1878609224058;;;;;;;
2022-02-20 00:00:00;247.9281358801697;;;;;;;
2022-02-20 01:00:00;286.7284881561029;;;;;;;
2022-02-20 02:00:00;328.7797513279212;;;;;;;
2022-02-20 03:00:00;304.5338670371718;;;;;;;
2022-02-20 04:00:00;279.1029522430678;;;;;;;
2022-02-20 05:00:00;278.0058198670957;;;;;;;
2022-02-20 06:00:00;276.2371185862917;;;;;;;
2022-02-20 07:00:00;268.4815406222199;;;;;;;
2022-02-20 08:00:00;415.135312853704;;;;;;;
2022-02-20 09:00:00;323.0866478904482;;;;;;;
2022-02-20 10:00:00;350.4234222866178;;;;;;;
2022-02-20 11:00:00;286.5947224975009;;;;;;;
2022-02-20 12:00:00;300.6572987175339;;;;;;;
2022-02-20 13:00:00;276.1806625859703;;;;;;;
2022-02-20 14:00:00;186.2645494777636;;;;;;;
2022-02-20 15:00:00;245.3548218090958;;;;;;;
2022-02-20 16:00:00;225.2849259555931;;;;;;;
2022-02-20 17:00:00;204.9108940576424;;;;;;;
2022-02-20 18:00:00;253.8284530414283;;;;;;;
2022-02-20 19:00:00;370.7525241576385;;;;;;;
2022-02-20 20:00:00;307.2228099289537;;;;;;;
2022-02-20 21:00:00;369.156992048055;;;;;;;
2022-02-20 22:00:00;328.3508915373875;;;;;;;
2022-02-20 23:00:00;345.5892977332263;;;;;;;
2022-02-21 00:00:00;267.4893240452099;;;;;;;
2022-02-21 01:00:00;333.5917937243678;;;;;;;
2022-02-21 02:00:00;343.0913045350191;;;;;;;
2022-02-21 03:00:00;282.5321264532014;;;;;;;
2022-02-21 04:00:00;335.242881000637;;;;;;;
2022-02-21 05:00:00;335.5512709317439;;;;;;;
2022-02-21 06:00:00;283.7891199981793;;;;;;;
2022-02-21 07:00:00;257.1961205213398;;;;;;;
2022-02-21 08:00:00;254.3494722834984;;;;;;;
2022-02-21 09:00:00;313.2975426001357;;;;;;;
2022-02-21 10:00:00;324.4551752304091;;;;;;;
2022-02-21 11:00:00;272.516949372459;;;;;;;
2022-02-21 12:00:00;310.5176858130156;;;;;;;
2022-02-21 13:00:00;335.7530454357386;;;;;;;
2022-02-21 14:00:00;337.9638257797259;;;;;;;
2022-02-21 15:00:00;381.2801499080389;;;;;;;
2022-02-21 16:00:00;368.5268439491402;;;;;;;
2022-02-21 17:00:00;262.8317602258799;;;;;;;
2022-02-21 18:00:00;387.390344181907;;;;;;;
2022-02-21 19:00:00;284.6509152395923;;;;;;;
2022-02-21 20:00:00;357.7587382415765;;;;;;;
2022-02-21 21:00:00;312.4384010508608;;;;;;;
2022-02-21 22:00:00;290.1636202989465;;;;;;;
2022-02-21 23:00:00;225.420476932529;;;;;;;
2022-02-22 00:00:00;301.3249894567932;;;;;;;
2022-02-22 01:00:00;236.9404035592242;;;;;;;
2022-02-22 02:00:00;354.1598945911469;;;;;;;
2022-02-22 03:00:00;379.6523495811432;;;;;;;
2022-02-22 04:00:00;272.3135102410901;;;;;;;
2022-02-22 05:00:00;323.2935438537824;;;;;;;
2022-02-22 06:00:00;275.6314877274527;;;;;;;
2022-02-22 07:00:00;280.1272504322591;;;;;;;
2022-02-22 08:00:00;345.215181765096;;;;;;;
2022-02-22 09:00:00;307.4964294007584;;;;;;;
2022-02-22 10:00:00;389.9912010503351;;;;;;;
2022-02-22 11:00:00;286.9122796835046;;;;;;;
2022-02-22 12:00:00;355.6461803449732;;;;;;;
2022-02-22 13:00:00;313.8035876238851;;;;;;;
2022-02-22 14:00:00;346.2025706875604;;;;;;;
2022-02-22 15:00:00;288.5394935326223;;;;;;;
2022-02-22 16:00:00;306.9851557088159;;;;;;;
2022-02-22 17:00:00;303.9260225488287;;;;;;;
2022-02-22 18:00:00;270.4974178095582;;;;;;;
2022-02-22 19:00:00;340.0000371479244;;;;;;;
2022-02-22 20:00:00;339.4510947923908;;;;;;;
2022-02-22 21:00:00;336.8208955816247;;;;;;;
2022-02-22 22:00:00;380.5882283241012;;;;;;;
2022-02-22 23:00:00;376.5232649294639;;;;;;;
2022-02-23 00:00:00;291.8896443294331;;;;;;;
2022-02-23 01:00:00;326.5912063996841;;;;;;;
2022-02-23 02:00:00;280.3538340226007;;;;;;;
2022-02-23 03:00:00;310.3678363896548;;;;;;;
2022-02-23 04:00:00;281.4603562158479;;;;;;;
2022-02-23 05:00:00;384.4436733585766;;;;;;;
2022-02-23 06:00:00;326.1572417700958;;;;;;;
2022-02-23 07:00:00;299.1693727847239;;;;;;;
2022-02-23 08:00:00;364.6594479308034;;;;;;;
2022-02-23 09:00:00;208.5837243111721;;;;;;;
2022-02-23 10:00:00;215.8447682751745;;;;;;;
2022-02-23 11:00:00;346.2053841917729;;;;;;;
2022-02-23 12:00:00;312.0896128667731;;;;;;;
2022-02-23 13:00:00;320.9031885296719;;;;;;;
2022-02-23 14:00:00;247.7492936118384;;;;;;;
2022-02-23 15:00:00;308.2064480510487;;;;;;;
2022-02-23 16:00:00;402.2324286949869;;;;;;;
2022-02-23 17:00:00;347.521124444355;;;;;;;
2022-02-23 18:00:00;317.1574574736177;;;;;;;
2022-02-23 19:00:00;288.9154478268455;;;;;;;
2022-02-23 20:00:00;290.979041913744;;;;;;;
2022-02-23 21:00:00;210.5051927740415;;;;;;;
2022-02-23 22:00:00;321.2369428386773;;;;;;;
2022-02-23 23:00:00;348.5085218477262;;;;;;;
2022-02-24 00:00:00;236.1871682609643;;;;;;;
2022-02-24 01:00:00;278.5994402177858;;;;;;;
2022-02-24 02:00:00;255.5864719221278;;;;;;;
2022-02-24 03:00:00;264.499123041711;;;;;;;
2022-02-24 04:00:00;311.7654757242798;;;;;;;
2022-02-24 05:00:00;212.5833855127958;;;;;;;
2022-02-24 06:00:00;337.7819537800571;;;;;;;
2022-02-24 07:00:00;344.2576544888418;;;;;;;
2022-02-24 08:00:00;297.6350073928632;;;;;;;
2022-02-24 09:00:00;194.197684200576;;;;;;;
2022-02-24 10:00:00;263.0578226354391;;;;;;;
2022-02-24 11:00:00;366.4819071361516;;;;;;;
2022-02-24 12:00:00;180.4058100194844;;;;;;;
2022-02-24 13:00:00;293.1617900172826;;;;;;;
2022-02-24 14:00:00;254.540960417807;;;;;;;
2022-02-24 15:00:00;346.6104683899144;;;;;;;
2022-02-24 16:00:00;277.9639973392211;;;;;;;
2022-02-24 17:00:00;328.0248182037616;;;;;;;
2022-02-24 18:00:00;335.5175277305614;;;;;;;
2022-02-24 19:00:00;394.4717008488865;;;;;;;
2022-02-24 20:00:00;299.8693072244774;;;;;;;
2022-02-24 21:00:00;326.7300155779067;;;;;;;
2022-02-24 22:00:00;240.3886650041181;;;;;;;
2022-02-24 23:00:00;364.510759096035;;;;;;;
2022-02-25 00:00:00;274.0023019731852;;;;;;;
2022-02-25 01:00:00;283.2694507562929;;;;;;;
2022-02-25 02:00:00;308.2521873052586;;;;;;;
2022-02-25 03:00:00;236.7779777930479;;;;;;;
2022-02-25 04:00:00;319.8975688991881;;;;;;;
2022-02-25 05:00:00;354.1676438837418;;;;;;;
2022-02-25 06:00:00;322.8742972486592;;;;;;;
2022-02-25 07:00:00;235.5711556825477;;;;;;;
2022-02-25 08:00:00;303.5404803877977;;;;;;;
2022-02-25 09:00:00;343.7090072856186;;;;;;;
2022-02-25 10:00:00;222.1594492563348;;;;;;;
2022-02-25 11:00:00;259.4230798340538;;;;;;;
2022-02-25 12:00:00;349.9495004934274;;;;;;;
2022-02-25 13:00:00;321.8147638880947;;;;;;;
2022-02-25 14:00:00;328.3967741089133;;;;;;;
2022-02-25 15:00:00;395.5512098906578;;;;;;;
2022-02-25 16:00:00;331.0217256480601;;;;;;;
2022-02-25 17:00:00;339.8054884573236;;;;;;;
2022-02-25 18:00:00;435.0429850665603;;;;;;;
2022-02-25 19:00:00;299.3653617752347;;;;;;;
2022-02-25 20:00:00;272.2684270568354;;;;;;;
2022-02-25 21:00:00;329.1309292362338;;;;;;;
2022-02-25 22:00:00;329.6502778206767;;;;;;;
2022-02-25 23:00:00;284.8485995378844;;;;;;;
2022-02-26 00:00:00;261.3886896800628;;;;;;;
2022-02-26 01:00:00;416.4441211278281;;;;;;;
2022-02-26 02:00:00;324.4474555679146;;;;;;;
2022-02-26 03:00:00;275.311663333747;;;;;;;
2022-02-26 04:00:00;351.7767537272333;;;;;;;
2022-02-26 05:00:00;304.2207888046053;;;;;;;
2022-02-26 06:00:00;297.5524814464143;;;;;;;
2022-02-26 07:00:00;335.369648972114;;;;;;;
2022-02-26 08:00:00;249.3504818215316;;;;;;;
2022-02-26 09:00:00;325.6436312471704;;;;;;;
2022-02-26 10:00:00;398.0313608691976;;;;;;;
2022-02-26 11:00:00;330.9115377126749;;;;;;;
2022-02-26 12:00:00;291.8308456406364;;;;;;;
2022-02-26 13:00:00;285.7583645429705;;;;;;;
2022-02-26 14:00:00;290.2475633937771;;;;;;;
2022-02-26 15:00:00;297.5023202431292;;;;;;;
2022-02-26 16:00:00;291.7568758581064;;;;;;;
2022-02-26 17:00:00;351.7944357652689;;;;;;;
2022-02-26 18:00:00;228.8761612191271;;;;;;;
2022-02-26 19:00:00;349.2747865242652;;;;;;;
2022-02-26 20:00:00;291.6696580327774;;;;;;;
2022-02-26 21:00:00;326.771927441961;;;;;;;
2022-02-26 22:00:00;257.0003677660936;;;;;;;
2022-02-26 23:00:00;370.9230351154817;;;;;;;
2022-02-27 00:00:00;367.0726259352758;;;;;;;
2022-02-27 01:00:00;353.8022671156343;;;;;;;
2022-02-27 02:00:00;239.0108359816907;;;;;;;
2022-02-27 03:00:00;347.7494436018342;;;;;;;
2022-02-27 04:00:00;328.0666210834749;;;;;;;
2022-02-27 05:00:00;234.8115371693061;;;;;;;
2022-02-27 06:00:00;308.1571014474358;;;;;;;
2022-02-27 07:00:00;326.1960417367424;;;;;;;
2022-02-27 08:00:00;335.0821259840919;;;;;;;
2022-02-27 09:00:00;317.5079456639834;;;;;;;
2022-02-27 10:00:00;322.7953180958331;;;;;;;
2022-02-27 11:00:00;377.6490563498537;;;;;;;
2022-02-27 12:00:00;366.1632813058876;;;;;;;
2022-02-27 13:00:00;176.2740495447993;;;;;;;
2022-02-27 14:00:00;294.5575062211538;;;;;;;
2022-02-27 15:00:00;301.6457242263459;;;;;;;
2022-02-27 16:00:00;227.9998287048341;;;;;;;
2022-02-27 17:00:00;313.6537229135006;;;;;;;
2022-02-27 18:00:00;367.2175014649004;;;;;;;
2022-02-27 19:00:00;258.8755609548394;;;;;;;
2022-02-27 20:00:00;324.8908518326567;;;;;;;
2022-02-27 21:00:00;266.796845017092;;;;;;;
2022-02-27 22:00:00;278.1125432800472;;;;;;;
2022-02-27 23:00:00;377.8245245685657;;;;;;;
2022-02-28 00:00:00;284.1136273411448;;;;;;;
2022-02-28 01:00:00;330.7275828279182;;;;;;;
2022-02-28 02:00:00;222.4735576355524;;;;;;;
2022-02-28 03:00:00;395.6821649133764;;;;;;;
2022-02-28 04:00:00;337.2429643619046;;;;;;;
2022-02-28 05:00:00;300.8176704260859;;;;;;;
2022-02-28 06:00:00;335.9854481943271;;;;;;;
2022-02-28 07:00:00;243.8790646130961;;;;;;;
2022-02-28 08:00:00;364.1450541293473;;;;;;;
2022-02-28 09:00:00;294.2538097090027;;;;;;;
2022-02-28 10:00:00;299.8169962024309;;;;;;;
2022-02-28 11:00:00;286.4751154378049;;;;;;;
2022-02-28 12:00:00;282.3463651628141;;;;;;;
2022-02-28 13:00:00;341.5119307349619;;;;;;;
2022-02-28 14:00:00;321.1565178976135;;;;;;;
2022-02-28 15:00:00;339.5206436733297;;;;;;;
2022-02-28 16:00:00;308.8763124897769;;;;;;;
2022-02-28 17:00:00;333.0930197239149;;;;;;;
2022-02-28 18:00:00;289.8528189935307;;;;;;;
2022-02-28 19:00:00;412.7274863548178;;;;;;;
2022-02-28 20:00:00;236.5438771920777;;;;;;;
2022-02-28 21:00:00;367.7825430969191;;;;;;;
2022-02-28 22:00:00;372.7451705755434;;;;;;;
2022-02-28 23:00:00;269.75041771779;;;;;;;
2022-03-01 00:00:00;412.7062278120272;;;;;;;
2022-03-01 01:00:00;355.4677519221535;;;;;;;
2022-03-01 02:00:00;354.33803173545;;;;;;;
2022-03-01 03:00:00;310.5843448901029;;;;;;;
2022-03-01 04:00:00;299.2066246841596;;;;;;;
2022-03-01 05:00:00;299.5692913795207;;;;;;;
2022-03-01 06:00:00;327.4020699970014;;;;;;;
2022-03-01 07:00:00;374.2890633648612;;;;;;;
2022-03-01 08:00:00;317.6959681506329;;;;;;;
2022-03-01 09:00:00;267.000038050325;;;;;;;
2022-03-01 10:00:00;347.5316761083807;;;;;;;
2022-03-01 11:00:00;352.0189439545892;;;;;;;
2022-03-01 12:00:00;339.6557106283108;;;;;;;
2022-03-01 13:00:00;343.8699899394051;;;;;;;
2022-03-01 14:00:00;296.7152479916009;;;;;;;
2022-03-01 15:00:00;266.1860538001249;;;;;;;
2022-03-01 16:00:00;269.006529015994;;;;;;;
2022-03-01 17:00:00;233.4108502729518;;;;;;;
2022-03-01 18:00:00;320.2769950054264;;;;;;;
2022-03-01 19:00:00;305.4129113811308;;;;;;;
2022-03-01 20:00:00;288.8721266305932;;;;;;;
2022-03-01 21:00:00;172.1653370533502;;;;;;;
2022-03-01 22:00:00;251.4179608428011;;;;;;;
2022-03-01 23:00:00;361.2830874694868;;;;;;;
2022-03-02 00:00:00;278.4505612105669;;;;;;;
2022-03-02 01:00:00;326.0131242755828;;;;;;;
2022-03-02 02:00:00;244.7667414963527;;;;;;;
2022-03-02 03:00:00;376.0296787515656;;;;;;;
2022-03-02 04:00:00;302.6024968592594;;;;;;;
2022-03-02 05:00:00;322.7400635070778;;;;;;;
2022-03-02 06:00:00;417.1834051327266;;;;;;;
2022-03-02 07:00:00;379.6359935491508;;;;;;;
2022-03-02 08:00:00;295.0619304024198;;;;;;;
2022-03-02 09:00:00;281.7632660752237;;;;;;;
2022-03-02 10:00:00;294.1814262280524;;;;;;;
2022-03-02 11:00:00;332.9398514916273;;;;;;;
2022-03-02 12:00:00;304.4026951813298;;;;;;;
2022-03-02 13:00:00;290.9478988475264;;;;;;;
2022-03-02 14:00:00;377.3507450552356;;;;;;;
2022-03-02 15:00:00;303.9858220934469;;;;;;;
2022-03-02 16:00:00;415.9683492547668;;;;;;;
2022-03-02 17:00:00;313.494109263402;;;;;;;
2022-03-02 18:00:00;392.1099696380971;;;;;;;
2022-03-02 19:00:00;325.8613157029972;;;;;;;
2022-03-02 20:00:00;353.9586125437365;;;;;;;
2022-03-02 21:00:00;275.6676958203482;;;;;;;
2022-03-02 22:00:00;269.6761701524586;;;;;;;
2022-03-02 23:00:00;330.6112980780227;;;;;;;
2022-03-03 00:00:00;355.14592424352;;;;;;;
2022-03-03 01:00:00;311.1519271608555;;;;;;;
2022-03-03 02:00:00;249.6051279661355;;;;;;;
2022-03-03 03:00:00;246.1783335581125;;;;;;;
2022-03-03 04:00:00;243.075684365518;;;;;;;
2022-03-03 05:00:00;227.2796505647272;;;;;;;
2022-03-03 06:00:00;314.363637190619;;;;;;;
2022-03-03 07:00:00;361.4780883100875;;;;;;;
2022-03-03 08:00:00;308.6619275419168;;;;;;;
2022-03-03 09:00:00;204.4176947708083;;;;;;;
2022-03-03 10:00:00;300.4344384958302;;;;;;;
2022-03-03 11:00:00;301.7316448448969;;;;;;;
2022-03-03 12:00:00;406.5232541009715;;;;;;;
2022-03-03 13:00:00;241.6838348321853;;;;;;;
2022-03-03 14:00:00;291.1597528428413;;;;;;;
2022-03-03 15:00:00;388.4233447382759;;;;;;;
2022-03-03 16:00:00;330.1600083191432;;;;;;;
2022-03-03 17:00:00;335.4179066791038;;;;;;;
2022-03-03 18:00:00;314.6001969028538;;;;;;;
2022-03-03 19:00:00;324.5912759445682;;;;;;;
2022-03-03 20:00:00;345.3596868111289;;;;;;;
2022-03-03 21:00:00;271.730107398967;;;;;;;
2022-03-03 22:00:00;350.0197841876143;;;;;;;
2022-03-03 23:00:00;245.5870754663948;;;;;;;
2022-03-04 00:00:00;324.5181812734776;;;;;;;
2022-03-04 01:00:00;317.5765880563661;;;;;;;
2022-03-04 02:00:00;280.6928529881471;;;;;;;
2022-03-04 03:00:00;308.231891427415;;;;;;;
2022-03-04 04:00:00;280.4030351236618;;;;;;;
2022-03-04 05:00:00;259.5652587778875;;;;;;;
2022-03-04 06:00:00;292.8791971143404;;;;;;;
2022-03-04 07:00:00;258.0673650324169;;;;;;;
2022-03-04 08:00:00;324.2597506212103;;;;;;;
2022-03-04 09:00:00;255.9288096792433;;;;;;;
2022-03-04 10:00:00;342.314820989152;;;;;;;
2022-03-04 11:00:00;254.4723786548587;;;;;;;
2022-03-04 12:00:00;283.0124006214261;;;;;;;
2022-03-04 13:00:00;280.3073152347728;;;;;;;
2022-03-04 14:00:00;370.7613874495683;;;;;;;
2022-03-04 15:00:00;324.6073466807711;;;;;;;
2022-03-04 16:00:00;299.4614296088215;;;;;;;
2022-03-04 17:00:00;332.4212370121535;;;;;;;
2022-03-04 18:00:00;211.5260881367853;;;;;;;
2022-03-04 19:00:00;307.2832399748222;;;;;;;
2022-03-04 20:00:00;401.954293978174;;;;;;;
2022-03-04 21:00:00;315.4242263390931;;;;;;;
2022-03-04 22:00:00;312.4349931915867;;;;;;;
2022-03-04 23:00:00;334.7134485179627;;;;;;;
2022-03-05 00:00:00;350.8338204167339;;;;;;;
2022-03-05 01:00:00;216.6165518232396;;;;;;;
2022-03-05 02:00:00;231.2367407747656;;;;;;;
2022-03-05 03:00:00;319.0402913150127;;;;;;;
2022-03-05 04:00:00;276.1193045728396;;;;;;;
2022-03-05 05:00:00;370.1526478629975;;;;;;;
2022-03-05 06:00:00;294.6625468292912;;;;;;;
2022-03-05 07:00:00;219.536317544538;;;;;;;
2022-03-05 08:00:00;250.4577978509039;;;;;;;
2022-03-05 09:00:00;181.7195691446298;;;;;;;
2022-03-05 10:00:00;298.4226177362011;;;;;;;
2022-03-05 11:00:00;300.5446828799932;;;;;;;
2022-03-05 12:00:00;289.5923722504492;;;;;;;
2022-03-05 13:00:00;359.3363771481631;;;;;;;
2022-03-05 14:00:00;364.8868305779921;;;;;;;
2022-03-05 15:00:00;301.379551240769;;;;;;;
2022-03-05 16:00:00;210.2502290657831;;;;;;;
2022-03-05 17:00:00;337.9216486378568;;;;;;;
2022-03-05 18:00:00;335.0489531383559;;;;;;;
2022-03-05 19:00:00;323.6378156998321;;;;;;;
2022-03-05 20:00:00;354.8177661638354;;;;;;;
2022-03-05 21:00:00;255.2448613165812;;;;;;;
2022-03-05 22:00:00;402.4758034040627;;;;;;;
2022-03-05 23:00:00;264.7739271871781;;;;;;;
2022-03-06 00:00:00;344.0427571205617;;;;;;;
2022-03-06 01:00:00;231.0037934239714;;;;;;;
2022-03-06 02:00:00;266.1268790430047;;;;;;;
2022-03-06 03:00:00;379.6326786151716;;;;;;;
2022-03-06 04:00:00;297.1804877177134;;;;;;;
2022-03-06 05:00:00;348.2505553719619;;;;;;;
2022-03-06 06:00:00;320.2773094164431;;;;;;;
2022-03-06 07:00:00;304.415034616747;;;;;;;
2022-03-06 08:00:00;372.5569497660886;;;;;;;
2022-03-06 09:00:00;298.3050918264672;;;;;;;
2022-03-06 10:00:00;226.671164840158;;;;;;;
2022-03-06 11:00:00;272.0198864081071;;;;;;;
2022-03-06 12:00:00;334.855565393236;;;;;;;
2022-03-06 13:00:00;327.6330362620547;;;;;;;
2022-03-06 14:00:00;236.584339291549;;;;;;;
2022-03-06 15:00:00;275.6801537360394;;;;;;;
2022-03-06 16:00:00;282.2967275132426;;;;;;;
2022-03-06 17:00:00;292.3292191126546;;;;;;;
2022-03-06 18:00:00;245.4520463366728;;;;;;;
2022-03-06 19:00:00;280.1325216585375;;;;;;;
2022-03-06 20:00:00;275.4821514977104;;;;;;;
2022-03-06 21:00:00;345.0777925305997;;;;;;;
2022-03-06 22:00:00;346.8216017682771;;;;;;;
2022-03-06 23:00:00;302.5197881372253;;;;;;;
2022-03-07 00:00:00;291.0965570895958;;;;;;;
2022-03-07 01:00:00;315.7757808102169;;;;;;;
2022-03-07 02:00:00;271.4012397249107;;;;;;;
2022-03-07 03:00:00;256.0797440769543;;;;;;;
2022-03-07 04:00:00;265.6649696364005;;;;;;;
2022-03-07 05:00:00;279.8336576276232;;;;;;;
2022-03-07 06:00:00;255.3076907255125;;;;;;;
2022-03-07 07:00:00;316.8026935385155;;;;;;;
2022-03-07 08:00:00;343.1377639751629;;;;;;;
2022-03-07 09:00:00;235.6546282756024;;;;;;;
2022-03-07 10:00:00;310.4501088847417;;;;;;;
2022-03-07 11:00:00;299.0809174458205;;;;;;;
2022-03-07 12:00:00;325.1278137352914;;;;;;;
2022-03-07 13:00:00;308.684057708281;;;;;;;
2022-03-07 14:00:00;241.8480013875518;;;;;;;
2022-03-07 15:00:00;250.7187387745039;;;;;;;
2022-03-07 16:00:00;310.6493590165359;;;;;;;
2022-03-07 17:00:00;357.0121927240377;;;;;;;
2022-03-07 18:00:00;206.562305641028;;;;;;;
2022-03-07 19:00:00;325.3234930201202;;;;;;;
2022-03-07 20:00:00;364.4740366239171;;;;;;;
2022-03-07 21:00:00;302.1850457827895;;;;;;;
2022-03-07 22:00:00;334.8096722697314;;;;;;;
2022-03-07 23:00:00;276.66708488515;;;;;;;
2022-03-08 00:00:00;303.7466073335619;;;;;;;
2022-03-08 01:00:00;234.0858507853926;;;;;;;
2022-03-08 02:00:00;200.5240270254138;;;;;;;
2022-03-08 03:00:00;353.0217235894615;;;;;;;
2022-03-08 04:00:00;263.5877982509484;;;;;;;
2022-03-08 05:00:00;288.151178360403;;;;;;;
2022-03-08 06:00:00;244.9635937005396;;;;;;;
2022-03-08 07:00:00;243.872092997966;;;;;;;
2022-03-08 08:00:00;301.2195301584476;;;;;;;
2022-03-08 09:00:00;275.4373033128954;;;;;;;
2022-03-08 10:00:00;326.8193969702116;;;;;;;
2022-03-08 11:00:00;330.278777100173;;;;;;;
2022-03-08 12:00:00;324.1693861966853;;;;;;;
2022-03-08 13:00:00;320.3536439823046;;;;;;;
2022-03-08 14:00:00;382.4811667195299;;;;;;;
2022-03-08 15:00:00;259.7558192627027;;;;;;;
2022-03-08 16:00:00;306.7357475028073;;;;;;;
2022-03-08 17:00:00;361.8328018039306;;;;;;;
2022-03-08 18:00:00;367.9496719521763;;;;;;;
2022-03-08 19:00:00;243.3249405980412;;;;;;;
2022-03-08 20:00:00;294.7933253028285;;;;;;;
2022-03-08 21:00:00;372.2911556575199;;;;;;;
2022-03-08 22:00:00;332.8554566175052;;;;;;;
2022-03-08 23:00:00;318.3430905538287;;;;;;;
2022-03-09 00:00:00;299.185352021191;;;;;;;
2022-03-09 01:00:00;291.4787800947462;;;;;;;
2022-03-09 02:00:00;322.6555670276865;;;;;;;
2022-03-09 03:00:00;297.5760174265637;;;;;;;
2022-03-09 04:00:00;307.3089864376876;;;;;;;
2022-03-09 05:00:00;312.9307235480841;;;;;;;
2022-03-09 06:00:00;277.8267875400484;;;;;;;
2022-03-09 07:00:00;333.9712122719336;;;;;;;
2022-03-09 08:00:00;444.4838482080714;;;;;;;
2022-03-09 09:00:00;226.8452053863807;;;;;;;
2022-03-09 10:00:00;324.3161204768367;;;;;;;
2022-03-09 11:00:00;274.0170900683279;;;;;;;
2022-03-09 12:00:00;336.0715560818136;;;;;;;
2022-03-09 13:00:00;311.4442459070526;;;;;;;
2022-03-09 14:00:00;344.6287819473749;;;;;;;
2022-03-09 15:00:00;363.8191845021926;;;;;;;
2022-03-09 16:00:00;318.211246650753;;;;;;;
2022-03-09 17:00:00;361.8032250012393;;;;;;;
2022-03-09 18:00:00;200.5261339303763;;;;;;;
2022-03-09 19:00:00;383.0696153832539;;;;;;;
2022-03-09 20:00:00;326.6844478962769;;;;;;;
2022-03-09 21:00:00;359.2883290578818;;;;;;;
2022-03-09 22:00:00;252.6910551302694;;;;;;;
2022-03-09 23:00:00;270.7427065613067;;;;;;;
2022-03-10 00:00:00;316.0547853664089;;;;;;;
2022-03-10 01:00:00;308.4938886188922;;;;;;;
2022-03-10 02:00:00;322.4166228491507;;;;;;;
2022-03-10 03:00:00;359.5978517687704;;;;;;;
2022-03-10 04:00:00;227.3910763175596;;;;;;;
2022-03-10 05:00:00;354.4623670432859;;;;;;;
2022-03-10 06:00:00;309.6685411604469;;;;;;;
2022-03-10 07:00:00;299.8303412297291;;;;;;;
2022-03-10 08:00:00;241.0353898744731;;;;;;;
2022-03-10 09:00:00;332.6220813316512;;;;;;;
2022-03-10 10:00:00;197.2874651422122;;;;;;;
2022-03-10 11:00:00;339.3650366925528;;;;;;;
2022-03-10 12:00:00;240.0615803023969;;;;;;;
2022-03-10 13:00:00;311.7643755595362;;;;;;;
2022-03-10 14:00:00;303.7557634770306;;;;;;;
2022-03-10 15:00:00;363.542293265237;;;;;;;
2022-03-10 16:00:00;300.9960350175949;;;;;;;
2022-03-10 17:00:00;277.0813953463771;;;;;;;
2022-03-10 18:00:00;285.7816807668837;;;;;;;
2022-03-10 19:00:00;368.3367239334538;;;;;;;
2022-03-10 20:00:00;334.1645580545586;;;;;;;
2022-03-10 21:00:00;291.3939253517383;;;;;;;
2022-03-10 22:00:00;298.3149458424081;;;;;;;
2022-03-10 23:00:00;236.5788259729975;;;;;;;
2022-03-11 00:00:00;327.3066683654671;;;;;;;
2022-03-11 01:00:00;227.6418103770225;;;;;;;
2022-03-11 02:00:00;344.1621503931013;;;;;;;
2022-03-11 03:00:00;315.2514177183746;;;;;;;
2022-03-11 04:00:00;420.0213365661235;;;;;;;
2022-03-11 05:00:00;258.2461196938217;;;;;;;
2022-03-11 06:00:00;304.5215551506909;;;;;;;
2022-03-11 07:00:00;392.7116501213296;;;;;;;
2022-03-11 08:00:00;364.5560418928175;;;;;;;
2022-03-11 09:00:00;276.985200634087;;;;;;;
2022-03-11 10:00:00;319.6747635411059;;;;;;;
2022-03-11 11:00:00;309.3770768640496;;;;;;;
2022-03-11 12:00:00;322.3650007930602;;;;;;;
2022-03-11 13:00:00;276.8706857447327;;;;;;;
2022-03-11 14:00:00;305.1405114044218;;;;;;;
2022-03-11 15:00:00;235.1464397518151;;;;;;;
2022-03-11 16:00:00;315.5530561931787;;;;;;;
2022-03-11 17:00:00;330.16197221622;;;;;;;
2022-03-11 18:00:00;298.7337326174573;;;;;;;
2022-03-11 19:00:00;234.357833610971;;;;;;;
2022-03-11 20:00:00;355.1449323866156;;;;;;;
2022-03-11 21:00:00;326.195603277947;;;;;;;
2022-03-11 22:00:00;275.6025583996927;;;;;;;
2022-03-11 23:00:00;296.2665236064415;;;;;;;
2022-03-12 00:00:00;239.6642937367825;;;;;;;
2022-03-12 01:00:00;261.7128300923783;;;;;;;
2022-03-12 02:00:00;284.3338288283019;;;;;;;
2022-03-12 03:00:00;366.2740160278351;;;;;;;
2022-03-12 04:00:00;279.6160655802655;;;;;;;
2022-03-12 05:00:00;338.9855285041294;;;;;;;
2022-03-12 06:00:00;284.3104071980929;;;;;;;
2022-03-12 07:00:00;320.7872653912975;;;;;;;
2022-03-12 08:00:00;302.7246096352617;;;;;;;
2022-03-12 09:00:00;349.787729144056;;;;;;;
2022-03-12 10:00:00;284.4730071505136;;;;;;;
2022-03-12 11:00:00;236.330571516629;;;;;;;
2022-03-12 12:00:00;245.1720461637972;;;;;;;
2022-03-12 13:00:00;284.6091159559148;;;;;;;
2022-03-12 14:00:00;251.3371216076436;;;;;;;
2022-03-12 15:00:00;328.3151431617194;;;;;;;
2022-03-12 16:00:00;287.6761028037897;;;;;;;
2022-03-12 17:00:00;419.4486077467554;;;;;;;
2022-03-12 18:00:00;228.6671395170745;;;;;;;
2022-03-12 19:00:00;318.731403849769;;;;;;;
2022-03-12 20:00:00;256.9555936040574;;;;;;;
2022-03-12 21:00:00;286.3941266126471;;;;;;;
2022-03-12 22:00:00;315.8451453024971;;;;;;;
2022-03-12 23:00:00;201.4041852642832;;;;;;;
2022-03-13 00:00:00;320.2713121492142;;;;;;;
2022-03-13 01:00:00;397.5652379059015;;;;;;;
2022-03-13 02:00:00;288.2481179623593;;;;;;;
2022-03-13 03:00:00;321.3374959291858;;;;;;;
2022-03-13 04:00:00;356.8331529810736;;;;;;;
2022-03-13 05:00:00;301.6780843750594;;;;;;;
2022-03-13 06:00:00;282.3320397724755;;;;;;;
2022-03-13 07:00:00;203.7068830200641;;;;;;;
2022-03-13 08:00:00;339.0215783784222;;;;;;;
2022-03-13 09:00:00;304.0341392037644;;;;;;;
2022-03-13 10:00:00;262.303235755999;;;;;;;
2022-03-13 11:00:00;315.157478070166;;;;;;;
2022-03-13 12:00:00;282.2058439626251;;;;;;;
2022-03-13 13:00:00;284.7692338174168;;;;;;;
2022-03-13 14:00:00;337.4117737457105;;;;;;;
2022-03-13 15:00:00;247.1932170411667;;;;;;;
2022-03-13 16:00:00;357.8720510609696;;;;;;;
2022-03-13 17:00:00;244.4419589464041;;;;;;;
2022-03-13 18:00:00;278.5398481166252;;;;;;;
2022-03-13 19:00:00;398.4948877405972;;;;;;;
2022-03-13 20:00:00;361.5852942942424;;;;;;;
2022-03-13 21:00:00;313.8124291133324;;;;;;;
2022-03-13 22:00:00;265.6506340030476;;;;;;;
2022-03-13 23:00:00;284.7299774912041;;;;;;;
2022-03-14 00:00:00;312.6837573175591;;;;;;;
2022-03-14 01:00:00;311.0251235430056;;;;;;;
2022-03-14 02:00:00;305.0685783542336;;;;;;;
2022-03-14 03:00:00;307.8539194457764;;;;;;;
2022-03-14 04:00:00;299.3388923748897;;;;;;;
2022-03-14 05:00:00;242.3871092109255;;;;;;;
2022-03-14 06:00:00;285.3220202655222;;;;;;;
2022-03-14 07:00:00;351.7161534097078;;;;;;;
2022-03-14 08:00:00;245.8036697200855;;;;;;;
2022-03-14 09:00:00;300.4903392614048;;;;;;;
2022-03-14 10:00:00;271.2537657858969;;;;;;;
2022-03-14 11:00:00;314.450162724751;;;;;;;
2022-03-14 12:00:00;291.2545989717936;;;;;;;
2022-03-14 13:00:00;377.8245259976742;;;;;;;
2022-03-14 14:00:00;332.7860554886084;;;;;;;
2022-03-14 15:00:00;248.4262986295994;;;;;;;
2022-03-14 16:00:00;340.4243664392629;;;;;;;
2022-03-14 17:00:00;273.3461703695094;;;;;;;
2022-03-14 18:00:00;282.5159317472824;;;;;;;
2022-03-14 19:00:00;323.8432168278548;;;;;;;
2022-03-14 20:00:00;286.4708563716541;;;;;;;
2022-03-14 21:00:00;350.7062672175329;;;;;;;
2022-03-14 22:00:00;273.3527486034029;;;;;;;
2022-03-14 23:00:00;280.5697517477247;;;;;;;
2022-03-15 00:00:00;278.8335374630857;;;;;;;
2022-03-15 01:00:00;283.0428419567098;;;;;;;
2022-03-15 02:00:00;360.2787285813229;;;;;;;
2022-03-15 03:00:00;338.4558466728249;;;;;;;
2022-03-15 04:00:00;388.6131497490004;;;;;;;
2022-03-15 05:00:00;414.4863412507563;;;;;;;
2022-03-15 06:00:00;261.4666287548373;;;;;;;
2022-03-15 07:00:00;312.5512512268472;;;;;;;
2022-03-15 08:00:00;254.7172739062497;;;;;;;
2022-03-15 09:00:00;273.2091231702516;;;;;;;
2022-03-15 10:00:00;280.053125181281;;;;;;;
2022-03-15 11:00:00;260.2401072418459;;;;;;;
2022-03-15 12:00:00;260.4844852130972;;;;;;;
2022-03-15 13:00:00;302.5905870097958;;;;;;;
2022-03-15 14:00:00;252.8375318657976;;;;;;;
2022-03-15 15:00:00;348.3528211918469;;;;;;;
2022-03-15 16:00:00;266.7073044168634;;;;;;;
2022-03-15 17:00:00;439.6276662872775;;;;;;;
2022-03-15 18:00:00;288.3434013824671;;;;;;;
2022-03-15 19:00:00;312.6254105518747;;;;;;;
2022-03-15 20:00:00;249.1900135374707;;;;;;;
2022-03-15 21:00:00;388.4344361804833;;;;;;;
2022-03-15 22:00:00;361.2209226848125;;;;;;;
2022-03-15 23:00:00;323.0590349653805;;;;;;;
2022-03-16 00:00:00;246.8025845662717;;;;;;;
2022-03-16 01:00:00;319.0577157738052;;;;;;;
2022-03-16 02:00:00;257.2581654113355;;;;;;;
2022-03-16 03:00:00;377.1268547271264;;;;;;;
2022-03-16 04:00:00;346.8250079565425;;;;;;;
2022-03-16 05:00:00;313.7119911636539;;;;;;;
2022-03-16 06:00:00;196.2544023635714;;;;;;;
2022-03-16 07:00:00;263.6610498794875;;;;;;;
2022-03-16 08:00:00;341.1913816586578;;;;;;;
2022-03-16 09:00:00;365.5532078595792;;;;;;;
2022-03-16 10:00:00;360.7416462991347;;;;;;;
2022-03-16 11:00:00;235.4266222604717;;;;;;;
2022-03-16 12:00:00;323.2741315132568;;;;;;;
2022-03-16 13:00:00;356.3967616192684;;;;;;;
2022-03-16 14:00:00;232.3497429107659;;;;;;;
2022-03-16 15:00:00;308.9176100242195;;;;;;;
2022-03-16 16:00:00;321.9885954759738;;;;;;;
2022-03-16 17:00:00;295.331055845271;;;;;;;
2022-03-16 18:00:00;223.3576280326121;;;;;;;
2022-03-16 19:00:00;294.1743235806856;;;;;;;
2022-03-16 20:00:00;294.0997557409478;;;;;;;
2022-03-16 21:00:00;302.4148504508774;;;;;;;
2022-03-16 22:00:00;283.1433898069655;;;;;;;
2022-03-16 23:00:00;288.7318144454679;;;;;;;
2022-03-17 00:00:00;307.44224183643;;;;;;;
2022-03-17 01:00:00;329.8109622641593;;;;;;;
2022-03-17 02:00:00;295.16115770916;;;;;;;
2022-03-17 03:00:00;290.2796228003;;;;;;;
2022-03-17 04:00:00;313.568869833092;;;;;;;
2022-03-17 05:00:00;220.1679446269191;;;;;;;
2022-03-17 06:00:00;331.4152442682656;;;;;;;
2022-03-17 07:00:00;309.2581978584949;;;;;;;
2022-03-17 08:00:00;311.1258092410357;;;;;;;
2022-03-17 09:00:00;353.8553301843744;;;;;;;
2022-03-17 10:00:00;218.6880375132869;;;;;;;
2022-03-17 11:00:00;217.7129410684106;;;;;;;
2022-03-17 12:00:00;321.9868069009061;;;;;;;
2022-03-17 13:00:00;308.9541516688648;;;;;;;
2022-03-17 14:00:00;317.1792804848311;;;;;;;
2022-03-17 15:00:00;287.8450225966901;;;;;;;
2022-03-17 16:00:00;340.1054477237789;;;;;;;
2022-03-17 17:00:00;352.5519071786287;;;;;;;
2022-03-17 18:00:00;331.7375417302242;;;;;;;
2022-03-17 19:00:00;297.183798510323;;;;;;;
2022-03-17 20:00:00;211.5030291217085;;;;;;;
2022-03-17 21:00:00;344.9712262180026;;;;;;;
2022-03-17 22:00:00;365.9635496497596;;;;;;;
2022-03-17 23:00:00;339.1870930856389;;;;;;;
2022-03-18 00:00:00;268.4753797384503;;;;;;;
2022-03-18 01:00:00;340.5434276990791;;;;;;;
2022-03-18 02:00:00;349.2065734441966;;;;;;;
2022-03-18 03:00:00;381.6019352393051;;;;;;;
2022-03-18 04:00:00;268.6392619139174;;;;;;;
2022-03-18 05:00:00;298.7784935480756;;;;;;;
2022-03-18 06:00:00;343.9522508139221;;;;;;;
2022-03-18 07:00:00;311.9477266733892;;;;;;;
2022-03-18 08:00:00;257.4485350437142;;;;;;;
2022-03-18 09:00:00;328.5194688801806;;;;;;;
2022-03-18 10:00:00;336.1299670376314;;;;;;;
2022-03-18 11:00:00;313.3651531305803;;;;;;;
2022-03-18 12:00:00;319.4714477049392;;;;;;;
2022-03-18 13:00:00;297.2822695374945;;;;;;;
2022-03-18 14:00:00;377.8655960517535;;;;;;;
2022-03-18 15:00:00;267.4988257973429;;;;;;;
2022-03-18 16:00:00;282.0369558896789;;;;;;;
2022-03-18 17:00:00;309.7939684897608;;;;;;;
2022-03-18 18:00:00;350.0613264284471;;;;;;;
2022-03-18 19:00:00;239.8172147002753;;;;;;;
2022-03-18 20:00:00;248.4961852576972;;;;;;;
2022-03-18 21:00:00;214.7486996106936;;;;;;;
2022-03-18 22:00:00;310.801139508676;;;;;;;
2022-03-18 23:00:00;257.4031530521385;;;;;;;
2022-03-19 00:00:00;291.4440234505972;;;;;;;
2022-03-19 01:00:00;339.9674071251462;;;;;;;
2022-03-19 02:00:00;279.5214556658377;;;;;;;
2022-03-19 03:00:00;320.014106944536;;;;;;;
2022-03-19 04:00:00;295.3972431738546;;;;;;;
2022-03-19 05:00:00;340.4654844049483;;;;;;;
2022-03-19 06:00:00;331.326770710202;;;;;;;
2022-03-19 07:00:00;277.1836848713381;;;;;;;
2022-03-19 08:00:00;301.4601199590854;;;;;;;
2022-03-19 09:00:00;357.7063417011377;;;;;;;
2022-03-19 10:00:00;327.5341161823685;;;;;;;
2022-03-19 11:00:00;244.4755521119777;;;;;;;
2022-03-19 12:00:00;339.700179499758;;;;;;;
2022-03-19 13:00:00;258.9663623696122;;;;;;;
2022-03-19 14:00:00;374.8145433773043;;;;;;;
2022-03-19 15:00:00;356.7949786381201;;;;;;;
2022-03-19 16:00:00;322.7328763317984;;;;;;;
2022-03-19 17:00:00;316.5787694184189;;;;;;;
2022-03-19 18:00:00;299.5867615060167;;;;;;;
2022-03-19 19:00:00;340.7628444071591;;;;;;;
2022-03-19 20:00:00;292.0829402440261;;;;;;;
2022-03-19 21:00:00;320.2130315635939;;;;;;;
2022-03-19 22:00:00;349.7356657566766;;;;;;;
2022-03-19 23:00:00;283.2206280872456;;;;;;;
2022-03-20 00:00:00;280.6975084069542;;;;;;;
2022-03-20 01:00:00;253.874543839293;;;;;;;
2022-03-20 02:00:00;259.9006117810378;;;;;;;
2022-03-20 03:00:00;224.4602209457918;;;;;;;
2022-03-20 04:00:00;343.1430116903204;;;;;;;
2022-03-20 05:00:00;393.2046574248757;;;;;;;
2022-03-20 06:00:00;375.4091056885737;;;;;;;
2022-03-20 07:00:00;233.8459557784888;;;;;;;
2022-03-20 08:00:00;342.9122492088557;;;;;;;
2022-03-20 09:00:00;375.2596010398233;;;;;;;
2022-03-20 10:00:00;288.091696688276;;;;;;;
2022-03-20 11:00:00;313.9907363875706;;;;;;;
2022-03-20 12:00:00;216.1328454683468;;;;;;;
2022-03-20 13:00:00;321.6589186320638;;;;;;;
2022-03-20 14:00:00;259.9429690432178;;;;;;;
2022-03-20 15:00:00;318.545918582352;;;;;;;
2022-03-20 16:00:00;236.8559834657893;;;;;;;
2022-03-20 17:00:00;334.4689520633793;;;;;;;
2022-03-20 18:00:00;356.8141775668642;;;;;;;
2022-03-20 19:00:00;272.9505336125583;;;;;;;
2022-03-20 20:00:00;256.5394720595484;;;;;;;
2022-03-20 21:00:00;209.2607028713958;;;;;;;
2022-03-20 22:00:00;296.9246920594898;;;;;;;
2022-03-20 23:00:00;282.3026386288331;;;;;;;
2022-03-21 00:00:00;237.3284234554163;;;;;;;
2022-03-21 01:00:00;330.3010612210673;;;;;;;
2022-03-21 02:00:00;288.4090037927616;;;;;;;
2022-03-21 03:00:00;259.378081524884;;;;;;;
2022-03-21 04:00:00;283.556238901281;;;;;;;
2022-03-21 05:00:00;358.9849760296229;;;;;;;
2022-03-21 06:00:00;337.256162951961;;;;;;;
2022-03-21 07:00:00;303.2520680955072;;;;;;;
2022-03-21 08:00:00;338.0062427542591;;;;;;;
2022-03-21 09:00:00;255.4265414254041;;;;;;;
2022-03-21 10:00:00;310.7860561209044;;;;;;;
2022-03-21 11:00:00;316.1189944775243;;;;;;;
2022-03-21 12:00:00;287.4873615684563;;;;;;;
2022-03-21 13:00:00;329.486386817063;;;;;;;
2022-03-21 14:00:00;273.0779467096419;;;;;;;
2022-03-21 15:00:00;332.9362541731906;;;;;;;
2022-03-21 16:00:00;334.8865112765731;;;;;;;
2022-03-21 17:00:00;173.9495492966857;;;;;;;
2022-03-21 18:00:00;364.5057551950368;;;;;;;
2022-03-21 19:00:00;167.8965759359464;;;;;;;
2022-03-21 20:00:00;280.7041757001604;;;;;;;
2022-03-21 21:00:00;356.8529320752461;;;;;;;
2022-03-21 22:00:00;294.5645499976903;;;;;;;
2022-03-21 23:00:00;241.2640709245389;;;;;;;
2022-03-22 00:00:00;258.5429626826307;;;;;;;
2022-03-22 01:00:00;356.9251984629969;;;;;;;
2022-03-22 02:00:00;220.1406376982943;;;;;;;
2022-03-22 03:00:00;361.6612084086547;;;;;;;
2022-03-22 04:00:00;306.7279891285205;;;;;;;
2022-03-22 05:00:00;253.9659443282553;;;;;;;
2022-03-22 06:00:00;282.2320690077362;;;;;;;
2022-03-22 07:00:00;262.0925904140033;;;;;;;
2022-03-22 08:00:00;349.4708024425751;;;;;;;
2022-03-22 09:00:00;343.2635871455506;;;;;;;
2022-03-22 10:00:00;229.5278837185081;;;;;;;
2022-03-22 11:00:00;290.560614248907;;;;;;;
2022-03-22 12:00:00;269.2388526489099;;;;;;;
2022-03-22 13:00:00;369.2936743529897;;;;;;;
2022-03-22 14:00:00;246.6496479842507;;;;;;;
2022-03-22 15:00:00;383.708757933197;;;;;;;
2022-03-22 16:00:00;307.7396902874517;;;;;;;
2022-03-22 17:00:00;255.3791072625465;;;;;;;
2022-03-22 18:00:00;277.8637784622101;;;;;;;
2022-03-22 19:00:00;272.095100543918;;;;;;;
2022-03-22 20:00:00;250.1513982937089;;;;;;;
2022-03-22 21:00:00;313.6835905699197;;;;;;;
2022-03-22 22:00:00;252.3180672457483;;;;;;;
2022-03-22 23:00:00;208.1313589260166;;;;;;;
2022-03-23 00:00:00;291.67012447812;;;;;;;
2022-03-23 01:00:00;225.645048124774;;;;;;;
2022-03-23 02:00:00;274.3895868727992;;;;;;;
2022-03-23 03:00:00;267.1086309241197;;;;;;;
2022-03-23 04:00:00;268.8663006775417;;;;;;;
2022-03-23 05:00:00;402.1142986860658;;;;;;;
2022-03-23 06:00:00;311.9014034161167;;;;;;;
2022-03-23 07:00:00;320.6677323274124;;;;;;;
2022-03-23 08:00:00;226.8725001754562;;;;;;;
2022-03-23 09:00:00;278.9452398216286;;;;;;;
2022-03-23 10:00:00;319.2727805956097;;;;;;;
2022-03-23 11:00:00;261.7537119836063;;;;;;;
2022-03-23 12:00:00;351.4117614805693;;;;;;;
2022-03-23 13:00:00;253.4880418076043;;;;;;;
2022-03-23 14:00:00;295.9990380236966;;;;;;;
2022-03-23 15:00:00;282.0958338567329;;;;;;;
2022-03-23 16:00:00;316.9075919701929;;;;;;;
2022-03-23 17:00:00;279.5702908372202;;;;;;;
2022-03-23 18:00:00;296.7168486811724;;;;;;;
2022-03-23 19:00:00;298.3296211446858;;;;;;;
2022-03-23 20:00:00;275.2141285440657;;;;;;;
2022-03-23 21:00:00;331.789110617081;;;;;;;
2022-03-23 22:00:00;320.343789437319;;;;;;;
2022-03-23 23:00:00;305.1732858362648;;;;;;;
2022-03-24 00:00:00;289.314219390238;;;;;;;
2022-03-24 01:00:00;346.2381084199349;;;;;;;
2022-03-24 02:00:00;298.3433463151953;;;;;;;
2022-03-24 03:00:00;295.055822043;;;;;;;
2022-03-24 04:00:00;314.141169153321;;;;;;;
2022-03-24 05:00:00;387.9934705724888;;;;;;;
2022-03-24 06:00:00;247.1016473853406;;;;;;;
2022-03-24 07:00:00;345.0000214397048;;;;;;;
2022-03-24 08:00:00;221.4550977334291;;;;;;;
2022-03-24 09:00:00;319.364198621229;;;;;;;
2022-03-24 10:00:00;382.3565849540555;;;;;;;
2022-03-24 11:00:00;331.9549483739915;;;;;;;
2022-03-24 12:00:00;317.2000706703765;;;;;;;
2022-03-24 13:00:00;283.283586377447;;;;;;;
2022-03-24 14:00:00;310.7246832755189;;;;;;;
2022-03-24 15:00:00;297.5904599024465;;;;;;;
2022-03-24 16:00:00;272.8207851492075;;;;;;;
2022-03-24 17:00:00;295.8362239707506;;;;;;;
2022-03-24 18:00:00;318.4877488224153;;;;;;;
2022-03-24 19:00:00;273.6910898612775;;;;;;;
2022-03-24 20:00:00;271.8787725570363;;;;;;;
2022-03-24 21:00:00;246.1790261399078;;;;;;;
2022-03-24 22:00:00;327.4110901088945;;;;;;;
2022-03-24 23:00:00;334.5833116804619;;;;;;;
2022-03-25 00:00:00;320.0316629197443;;;;;;;
2022-03-25 01:00:00;354.0611365607166;;;;;;;
2022-03-25 02:00:00;313.3607338016932;;;;;;;
2022-03-25 03:00:00;327.470746938396;;;;;;;
2022-03-25 04:00:00;323.3801442270159;;;;;;;
2022-03-25 05:00:00;305.0375375068786;;;;;;;
2022-03-25 06:00:00;284.6580910886138;;;;;;;
2022-03-25 07:00:00;412.0047248212956;;;;;;;
2022-03-25 08:00:00;288.3171186070115;;;;;;;
2022-03-25 09:00:00;278.3924910198201;;;;;;;
2022-03-25 10:00:00;329.4191864858781;;;;;;;
2022-03-25 11:00:00;320.9685147151001;;;;;;;
2022-03-25 12:00:00;244.1123213432466;;;;;;;
2022-03-25 13:00:00;361.3683387464717;;;;;;;
2022-03-25 14:00:00;304.9143856273325;;;;;;;
2022-03-25 15:00:00;257.7452859351332;;;;;;;
2022-03-25 16:00:00;364.4351646445853;;;;;;;
2022-03-25 17:00:00;338.3110681142495;;;;;;;
2022-03-25 18:00:00;250.6188696412325;;;;;;;
2022-03-25 19:00:00;391.7325397448816;;;;;;;
2022-03-25 20:00:00;339.8476759800104;;;;;;;
2022-03-25 21:00:00;308.8112966198907;;;;;;;
2022-03-25 22:00:00;383.0587830573864;;;;;;;
2022-03-25 23:00:00;316.6745674716745;;;;;;;
2022-03-26 00:00:00;307.9814732011679;;;;;;;
2022-03-26 01:00:00;278.6512504271013;;;;;;;
2022-03-26 02:00:00;336.2779041690399;;;;;;;
2022-03-26 03:00:00;331.3951952259378;;;;;;;
2022-03-26 04:00:00;309.965371990863;;;;;;;
2022-03-26 05:00:00;272.6347624165605;;;;;;;
2022-03-26 06:00:00;315.3121114420255;;;;;;;
2022-03-26 07:00:00;306.0461709116183;;;;;;;
2022-03-26 08:00:00;247.4209164540787;;;;;;;
2022-03-26 09:00:00;241.0030487735445;;;;;;;
2022-03-26 10:00:00;335.5032833151839;;;;;;;
2022-03-26 11:00:00;188.5758321334808;;;;;;;
2022-03-26 12:00:00;318.8138597419524;;;;;;;
2022-03-26 13:00:00;287.1047823098869;;;;;;;
2022-03-26 14:00:00;369.9773460350875;;;;;;;
2022-03-26 15:00:00;286.3910243932685;;;;;;;
2022-03-26 16:00:00;339.8795405795629;;;;;;;
2022-03-26 17:00:00;290.8704372175037;;;;;;;
2022-03-26 18:00:00;314.5613994948807;;;;;;;
2022-03-26 19:00:00;343.4681193952699;;;;;;;
2022-03-26 20:00:00;287.8251367985092;;;;;;;
2022-03-26 21:00:00;355.5171416074937;;;;;;;
2022-03-26 22:00:00;263.1840453818449;;;;;;;
2022-03-26 23:00:00;322.9512635363403;;;;;;;
2022-03-27 00:00:00;352.0880215125911;;;;;;;
2022-03-27 01:00:00;339.9052085897683;;;;;;;
2022-03-27 02:00:00;398.1932744127262;;;;;;;
2022-03-27 03:00:00;273.8663497446652;;;;;;;
2022-03-27 04:00:00;245.3019353731111;;;;;;;
2022-03-27 05:00:00;263.1544825302011;;;;;;;
2022-03-27 06:00:00;339.9240010805212;;;;;;;
2022-03-27 07:00:00;332.3842849523652;;;;;;;
2022-03-27 08:00:00;314.0282786637698;;;;;;;
2022-03-27 09:00:00;257.1873700868139;;;;;;;
2022-03-27 10:00:00;344.8613259913028;;;;;;;
2022-03-27 11:00:00;252.4670235099478;;;;;;;
2022-03-27 12:00:00;363.0510616979546;;;;;;;
2022-03-27 13:00:00;441.8484569825096;;;;;;;
2022-03-27 14:00:00;326.2849605556625;;;;;;;
2022-03-27 15:00:00;336.336252033396;;;;;;;
2022-03-27 16:00:00;286.4192515481317;;;;;;;
2022-03-27 17:00:00;225.3037316281432;;;;;;;
2022-03-27 18:00:00;281.3225740445331;;;;;;;
2022-03-27 19:00:00;258.582016970417;;;;;;;
2022-03-27 20:00:00;242.1539471478723;;;;;;;
2022-03-27 21:00:00;389.1891603117491;;;;;;;
2022-03-27 22:00:00;321.9431362347277;;;;;;;
2022-03-27 23:00:00;326.899033783798;;;;;;;
2022-03-28 00:00:00;294.9479555464893;;;;;;;
2022-03-28 01:00:00;301.2643741110961;;;;;;;
2022-03-28 02:00:00;354.0323819107258;;;;;;;
2022-03-28 03:00:00;307.784116853356;;;;;;;
2022-03-28 04:00:00;333.9046186012;;;;;;;
2022-03-28 05:00:00;300.1911629869169;;;;;;;
2022-03-28 06:00:00;293.4109427301692;;;;;;;
2022-03-28 07:00:00;244.0138474734731;;;;;;;
2022-03-28 08:00:00;217.5313049196901;;;;;;;
2022-03-28 09:00:00;297.1497721629282;;;;;;;
2022-03-28 10:00:00;311.9053525821151;;;;;;;
2022-03-28 11:00:00;249.6173430750177;;;;;;;
2022-03-28 12:00:00;307.6849411394611;;;;;;;
2022-03-28 13:00:00;311.7780451706382;;;;;;;
2022-03-28 14:00:00;209.2614004540146;;;;;;;
2022-03-28 15:00:00;266.8292650262387;;;;;;;
2022-03-28 16:00:00;328.1783719774763;;;;;;;
2022-03-28 17:00:00;327.2410008961617;;;;;;;
2022-03-28 18:00:00;255.7622868756291;;;;;;;
2022-03-28 19:00:00;316.6351460922247;;;;;;;
2022-03-28 20:00:00;356.7165001626105;;;;;;;
2022-03-28 21:00:00;345.3347938481399;;;;;;;
2022-03-28 22:00:00;304.8637614285195;;;;;;;
2022-03-28 23:00:00;287.5736609487928;;;;;;;
2022-03-29 00:00:00;280.0873641582142;;;;;;;
2022-03-29 01:00:00;330.9877200412073;;;;;;;
2022-03-29 02:00:00;318.3357114163602;;;;;;;
2022-03-29 03:00:00;338.4840400646766;;;;;;;
2022-03-29 04:00:00;315.4022968459705;;;;;;;
2022-03-29 05:00:00;347.268949343828;;;;;;;
2022-03-29 06:00:00;313.672719530388;;;;;;;
2022-03-29 07:00:00;345.6881089900541;;;;;;;
2022-03-29 08:00:00;349.6840958674033;;;;;;;
2022-03-29 09:00:00;271.9602004905892;;;;;;;
2022-03-29 10:00:00;225.3997307389072;;;;;;;
2022-03-29 11:00:00;380.8910425148034;;;;;;;
2022-03-29 12:00:00;321.191399630161;;;;;;;
2022-03-29 13:00:00;229.7447804079835;;;;;;;
2022-03-29 14:00:00;276.1683446026223;;;;;;;
2022-03-29 15:00:00;345.0936139364079;;;;;;;
2022-03-29 16:00:00;296.3093725849362;;;;;;;
2022-03-29 17:00:00;285.5284361349071;;;;;;;
2022-03-29 18:00:00;374.2749407598021;;;;;;;
2022-03-29 19:00:00;260.6978972642281;;;;;;;
2022-03-29 20:00:00;272.2558734782596;;;;;;;
2022-03-29 21:00:00;319.0910997992968;;;;;;;
2022-03-29 22:00:00;327.3985597313434;;;;;;;
2022-03-29 23:00:00;332.3109892107625;;;;;;;
2022-03-30 00:00:00;351.5590674659346;;;;;;;
2022-03-30 01:00:00;318.4969095172867;;;;;;;
2022-03-30 02:00:00;331.9881383458764;;;;;;;
2022-03-30 03:00:00;297.2589174440702;;;;;;;
2022-03-30 04:00:00;312.1930617508926;;;;;;;
2022-03-30 05:00:00;314.2731168114166;;;;;;;
2022-03-30 06:00:00;319.2632935717239;;;;;;;
2022-03-30 07:00:00;345.1244889495624;;;;;;;
2022-03-30 08:00:00;335.0389997550986;;;;;;;
2022-03-30 09:00:00;311.3356652858466;;;;;;;
2022-03-30 10:00:00;271.7468242452289;;;;;;;
2022-03-30 11:00:00;312.4237702947181;;;;;;;
2022-03-30 12:00:00;307.9845021868328;;;;;;;
2022-03-30 13:00:00;318.2465264988874;;;;;;;
2022-03-30 14:00:00;411.6508737742082;;;;;;;
2022-03-30 15:00:00;284.9851151664105;;;;;;;
2022-03-30 16:00:00;328.8754273340575;;;;;;;
2022-03-30 17:00:00;358.8531062406683;;;;;;;
2022-03-30 18:00:00;313.8308897503208;;;;;;;
2022-03-30 19:00:00;417.7431476172981;;;;;;;
2022-03-30 20:00:00;291.7460775529439;;;;;;;
2022-03-30 21:00:00;324.3196787062035;;;;;;;
2022-03-30 22:00:00;272.2256075112603;;;;;;;
2022-03-30 23:00:00;292.9761580492839;;;;;;;
2022-03-31 00:00:00;320.8330247587444;;;;;;;
2022-03-31 01:00:00;348.5466080697698;;;;;;;
2022-03-31 02:00:00;324.0879758069222;;;;;;;
2022-03-31 03:00:00;367.6979936911693;;;;;;;
2022-03-31 04:00:00;304.8786291783919;;;;;;;
2022-03-31 05:00:00;293.8741436727195;;;;;;;
2022-03-31 06:00:00;434.7293512825556;;;;;;;
2022-03-31 07:00:00;327.574050008424;;;;;;;
2022-03-31 08:00:00;275.9056671663379;;;;;;;
2022-03-31 09:00:00;277.0755869356773;;;;;;;
2022-03-31 10:00:00;265.5509037721775;;;;;;;
2022-03-31 11:00:00;352.7342540793053;;;;;;;
2022-03-31 12:00:00;292.3798938589432;;;;;;;
2022-03-31 13:00:00;315.1930039539986;;;;;;;
2022-03-31 14:00:00;306.3379858334922;;;;;;;
2022-03-31 15:00:00;343.2201913778885;;;;;;;
2022-03-31 16:00:00;270.0016205969621;;;;;;;
2022-03-31 17:00:00;259.3856747257016;;;;;;;
2022-03-31 18:00:00;319.6900674926054;;;;;;;
2022-03-31 19:00:00;337.1644141111204;;;;;;;
2022-03-31 20:00:00;324.7113760464854;;;;;;;
2022-03-31 21:00:00;271.7316193258821;;;;;;;
2022-03-31 22:00:00;340.714637374548;;;;;;;
2022-03-31 23:00:00;274.7746431145031;;;;;;;
2022-04-01 00:00:00;285.0887625477619;;;;;;;
2022-04-01 01:00:00;265.4918176226407;;;;;;;
2022-04-01 02:00:00;369.6485029646731;;;;;;;
2022-04-01 03:00:00;338.6704241491457;;;;;;;
2022-04-01 04:00:00;337.3515662747705;;;;;;;
2022-04-01 05:00:00;367.1457621345065;;;;;;;
2022-04-01 06:00:00;439.7705685475353;;;;;;;
2022-04-01 07:00:00;229.9887960687091;;;;;;;
2022-04-01 08:00:00;275.0290764593018;;;;;;;
2022-04-01 09:00:00;280.6983275070227;;;;;;;
2022-04-01 10:00:00;269.8125459906452;;;;;;;
2022-04-01 11:00:00;259.292380898084;;;;;;;
2022-04-01 12:00:00;295.3826222383273;;;;;;;
2022-04-01 13:00:00;252.8428532462258;;;;;;;
2022-04-01 14:00:00;324.8278241191073;;;;;;;
2022-04-01 15:00:00;311.6827434645114;;;;;;;
2022-04-01 16:00:00;331.6005150503573;;;;;;;
2022-04-01 17:00:00;332.8391888702135;;;;;;;
2022-04-01 18:00:00;337.2594062467555;;;;;;;
2022-04-01 19:00:00;291.9608919792768;;;;;;;
2022-04-01 20:00:00;407.6897811146043;;;;;;;
2022-04-01 21:00:00;320.1602017425492;;;;;;;
2022-04-01 22:00:00;222.8787214931708;;;;;;;
2022-04-01 23:00:00;262.7814560738684;;;;;;;
2022-04-02 00:00:00;228.5377785402225;;;;;;;
2022-04-02 01:00:00;310.0885207773636;;;;;;;
2022-04-02 02:00:00;303.633454515123;;;;;;;
2022-04-02 03:00:00;287.5528128082844;;;;;;;
2022-04-02 04:00:00;402.576509141741;;;;;;;
2022-04-02 05:00:00;334.753090777673;;;;;;;
2022-04-02 06:00:00;342.9699472764157;;;;;;;
2022-04-02 07:00:00;266.0893566379511;;;;;;;
2022-04-02 08:00:00;262.9313439671109;;;;;;;
2022-04-02 09:00:00;310.9918259971683;;;;;;;
2022-04-02 10:00:00;317.3105807935893;;;;;;;
2022-04-02 11:00:00;223.1651119169104;;;;;;;
2022-04-02 12:00:00;300.9194011436973;;;;;;;
2022-04-02 13:00:00;309.9371626156163;;;;;;;
2022-04-02 14:00:00;299.3029818641213;;;;;;;
2022-04-02 15:00:00;271.548986164766;;;;;;;
2022-04-02 16:00:00;284.2538555314028;;;;;;;
2022-04-02 17:00:00;301.0793550744341;;;;;;;
2022-04-02 18:00:00;313.4967749783748;;;;;;;
2022-04-02 19:00:00;337.3422045571571;;;;;;;
2022-04-02 20:00:00;359.4281031112025;;;;;;;
2022-04-02 21:00:00;295.6287510351025;;;;;;;
2022-04-02 22:00:00;288.1220274883126;;;;;;;
2022-04-02 23:00:00;329.5883271262745;;;;;;;
2022-04-03 00:00:00;337.6230347454579;;;;;;;
2022-04-03 01:00:00;289.1406134707782;;;;;;;
2022-04-03 02:00:00;345.9527679525922;;;;;;;
2022-04-03 03:00:00;354.7298795528598;;;;;;;
2022-04-03 04:00:00;369.2090772290401;;;;;;;
2022-04-03 05:00:00;391.7853376619017;;;;;;;
2022-04-03 06:00:00;269.0889822976576;;;;;;;
2022-04-03 07:00:00;309.9290961615953;;;;;;;
2022-04-03 08:00:00;309.8075236371218;;;;;;;
2022-04-03 09:00:00;304.7344288612314;;;;;;;
2022-04-03 10:00:00;279.1632951975028;;;;;;;
2022-04-03 11:00:00;240.3651660095663;;;;;;;
2022-04-03 12:00:00;313.5839663615025;;;;;;;
2022-04-03 13:00:00;273.6382676087538;;;;;;;
2022-04-03 14:00:00;313.2737867262339;;;;;;;
2022-04-03 15:00:00;272.446538728768;;;;;;;
2022-04-03 16:00:00;258.2682586311217;;;;;;;
2022-04-03 17:00:00;320.1540428352625;;;;;;;
2022-04-03 18:00:00;316.2859707262515;;;;;;;
2022-04-03 19:00:00;336.1587461373102;;;;;;;
2022-04-03 20:00:00;410.6923301839016;;;;;;;
2022-04-03 21:00:00;322.1485171000606;;;;;;;
2022-04-03 22:00:00;331.7885491995577;;;;;;;
2022-04-03 23:00:00;259.2933977663105;;;;;;;
2022-04-04 00:00:00;249.5812772527246;;;;;;;
2022-04-04 01:00:00;382.7159711318051;;;;;;;
2022-04-04 02:00:00;266.4416488622415;;;;;;;
2022-04-04 03:00:00;260.8529913627198;;;;;;;
2022-04-04 04:00:00;307.4704189276925;;;;;;;
2022-04-04 05:00:00;305.1000565198611;;;;;;;
2022-04-04 06:00:00;267.4146545611552;;;;;;;
2022-04-04 07:00:00;295.1358061748481;;;;;;;
2022-04-04 08:00:00;366.3183166167408;;;;;;;
2022-04-04 09:00:00;271.8921434681383;;;;;;;
2022-04-04 10:00:00;244.6281641327996;;;;;;;
2022-04-04 11:00:00;353.013735688192;;;;;;;
2022-04-04 12:00:00;332.1232788775043;;;;;;;
2022-04-04 13:00:00;280.4968193473744;;;;;;;
2022-04-04 14:00:00;235.8834036306012;;;;;;;
2022-04-04 15:00:00;274.7392719982088;;;;;;;
2022-04-04 16:00:00;306.7464377307491;;;;;;;
2022-04-04 17:00:00;363.3629366238376;;;;;;;
2022-04-04 18:00:00;261.1945385203525;;;;;;;
2022-04-04 19:00:00;305.363220295198;;;;;;;
2022-04-04 20:00:00;340.6060701251498;;;;;;;
2022-04-04 21:00:00;198.8110234119798;;;;;;;
2022-04-04 22:00:00;357.2443994426963;;;;;;;
2022-04-04 23:00:00;254.427307998669;;;;;;;
2022-04-05 00:00:00;324.6864715617399;;;;;;;
2022-04-05 01:00:00;320.7286060053902;;;;;;;
2022-04-05 02:00:00;359.6011563418707;;;;;;;
2022-04-05 03:00:00;334.8431624204216;;;;;;;
2022-04-05 04:00:00;198.9955199404266;;;;;;;
2022-04-05 05:00:00;272.8763338864439;;;;;;;
2022-04-05 06:00:00;315.6960233726579;;;;;;;
2022-04-05 07:00:00;300.2386881597115;;;;;;;
2022-04-05 08:00:00;331.4419479939653;;;;;;;
2022-04-05 09:00:00;345.905126354142;;;;;;;
2022-04-05 10:00:00;337.512008788479;;;;;;;
2022-04-05 11:00:00;299.3435393942723;;;;;;;
2022-04-05 12:00:00;223.6278579842276;;;;;;;
2022-04-05 13:00:00;288.1533400791337;;;;;;;
2022-04-05 14:00:00;328.600742449266;;;;;;;
2022-04-05 15:00:00;258.6955856419683;;;;;;;
2022-04-05 16:00:00;338.5708279060126;;;;;;;
2022-04-05 17:00:00;351.4270921051124;;;;;;;
2022-04-05 18:00:00;315.1700164264701;;;;;;;
2022-04-05 19:00:00;167.1474598829236;;;;;;;
2022-04-05 20:00:00;249.9904176278099;;;;;;;
2022-04-05 21:00:00;396.7896315227772;;;;;;;
2022-04-05 22:00:00;283.9289858577268;;;;;;;
2022-04-05 23:00:00;217.2346628688423;;;;;;;
2022-04-06 00:00:00;366.5907189681051;;;;;;;
2022-04-06 01:00:00;309.9039226854031;;;;;;;
2022-04-06 02:00:00;360.5454368266134;;;;;;;
2022-04-06 03:00:00;322.1331678144384;;;;;;;
2022-04-06 04:00:00;330.5580941167386;;;;;;;
2022-04-06 05:00:00;326.1252817528007;;;;;;;
2022-04-06 06:00:00;341.642651313408;;;;;;;
2022-04-06 07:00:00;414.9403510564552;;;;;;;
2022-04-06 08:00:00;354.3318767827411;;;;;;;
2022-04-06 09:00:00;235.9681953940103;;;;;;;
2022-04-06 10:00:00;330.0061319742007;;;;;;;
2022-04-06 11:00:00;362.2406371426437;;;;;;;
2022-04-06 12:00:00;365.0807968492969;;;;;;;
2022-04-06 13:00:00;289.4929865199222;;;;;;;
2022-04-06 14:00:00;363.3291792594458;;;;;;;
2022-04-06 15:00:00;352.324748200622;;;;;;;
2022-04-06 16:00:00;428.630217902394;;;;;;;
2022-04-06 17:00:00;274.4897547157257;;;;;;;
2022-04-06 18:00:00;285.7446649808141;;;;;;;
2022-04-06 19:00:00;295.0826480984894;;;;;;;
2022-04-06 20:00:00;286.5416176718765;;;;;;;
2022-04-06 21:00:00;267.9939018784789;;;;;;;
2022-04-06 22:00:00;181.1164885616691;;;;;;;
2022-04-06 23:00:00;289.1174616620759;;;;;;;
2022-04-07 00:00:00;326.4198199538142;;;;;;;
2022-04-07 01:00:00;286.4024538553212;;;;;;;
2022-04-07 02:00:00;399.0717798322746;;;;;;;
2022-04-07 03:00:00;309.904860799131;;;;;;;
2022-04-07 04:00:00;369.1785782161628;;;;;;;
2022-04-07 05:00:00;321.4123066689143;;;;;;;
2022-04-07 06:00:00;347.6235450344085;;;;;;;
2022-04-07 07:00:00;322.2390766035408;;;;;;;
2022-04-07 08:00:00;372.7858653335671;;;;;;;
2022-04-07 09:00:00;311.8794960172307;;;;;;;
2022-04-07 10:00:00;332.3006749071673;;;;;;;
2022-04-07 11:00:00;326.2794763451807;;;;;;;
2022-04-07 12:00:00;295.9099955811801;;;;;;;
2022-04-07 13:00:00;328.0725236799058;;;;;;;
2022-04-07 14:00:00;412.9434165187982;;;;;;;
2022-04-07 15:00:00;296.7398912125136;;;;;;;
2022-04-07 16:00:00;328.7444086374041;;;;;;;
2022-04-07 17:00:00;367.6360178236196;;;;;;;
2022-04-07 18:00:00;362.1836907626922;;;;;;;
2022-04-07 19:00:00;309.8278770708108;;;;;;;
2022-04-07 20:00:00;198.7126077722214;;;;;;;
2022-04-07 21:00:00;333.2555335218598;;;;;;;
2022-04-07 22:00:00;206.3170329253809;;;;;;;
2022-04-07 23:00:00;377.4786022766317;;;;;;;
2022-04-08 00:00:00;317.1466631129277;;;;;;;
2022-04-08 01:00:00;355.6618465576116;;;;;;;
2022-04-08 02:00:00;267.4329967418602;;;;;;;
2022-04-08 03:00:00;237.2593883671495;;;;;;;
2022-04-08 04:00:00;321.3814078388937;;;;;;;
2022-04-08 05:00:00;307.7253688565722;;;;;;;
2022-04-08 06:00:00;286.4804407946081;;;;;;;
2022-04-08 07:00:00;313.2119824395941;;;;;;;
2022-04-08 08:00:00;437.6730012184843;;;;;;;
2022-04-08 09:00:00;348.0001715697392;;;;;;;
2022-04-08 10:00:00;357.9733410479049;;;;;;;
2022-04-08 11:00:00;348.4367887497002;;;;;;;
2022-04-08 12:00:00;377.9204882105769;;;;;;;
2022-04-08 13:00:00;300.4663931689407;;;;;;;
2022-04-08 14:00:00;213.9585029149546;;;;;;;
2022-04-08 15:00:00;300.5353112986847;;;;;;;
2022-04-08 16:00:00;346.9428906616649;;;;;;;
2022-04-08 17:00:00;264.2927128570676;;;;;;;
2022-04-08 18:00:00;301.1022379272893;;;;;;;
2022-04-08 19:00:00;277.1912910931841;;;;;;;
2022-04-08 20:00:00;378.9674361128029;;;;;;;
2022-04-08 21:00:00;344.0536170923402;;;;;;;
2022-04-08 22:00:00;339.5110162357566;;;;;;;
2022-04-08 23:00:00;338.1220524740783;;;;;;;
2022-04-09 00:00:00;307.5562299553533;;;;;;;
2022-04-09 01:00:00;318.449480542952;;;;;;;
2022-04-09 02:00:00;254.3004701121929;;;;;;;
2022-04-09 03:00:00;207.8494878652044;;;;;;;
2022-04-09 04:00:00;316.2469825088544;;;;;;;
2022-04-09 05:00:00;324.315087409158;;;;;;;
2022-04-09 06:00:00;365.3853071455831;;;;;;;
2022-04-09 07:00:00;382.1827511664599;;;;;;;
2022-04-09 08:00:00;382.1207088359614;;;;;;;
2022-04-09 09:00:00;262.9833639524904;;;;;;;
2022-04-09 10:00:00;292.9418135807894;;;;;;;
2022-04-09 11:00:00;331.5683014390713;;;;;;;
2022-04-09 12:00:00;426.746084450559;;;;;;;
2022-04-09 13:00:00;377.9500431046329;;;;;;;
2022-04-09 14:00:00;361.2161201733302;;;;;;;
2022-04-09 15:00:00;291.2938112218895;;;;;;;
2022-04-09 16:00:00;268.3103516345066;;;;;;;
2022-04-09 17:00:00;345.8838473321106;;;;;;;
2022-04-09 18:00:00;258.2217305910665;;;;;;;
2022-04-09 19:00:00;298.2226276728229;;;;;;;
2022-04-09 20:00:00;303.9594684144846;;;;;;;
2022-04-09 21:00:00;383.1837316113896;;;;;;;
2022-04-09 22:00:00;292.828974226644;;;;;;;
2022-04-09 23:00:00;196.12107103733;;;;;;;
2022-04-10 00:00:00;332.6868445075619;;;;;;;
2022-04-10 01:00:00;276.8548465004322;;;;;;;
2022-04-10 02:00:00;311.2620875449642;;;;;;;
2022-04-10 03:00:00;305.2618607405805;;;;;;;
2022-04-10 04:00:00;296.5864682325496;;;;;;;
2022-04-10 05:00:00;345.9503140050462;;;;;;;
2022-04-10 06:00:00;238.1706603645477;;;;;;;
2022-04-10 07:00:00;285.2986623654004;;;;;;;
2022-04-10 08:00:00;341.0186516933765;;;;;;;
2022-04-10 09:00:00;280.7953024692383;;;;;;;
2022-04-10 10:00:00;234.6475177180923;;;;;;;
2022-04-10 11:00:00;340.3003742763863;;;;;;;
2022-04-10 12:00:00;361.3876555260953;;;;;;;
2022-04-10 13:00:00;307.1968745857424;;;;;;;
2022-04-10 14:00:00;218.3155013738856;;;;;;;
2022-04-10 15:00:00;342.0361275334033;;;;;;;
2022-04-10 16:00:00;232.2777268682028;;;;;;;
2022-04-10 17:00:00;323.6103376447185;;;;;;;
2022-04-10 18:00:00;268.1125244015078;;;;;;;
2022-04-10 19:00:00;255.4763054561166;;;;;;;
2022-04-10 20:00:00;288.7829454607049;;;;;;;
2022-04-10 21:00:00;300.7806623714544;;;;;;;
2022-04-10 22:00:00;279.3977946886344;;;;;;;
2022-04-10 23:00:00;336.5958255137677;;;;;;;
2022-04-11 00:00:00;288.5899816714483;;;;;;;
2022-04-11 01:00:00;354.7579717170642;;;;;;;
2022-04-11 02:00:00;322.3286891860847;;;;;;;
2022-04-11 03:00:00;276.9227953306178;;;;;;;
2022-04-11 04:00:00;269.1110770203138;;;;;;;
2022-04-11 05:00:00;232.8526051900107;;;;;;;
2022-04-11 06:00:00;322.7722034700817;;;;;;;
2022-04-11 07:00:00;292.8340660846096;;;;;;;
2022-04-11 08:00:00;199.231888797467;;;;;;;
2022-04-11 09:00:00;284.4310897899474;;;;;;;
2022-04-11 10:00:00;267.4829666773567;;;;;;;
2022-04-11 11:00:00;382.3841776571471;;;;;;;
2022-04-11 12:00:00;230.2879122977078;;;;;;;
2022-04-11 13:00:00;242.4162408205115;;;;;;;
2022-04-11 14:00:00;360.7787526058133;;;;;;;
2022-04-11 15:00:00;372.2281572988798;;;;;;;
2022-04-11 16:00:00;274.7225900236604;;;;;;;
2022-04-11 17:00:00;279.9601862067362;;;;;;;
2022-04-11 18:00:00;337.8731133944104;;;;;;;
2022-04-11 19:00:00;201.3239991871772;;;;;;;
2022-04-11 20:00:00;222.9386175622467;;;;;;;
2022-04-11 21:00:00;296.2603555177041;;;;;;;
2022-04-11 22:00:00;381.1878492295225;;;;;;;
2022-04-11 23:00:00;289.0696487287497;;;;;;;
2022-04-12 00:00:00;313.9670464960276;;;;;;;
2022-04-12 01:00:00;361.8838082958554;;;;;;;
2022-04-12 02:00:00;407.0282836831969;;;;;;;
2022-04-12 03:00:00;282.5227931378021;;;;;;;
2022-04-12 04:00:00;308.503221223993;;;;;;;
2022-04-12 05:00:00;393.8142883350784;;;;;;;
2022-04-12 06:00:00;238.6654659399967;;;;;;;
2022-04-12 07:00:00;356.9565285425781;;;;;;;
2022-04-12 08:00:00;262.0419671617619;;;;;;;
2022-04-12 09:00:00;314.038285903881;;;;;;;
2022-04-12 10:00:00;298.0285813092261;;;;;;;
2022-04-12 11:00:00;264.8396262491738;;;;;;;
2022-04-12 12:00:00;263.6756195370867;;;;;;;
2022-04-12 13:00:00;322.1079157872919;;;;;;;
2022-04-12 14:00:00;355.4700272596693;;;;;;;
2022-04-12 15:00:00;303.2655153901142;;;;;;;
2022-04-12 16:00:00;312.5370565334979;;;;;;;
2022-04-12 17:00:00;335.782598951508;;;;;;;
2022-04-12 18:00:00;264.2083534909313;;;;;;;
2022-04-12 19:00:00;343.6006157544032;;;;;;;
2022-04-12 20:00:00;347.2958174935161;;;;;;;
2022-04-12 21:00:00;430.0734403833163;;;;;;;
2022-04-12 22:00:00;291.8358520208697;;;;;;;
2022-04-12 23:00:00;288.0326935473045;;;;;;;
2022-04-13 00:00:00;344.9586845935576;;;;;;;
2022-04-13 01:00:00;347.2847329840158;;;;;;;
2022-04-13 02:00:00;284.4602113549093;;;;;;;
2022-04-13 03:00:00;290.5805371814871;;;;;;;
2022-04-13 04:00:00;334.3888140403105;;;;;;;
2022-04-13 05:00:00;270.8904968775554;;;;;;;
2022-04-13 06:00:00;290.2385625394479;;;;;;;
2022-04-13 07:00:00;313.4407671642538;;;;;;;
2022-04-13 08:00:00;355.4885544726888;;;;;;;
2022-04-13 09:00:00;281.2353905142721;;;;;;;
2022-04-13 10:00:00;223.8112272036988;;;;;;;
2022-04-13 11:00:00;220.3682893472277;;;;;;;
2022-04-13 12:00:00;250.8568140656893;;;;;;;
2022-04-13 13:00:00;248.3629934290826;;;;;;;
2022-04-13 14:00:00;302.1115188905108;;;;;;;
2022-04-13 15:00:00;254.1290226910267;;;;;;;
2022-04-13 16:00:00;276.6816577937531;;;;;;;
2022-04-13 17:00:00;273.3724272760022;;;;;;;
2022-04-13 18:00:00;288.8479952015028;;;;;;;
2022-04-13 19:00:00;370.6387996387891;;;;;;;
2022-04-13 20:00:00;339.9938230776432;;;;;;;
2022-04-13 21:00:00;310.0326077140242;;;;;;;
2022-04-13 22:00:00;287.8960913729342;;;;;;;
2022-04-13 23:00:00;289.1855111917954;;;;;;;
2022-04-14 00:00:00;324.489348109021;;;;;;;
2022-04-14 01:00:00;336.3854717426358;;;;;;;
2022-04-14 02:00:00;267.1775417520329;;;;;;;
2022-04-14 03:00:00;310.9767602870146;;;;;;;
2022-04-14 04:00:00;215.032109472006;;;;;;;
2022-04-14 05:00:00;319.1062845362662;;;;;;;
2022-04-14 06:00:00;344.6424430938224;;;;;;;
2022-04-14 07:00:00;296.2911961426284;;;;;;;
2022-04-14 08:00:00;393.5578193280012;;;;;;;
2022-04-14 09:00:00;268.4013361408681;;;;;;;
2022-04-14 10:00:00;319.371958119854;;;;;;;
2022-04-14 11:00:00;307.6223165558089;;;;;;;
2022-04-14 12:00:00;304.6312470228654;;;;;;;
2022-04-14 13:00:00;303.9806133019491;;;;;;;
2022-04-14 14:00:00;314.2532074043868;;;;;;;
2022-04-14 15:00:00;348.6233731105448;;;;;;;
2022-04-14 16:00:00;373.2011539661083;;;;;;;
2022-04-14 17:00:00;309.1799266235541;;;;;;;
2022-04-14 18:00:00;347.1089931445337;;;;;;;
2022-04-14 19:00:00;276.7274943590138;;;;;;;
2022-04-14 20:00:00;344.8190232909888;;;;;;;
2022-04-14 21:00:00;273.9335167184393;;;;;;;
2022-04-14 22:00:00;359.882924161036;;;;;;;
2022-04-14 23:00:00;411.8418059771471;;;;;;;
2022-04-15 00:00:00;303.6205265580027;;;;;;;
2022-04-15 01:00:00;207.5664225627792;;;;;;;
2022-04-15 02:00:00;283.8577666377064;;;;;;;
2022-04-15 03:00:00;366.4342711736228;;;;;;;
2022-04-15 04:00:00;334.943018240903;;;;;;;
2022-04-15 05:00:00;320.8320824441884;;;;;;;
2022-04-15 06:00:00;356.0791176274198;;;;;;;
2022-04-15 07:00:00;331.7593994082407;;;;;;;
2022-04-15 08:00:00;365.777817667716;;;;;;;
2022-04-15 09:00:00;351.9388206153386;;;;;;;
2022-04-15 10:00:00;379.880035215813;;;;;;;
2022-04-15 11:00:00;325.9298219263769;;;;;;;
2022-04-15 12:00:00;351.2817023809607;;;;;;;
2022-04-15 13:00:00;295.0358831666324;;;;;;;
2022-04-15 14:00:00;281.3809615801962;;;;;;;
2022-04-15 15:00:00;388.4657921498591;;;;;;;
2022-04-15 16:00:00;319.3146289160442;;;;;;;
2022-04-15 17:00:00;346.6248623713957;;;;;;;
2022-04-15 18:00:00;315.0249483837868;;;;;;;
2022-04-15 19:00:00;282.0743071602217;;;;;;;
2022-04-15 20:00:00;309.7938468971757;;;;;;;
2022-04-15 21:00:00;375.9038867286272;;;;;;;
2022-04-15 22:00:00;335.0433788654715;;;;;;;
2022-04-15 23:00:00;229.884549198521;;;;;;;
2022-04-16 00:00:00;299.2985610713258;;;;;;;
2022-04-16 01:00:00;391.9696503637921;;;;;;;
2022-04-16 02:00:00;299.3657188242144;;;;;;;
2022-04-16 03:00:00;225.7553468631916;;;;;;;
2022-04-16 04:00:00;397.1078724181356;;;;;;;
2022-04-16 05:00:00;340.942317076697;;;;;;;
2022-04-16 06:00:00;306.0362394958869;;;;;;;
2022-04-16 07:00:00;292.0532690548148;;;;;;;
2022-04-16 08:00:00;359.4974937475694;;;;;;;
2022-04-16 09:00:00;284.140276200826;;;;;;;
2022-04-16 10:00:00;362.5549777870189;;;;;;;
2022-04-16 11:00:00;334.4381965790084;;;;;;;
2022-04-16 12:00:00;320.6357639186366;;;;;;;
2022-04-16 13:00:00;316.0351385990621;;;;;;;
2022-04-16 14:00:00;301.1670908492931;;;;;;;
2022-04-16 15:00:00;357.7943356803184;;;;;;;
2022-04-16 16:00:00;269.1387758312101;;;;;;;
2022-04-16 17:00:00;234.0389195870987;;;;;;;
2022-04-16 18:00:00;337.7898258950157;;;;;;;
2022-04-16 19:00:00;338.5691391183072;;;;;;;
2022-04-16 20:00:00;331.5639802714914;;;;;;;
2022-04-16 21:00:00;328.1999202437001;;;;;;;
2022-04-16 22:00:00;294.4136044147033;;;;;;;
2022-04-16 23:00:00;345.8177295042279;;;;;;;
2022-04-17 00:00:00;307.1707592774281;;;;;;;
2022-04-17 01:00:00;286.685833358168;;;;;;;
2022-04-17 02:00:00;294.8148574948301;;;;;;;
2022-04-17 03:00:00;403.0271481373453;;;;;;;
2022-04-17 04:00:00;228.7941863915665;;;;;;;
2022-04-17 05:00:00;332.4708151292598;;;;;;;
2022-04-17 06:00:00;231.385942044386;;;;;;;
2022-04-17 07:00:00;304.2630902354093;;;;;;;
2022-04-17 08:00:00;289.1671940506442;;;;;;;
2022-04-17 09:00:00;212.5543371415745;;;;;;;
2022-04-17 10:00:00;327.3328055001625;;;;;;;
2022-04-17 11:00:00;291.6533492980996;;;;;;;
2022-04-17 12:00:00;211.8965800466414;;;;;;;
2022-04-17 13:00:00;348.2341085120391;;;;;;;
2022-04-17 14:00:00;375.8580582252787;;;;;;;
2022-04-17 15:00:00;378.4151358321925;;;;;;;
2022-04-17 16:00:00;325.9372613004465;;;;;;;
2022-04-17 17:00:00;311.4210804456204;;;;;;;
2022-04-17 18:00:00;370.9010243112581;;;;;;;
2022-04-17 19:00:00;387.3345512605594;;;;;;;
2022-04-17 20:00:00;361.8735754838955;;;;;;;
2022-04-17 21:00:00;265.6038986649331;;;;;;;
2022-04-17 22:00:00;318.6252423700865;;;;;;;
2022-04-17 23:00:00;329.6746392916218;;;;;;;
2022-04-18 00:00:00;225.3313979845584;;;;;;;
2022-04-18 01:00:00;331.059205392407;;;;;;;
2022-04-18 02:00:00;414.7344316007002;;;;;;;
2022-04-18 03:00:00;338.9726548445047;;;;;;;
2022-04-18 04:00:00;377.6398561861462;;;;;;;
2022-04-18 05:00:00;317.7702201532109;;;;;;;
2022-04-18 06:00:00;305.8875294778462;;;;;;;
2022-04-18 07:00:00;326.9725108992379;;;;;;;
2022-04-18 08:00:00;271.4359627418577;;;;;;;
2022-04-18 09:00:00;264.5722382066912;;;;;;;
2022-04-18 10:00:00;368.0315432775012;;;;;;;
2022-04-18 11:00:00;372.9509169667178;;;;;;;
2022-04-18 12:00:00;263.3042747837264;;;;;;;
2022-04-18 13:00:00;354.192349436262;;;;;;;
2022-04-18 14:00:00;305.2500178682611;;;;;;;
2022-04-18 15:00:00;325.0489410815927;;;;;;;
2022-04-18 16:00:00;330.635082865968;;;;;;;
2022-04-18 17:00:00;355.414872894134;;;;;;;
2022-04-18 18:00:00;313.1218378651463;;;;;;;
2022-04-18 19:00:00;374.7054707977218;;;;;;;
2022-04-18 20:00:00;323.6388024530408;;;;;;;
2022-04-18 21:00:00;338.2418827984866;;;;;;;
2022-04-18 22:00:00;270.6270631463366;;;;;;;
2022-04-18 23:00:00;409.4302295223761;;;;;;;
2022-04-19 00:00:00;331.0807438095469;;;;;;;
2022-04-19 01:00:00;342.3621601565998;;;;;;;
2022-04-19 02:00:00;234.6763228232937;;;;;;;
2022-04-19 03:00:00;271.1169958837529;;;;;;;
2022-04-19 04:00:00;366.7130238884265;;;;;;;
2022-04-19 05:00:00;322.5939601518386;;;;;;;
2022-04-19 06:00:00;220.4990114286422;;;;;;;
2022-04-19 07:00:00;357.4533408444922;;;;;;;
2022-04-19 08:00:00;284.0567970781894;;;;;;;
2022-04-19 09:00:00;374.7590538691476;;;;;;;
2022-04-19 10:00:00;305.2093916871501;;;;;;;
2022-04-19 11:00:00;318.7812066967906;;;;;;;
2022-04-19 12:00:00;363.9791464498635;;;;;;;
2022-04-19 13:00:00;267.6472457540258;;;;;;;
2022-04-19 14:00:00;263.2235287392116;;;;;;;
2022-04-19 15:00:00;300.1682393331368;;;;;;;
2022-04-19 16:00:00;347.6590581300692;;;;;;;
2022-04-19 17:00:00;247.5414012290047;;;;;;;
2022-04-19 18:00:00;231.8997790241548;;;;;;;
2022-04-19 19:00:00;347.4989166199057;;;;;;;
2022-04-19 20:00:00;281.3105606897681;;;;;;;
2022-04-19 21:00:00;291.0879179875245;;;;;;;
2022-04-19 22:00:00;223.1419696483245;;;;;;;
2022-04-19 23:00:00;277.7846729500624;;;;;;;
2022-04-20 00:00:00;308.9332544946922;;;;;;;
2022-04-20 01:00:00;352.4470140798239;;;;;;;
2022-04-20 02:00:00;273.5049116312483;;;;;;;
2022-04-20 03:00:00;386.1743887291038;;;;;;;
2022-04-20 04:00:00;277.52595461283;;;;;;;
2022-04-20 05:00:00;277.5938837765692;;;;;;;
2022-04-20 06:00:00;380.6064095092303;;;;;;;
2022-04-20 07:00:00;319.094517885083;;;;;;;
2022-04-20 08:00:00;283.6744323668867;;;;;;;
2022-04-20 09:00:00;302.0872846440664;;;;;;;
2022-04-20 10:00:00;372.0569879155062;;;;;;;
2022-04-20 11:00:00;377.3053530461838;;;;;;;
2022-04-20 12:00:00;271.3911227959269;;;;;;;
2022-04-20 13:00:00;307.3157046018599;;;;;;;
2022-04-20 14:00:00;313.466935415283;;;;;;;
2022-04-20 15:00:00;263.53003092371;;;;;;;
2022-04-20 16:00:00;306.7009443668733;;;;;;;
2022-04-20 17:00:00;309.5312630176574;;;;;;;
2022-04-20 18:00:00;362.1816586715651;;;;;;;
2022-04-20 19:00:00;365.2999660081909;;;;;;;
2022-04-20 20:00:00;294.0114256184894;;;;;;;
2022-04-20 21:00:00;299.3584684878626;;;;;;;
2022-04-20 22:00:00;340.1026005056228;;;;;;;
2022-04-20 23:00:00;282.1358795753894;;;;;;;
2022-04-21 00:00:00;336.5928969092926;;;;;;;
2022-04-21 01:00:00;305.2061066810011;;;;;;;
2022-04-21 02:00:00;264.3113542292596;;;;;;;
2022-04-21 03:00:00;264.8941324065711;;;;;;;
2022-04-21 04:00:00;376.4172064548993;;;;;;;
2022-04-21 05:00:00;302.0275147702557;;;;;;;
2022-04-21 06:00:00;385.3846918494962;;;;;;;
2022-04-21 07:00:00;285.4553750720399;;;;;;;
2022-04-21 08:00:00;322.7941018793483;;;;;;;
2022-04-21 09:00:00;420.2869309255267;;;;;;;
2022-04-21 10:00:00;260.2293501541482;;;;;;;
2022-04-21 11:00:00;221.2396809563607;;;;;;;
2022-04-21 12:00:00;368.9726447813661;;;;;;;
2022-04-21 13:00:00;270.9264574587758;;;;;;;
2022-04-21 14:00:00;308.3236983594635;;;;;;;
2022-04-21 15:00:00;282.1020240056999;;;;;;;
2022-04-21 16:00:00;321.7251029861207;;;;;;;
2022-04-21 17:00:00;265.1864295507974;;;;;;;
2022-04-21 18:00:00;300.9364242285028;;;;;;;
2022-04-21 19:00:00;330.1524456313364;;;;;;;
2022-04-21 20:00:00;262.5062019734758;;;;;;;
2022-04-21 21:00:00;276.8055693177801;;;;;;;
2022-04-21 22:00:00;293.1683118305862;;;;;;;
2022-04-21 23:00:00;242.997789622745;;;;;;;
2022-04-22 00:00:00;289.6805984013772;;;;;;;
2022-04-22 01:00:00;314.7956075099607;;;;;;;
2022-04-22 02:00:00;290.7481879339286;;;;;;;
2022-04-22 03:00:00;296.6944472551584;;;;;;;
2022-04-22 04:00:00;308.3610302079948;;;;;;;
2022-04-22 05:00:00;278.8626456541191;;;;;;;
2022-04-22 06:00:00;341.3445439372079;;;;;;;
2022-04-22 07:00:00;375.9031494118494;;;;;;;
2022-04-22 08:00:00;287.7404852527278;;;;;;;
2022-04-22 09:00:00;331.7939522921262;;;;;;;
2022-04-22 10:00:00;298.1678470271632;;;;;;;
2022-04-22 11:00:00;326.240247250192;;;;;;;
2022-04-22 12:00:00;381.9249803966876;;;;;;;
2022-04-22 13:00:00;332.8823846650536;;;;;;;
2022-04-22 14:00:00;227.010924589022;;;;;;;
2022-04-22 15:00:00;330.3463810455443;;;;;;;
2022-04-22 16:00:00;366.480135364095;;;;;;;
2022-04-22 17:00:00;299.0038882649865;;;;;;;
2022-04-22 18:00:00;355.4744567348548;;;;;;;
2022-04-22 19:00:00;277.2680338977027;;;;;;;
2022-04-22 20:00:00;240.3662257897125;;;;;;;
2022-04-22 21:00:00;315.8335260546183;;;;;;;
2022-04-22 22:00:00;227.7967148239449;;;;;;;
2022-04-22 23:00:00;298.1607091721953;;;;;;;
2022-04-23 00:00:00;368.9843418227739;;;;;;;
2022-04-23 01:00:00;220.6853627672083;;;;;;;
2022-04-23 02:00:00;249.9250766817325;;;;;;;
2022-04-23 03:00:00;261.4056125301672;;;;;;;
2022-04-23 04:00:00;306.3467454487138;;;;;;;
2022-04-23 05:00:00;292.3177512428699;;;;;;;
2022-04-23 06:00:00;374.1939633843646;;;;;;;
2022-04-23 07:00:00;353.5590677301948;;;;;;;
2022-04-23 08:00:00;332.2613449819957;;;;;;;
2022-04-23 09:00:00;316.0404973678492;;;;;;;
2022-04-23 10:00:00;327.5272921360726;;;;;;;
2022-04-23 11:00:00;269.2946772486877;;;;;;;
2022-04-23 12:00:00;349.0525798029963;;;;;;;
2022-04-23 13:00:00;257.6936435345838;;;;;;;
2022-04-23 14:00:00;348.0396724292256;;;;;;;
2022-04-23 15:00:00;364.3126132574477;;;;;;;
2022-04-23 16:00:00;319.0668887306428;;;;;;;
2022-04-23 17:00:00;301.1093309701327;;;;;;;
2022-04-23 18:00:00;327.8557581779336;;;;;;;
2022-04-23 19:00:00;176.5309063238678;;;;;;;
2022-04-23 20:00:00;323.3068806251518;;;;;;;
2022-04-23 21:00:00;304.0255292798223;;;;;;;
2022-04-23 22:00:00;306.9355491864498;;;;;;;
2022-04-23 23:00:00;342.0622357477006;;;;;;;
2022-04-24 00:00:00;305.8155931497541;;;;;;;
2022-04-24 01:00:00;256.3871058336683;;;;;;;
2022-04-24 02:00:00;302.7242770611392;;;;;;;
2022-04-24 03:00:00;312.4183992331041;;;;;;;
2022-04-24 04:00:00;314.6164099530426;;;;;;;
2022-04-24 05:00:00;316.7961896706853;;;;;;;
2022-04-24 06:00:00;357.5034038904342;;;;;;;
2022-04-24 07:00:00;258.9003024583026;;;;;;;
2022-04-24 08:00:00;317.4355308790879;;;;;;;
2022-04-24 09:00:00;369.1275761537397;;;;;;;
2022-04-24 10:00:00;228.811100460237;;;;;;;
2022-04-24 11:00:00;317.6186066894336;;;;;;;
2022-04-24 12:00:00;282.1270625112829;;;;;;;
2022-04-24 13:00:00;292.0860849691729;;;;;;;
2022-04-24 14:00:00;267.3079052274111;;;;;;;
2022-04-24 15:00:00;301.4184147173444;;;;;;;
2022-04-24 16:00:00;394.7050454169937;;;;;;;
2022-04-24 17:00:00;250.6240484883075;;;;;;;
2022-04-24 18:00:00;255.0230160329066;;;;;;;
2022-04-24 19:00:00;248.8841289142702;;;;;;;
2022-04-24 20:00:00;389.4238303148265;;;;;;;
2022-04-24 21:00:00;287.8351581117167;;;;;;;
2022-04-24 22:00:00;308.0948575179889;;;;;;;
2022-04-24 23:00:00;290.5981541319753;;;;;;;
2022-04-25 00:00:00;265.470043062426;;;;;;;
2022-04-25 01:00:00;298.3750601996031;;;;;;;
2022-04-25 02:00:00;423.3287522499521;;;;;;;
2022-04-25 03:00:00;373.8661779506282;;;;;;;
2022-04-25 04:00:00;269.7142772961606;;;;;;;
2022-04-25 05:00:00;339.3269989809284;;;;;;;
2022-04-25 06:00:00;270.7077779511686;;;;;;;
2022-04-25 07:00:00;226.8739224578867;;;;;;;
2022-04-25 08:00:00;356.5821327785584;;;;;;;
2022-04-25 09:00:00;363.1041007548927;;;;;;;
2022-04-25 10:00:00;357.8134555213332;;;;;;;
2022-04-25 11:00:00;287.4860282103047;;;;;;;
2022-04-25 12:00:00;301.5471534670806;;;;;;;
2022-04-25 13:00:00;344.0679309989052;;;;;;;
2022-04-25 14:00:00;327.4468593630119;;;;;;;
2022-04-25 15:00:00;291.0224366955831;;;;;;;
2022-04-25 16:00:00;234.1712920416366;;;;;;;
2022-04-25 17:00:00;314.5672932473373;;;;;;;
2022-04-25 18:00:00;359.3424360375942;;;;;;;
2022-04-25 19:00:00;253.7250292271207;;;;;;;
2022-04-25 20:00:00;338.9180607125787;;;;;;;
2022-04-25 21:00:00;324.6654186557698;;;;;;;
2022-04-25 22:00:00;344.0856859095496;;;;;;;
2022-04-25 23:00:00;349.7375740347334;;;;;;;
2022-04-26 00:00:00;277.0662397598869;;;;;;;
2022-04-26 01:00:00;234.2692927974061;;;;;;;
2022-04-26 02:00:00;284.5329377550395;;;;;;;
2022-04-26 03:00:00;350.5332922845269;;;;;;;
2022-04-26 04:00:00;284.1393249984521;;;;;;;
2022-04-26 05:00:00;277.0858136563772;;;;;;;
2022-04-26 06:00:00;224.7870557382645;;;;;;;
2022-04-26 07:00:00;390.5942828662621;;;;;;;
2022-04-26 08:00:00;347.591363917198;;;;;;;
2022-04-26 09:00:00;345.0018348457172;;;;;;;
2022-04-26 10:00:00;354.1796648616393;;;;;;;
2022-04-26 11:00:00;336.0393495642617;;;;;;;
2022-04-26 12:00:00;297.9492587984099;;;;;;;
2022-04-26 13:00:00;301.6868709526436;;;;;;;
2022-04-26 14:00:00;289.4484782699578;;;;;;;
2022-04-26 15:00:00;431.516922379327;;;;;;;
2022-04-26 16:00:00;335.0745527311159;;;;;;;
2022-04-26 17:00:00;287.7673907082154;;;;;;;
2022-04-26 18:00:00;330.8799495137783;;;;;;;
2022-04-26 19:00:00;262.3874353288733;;;;;;;
2022-04-26 20:00:00;379.0823723560159;;;;;;;
2022-04-26 21:00:00;278.6155754184452;;;;;;;
2022-04-26 22:00:00;332.5310016259367;;;;;;;
2022-04-26 23:00:00;358.7378466056676;;;;;;;
2022-04-27 00:00:00;327.1347531402628;;;;;;;
2022-04-27 01:00:00;313.6670345224781;;;;;;;
2022-04-27 02:00:00;309.7854587479311;;;;;;;
2022-04-27 03:00:00;306.6658694725468;;;;;;;
2022-04-27 04:00:00;282.5297513029958;;;;;;;
2022-04-27 05:00:00;288.4315947899993;;;;;;;
2022-04-27 06:00:00;377.9264371305204;;;;;;;
2022-04-27 07:00:00;304.2490196067593;;;;;;;
2022-04-27 08:00:00;272.8291515320512;;;;;;;
2022-04-27 09:00:00;285.3319086404122;;;;;;;
2022-04-27 10:00:00;360.3334313195795;;;;;;;
2022-04-27 11:00:00;340.6275022885296;;;;;;;
2022-04-27 12:00:00;335.2794758748786;;;;;;;
2022-04-27 13:00:00;297.3372310366165;;;;;;;
2022-04-27 14:00:00;335.8841248029505;;;;;;;
2022-04-27 15:00:00;279.4278165513277;;;;;;;
2022-04-27 16:00:00;297.2401389976436;;;;;;;
2022-04-27 17:00:00;354.2761198449455;;;;;;;
2022-04-27 18:00:00;349.8443782244868;;;;;;;
2022-04-27 19:00:00;263.7309233643835;;;;;;;
2022-04-27 20:00:00;269.594183657856;;;;;;;
2022-04-27 21:00:00;314.3273021607841;;;;;;;
2022-04-27 22:00:00;389.3641734536977;;;;;;;
2022-04-27 23:00:00;220.4161806194401;;;;;;;
2022-04-28 00:00:00;322.1969235770335;;;;;;;
2022-04-28 01:00:00;245.4460272166334;;;;;;;
2022-04-28 02:00:00;279.8560267914995;;;;;;;
2022-04-28 03:00:00;292.3775220268702;;;;;;;
2022-04-28 04:00:00;289.7758257772015;;;;;;;
2022-04-28 05:00:00;284.5201141786743;;;;;;;
2022-04-28 06:00:00;309.618676041927;;;;;;;
2022-04-28 07:00:00;284.4523982180682;;;;;;;
2022-04-28 08:00:00;241.4370504420405;;;;;;;
2022-04-28 09:00:00;345.4645380116202;;;;;;;
2022-04-28 10:00:00;344.2120550257181;;;;;;;
2022-04-28 11:00:00;348.4014105730128;;;;;;;
2022-04-28 12:00:00;237.8055679492084;;;;;;;
2022-04-28 13:00:00;323.1519261227814;;;;;;;
2022-04-28 14:00:00;340.6447706826377;;;;;;;
2022-04-28 15:00:00;261.4441266267859;;;;;;;
2022-04-28 16:00:00;309.7098927011218;;;;;;;
2022-04-28 17:00:00;303.8904038503499;;;;;;;
2022-04-28 18:00:00;394.7465688849796;;;;;;;
2022-04-28 19:00:00;398.5667890591774;;;;;;;
2022-04-28 20:00:00;232.0704207670993;;;;;;;
2022-04-28 21:00:00;424.9841996728263;;;;;;;
2022-04-28 22:00:00;266.8245765075571;;;;;;;
2022-04-28 23:00:00;354.780352581616;;;;;;;
2022-04-29 00:00:00;354.3082928436298;;;;;;;
2022-04-29 01:00:00;263.0916150014552;;;;;;;
2022-04-29 02:00:00;332.1683206599974;;;;;;;
2022-04-29 03:00:00;304.2955462563839;;;;;;;
2022-04-29 04:00:00;335.0011583244866;;;;;;;
2022-04-29 05:00:00;319.9858204022386;;;;;;;
2022-04-29 06:00:00;364.7856783142724;;;;;;;
2022-04-29 07:00:00;312.7823059058859;;;;;;;
2022-04-29 08:00:00;301.4961987781192;;;;;;;
2022-04-29 09:00:00;360.1336438091639;;;;;;;
2022-04-29 10:00:00;336.2104272476158;;;;;;;
2022-04-29 11:00:00;343.2350827860951;;;;;;;
2022-04-29 12:00:00;278.4523857315677;;;;;;;
2022-04-29 13:00:00;260.7918129168491;;;;;;;
2022-04-29 14:00:00;282.9461877501321;;;;;;;
2022-04-29 15:00:00;280.4827732757567;;;;;;;
2022-04-29 16:00:00;345.7581875217799;;;;;;;
2022-04-29 17:00:00;354.5628061327871;;;;;;;
2022-04-29 18:00:00;302.0874164756513;;;;;;;
2022-04-29 19:00:00;375.6684440879625;;;;;;;
2022-04-29 20:00:00;372.7712406015073;;;;;;;
2022-04-29 21:00:00;320.5762417294171;;;;;;;
2022-04-29 22:00:00;271.1545855982301;;;;;;;
2022-04-29 23:00:00;382.3702161267042;;;;;;;
2022-04-30 00:00:00;306.4535649240326;;;;;;;
2022-04-30 01:00:00;315.1374590000758;;;;;;;
2022-04-30 02:00:00;293.5291449406317;;;;;;;
2022-04-30 03:00:00;268.004591833296;;;;;;;
2022-04-30 04:00:00;241.1502489817202;;;;;;;
2022-04-30 05:00:00;338.6447589256714;;;;;;;
2022-04-30 06:00:00;272.9402719214966;;;;;;;
2022-04-30 07:00:00;451.2240774311681;;;;;;;
2022-04-30 08:00:00;258.8984917728051;;;;;;;
2022-04-30 09:00:00;250.9510185932421;;;;;;;
2022-04-30 10:00:00;332.9510073989168;;;;;;;
2022-04-30 11:00:00;380.2332236635593;;;;;;;
2022-04-30 12:00:00;312.2808066580465;;;;;;;
2022-04-30 13:00:00;335.8321627179835;;;;;;;
2022-04-30 14:00:00;223.7572746216376;;;;;;;
2022-04-30 15:00:00;277.852766625175;;;;;;;
2022-04-30 16:00:00;259.4764445865655;;;;;;;
2022-04-30 17:00:00;221.3681259596061;;;;;;;
2022-04-30 18:00:00;314.7113442702669;;;;;;;
2022-04-30 19:00:00;205.2336085716985;;;;;;;
2022-04-30 20:00:00;247.9441491008505;;;;;;;
2022-04-30 21:00:00;284.3624787169377;;;;;;;
2022-04-30 22:00:00;270.7187700728504;;;;;;;
2022-04-30 23:00:00;327.6747616170763;;;;;;;
2022-05-01 00:00:00;323.4609957692631;;;;;;;
2022-05-01 01:00:00;350.750012219336;;;;;;;
2022-05-01 02:00:00;344.189395258744;;;;;;;
2022-05-01 03:00:00;362.2096478398594;;;;;;;
2022-05-01 04:00:00;309.1953217684772;;;;;;;
2022-05-01 05:00:00;323.3629545993458;;;;;;;
2022-05-01 06:00:00;333.0147966548982;;;;;;;
2022-05-01 07:00:00;315.8561507544189;;;;;;;
2022-05-01 08:00:00;290.8574255327308;;;;;;;
2022-05-01 09:00:00;293.8614318783066;;;;;;;
2022-05-01 10:00:00;271.3556222572833;;;;;;;
2022-05-01 11:00:00;328.8442426962483;;;;;;;
2022-05-01 12:00:00;304.9227085271402;;;;;;;
2022-05-01 13:00:00;278.517934907323;;;;;;;
2022-05-01 14:00:00;278.5610304909034;;;;;;;
2022-05-01 15:00:00;253.1307190487912;;;;;;;
2022-05-01 16:00:00;354.695363426357;;;;;;;
2022-05-01 17:00:00;312.9316033112063;;;;;;;
2022-05-01 18:00:00;269.2567436383214;;;;;;;
2022-05-01 19:00:00;346.7949927365642;;;;;;;
2022-05-01 20:00:00;283.2836169506059;;;;;;;
2022-05-01 21:00:00;244.0330326237846;;;;;;;
2022-05-01 22:00:00;356.6615278370496;;;;;;;
2022-05-01 23:00:00;284.3669697316071;;;;;;;
2022-05-02 00:00:00;290.3144097782376;;;;;;;
2022-05-02 01:00:00;311.1947716227264;;;;;;;
2022-05-02 02:00:00;362.2920612909938;;;;;;;
2022-05-02 03:00:00;310.2139044115486;;;;;;;
2022-05-02 04:00:00;253.6541024248505;;;;;;;
2022-05-02 05:00:00;334.516215948574;;;;;;;
2022-05-02 06:00:00;286.784363760256;;;;;;;
2022-05-02 07:00:00;396.8701140907681;;;;;;;
2022-05-02 08:00:00;309.2323745564852;;;;;;;
2022-05-02 09:00:00;205.5951058258968;;;;;;;
2022-05-02 10:00:00;325.8634288623776;;;;;;;
2022-05-02 11:00:00;399.4993627188614;;;;;;;
2022-05-02 12:00:00;382.3954369846826;;;;;;;
2022-05-02 13:00:00;394.227139639034;;;;;;;
2022-05-02 14:00:00;261.9749458824045;;;;;;;
2022-05-02 15:00:00;351.601486649142;;;;;;;
2022-05-02 16:00:00;275.789082730952;;;;;;;
2022-05-02 17:00:00;319.6897006304609;;;;;;;
2022-05-02 18:00:00;250.2286872058255;;;;;;;
2022-05-02 19:00:00;279.3863118356812;;;;;;;
2022-05-02 20:00:00;277.9114462887067;;;;;;;
2022-05-02 21:00:00;350.9706804375256;;;;;;;
2022-05-02 22:00:00;346.4318019549014;;;;;;;
2022-05-02 23:00:00;322.1267217467104;;;;;;;
2022-05-03 00:00:00;246.6346956370269;;;;;;;
2022-05-03 01:00:00;294.8265427964582;;;;;;;
2022-05-03 02:00:00;274.6700019055625;;;;;;;
2022-05-03 03:00:00;349.630882865615;;;;;;;
2022-05-03 04:00:00;363.9434368327877;;;;;;;
2022-05-03 05:00:00;358.2928462960739;;;;;;;
2022-05-03 06:00:00;274.2476925759981;;;;;;;
2022-05-03 07:00:00;182.1901250128439;;;;;;;
2022-05-03 08:00:00;227.3102796781218;;;;;;;
2022-05-03 09:00:00;375.237361710624;;;;;;;
2022-05-03 10:00:00;290.6690421813225;;;;;;;
2022-05-03 11:00:00;274.4562183046294;;;;;;;
2022-05-03 12:00:00;385.4916825533699;;;;;;;
2022-05-03 13:00:00;367.9784417104414;;;;;;;
2022-05-03 14:00:00;310.4185623805319;;;;;;;
2022-05-03 15:00:00;295.6725750366626;;;;;;;
2022-05-03 16:00:00;303.1557963305769;;;;;;;
2022-05-03 17:00:00;319.8230052180791;;;;;;;
2022-05-03 18:00:00;383.5147520729135;;;;;;;
2022-05-03 19:00:00;328.8837040196519;;;;;;;
2022-05-03 20:00:00;342.9667309480096;;;;;;;
2022-05-03 21:00:00;363.5298582622165;;;;;;;
2022-05-03 22:00:00;255.0199541855984;;;;;;;
2022-05-03 23:00:00;344.3043636527705;;;;;;;
2022-05-04 00:00:00;295.6184968154418;;;;;;;
2022-05-04 01:00:00;192.5560021353512;;;;;;;
2022-05-04 02:00:00;210.5529005245917;;;;;;;
2022-05-04 03:00:00;262.0511492337856;;;;;;;
2022-05-04 04:00:00;333.929173792317;;;;;;;
2022-05-04 05:00:00;314.5637846269445;;;;;;;
2022-05-04 06:00:00;317.8375812135649;;;;;;;
2022-05-04 07:00:00;399.79375610249;;;;;;;
2022-05-04 08:00:00;250.4078933712719;;;;;;;
2022-05-04 09:00:00;308.0116154752609;;;;;;;
2022-05-04 10:00:00;323.4078915389115;;;;;;;
2022-05-04 11:00:00;275.1266617404007;;;;;;;
2022-05-04 12:00:00;310.598474144905;;;;;;;
2022-05-04 13:00:00;235.0584348091766;;;;;;;
2022-05-04 14:00:00;374.6936045776986;;;;;;;
2022-05-04 15:00:00;277.6624172722899;;;;;;;
2022-05-04 16:00:00;403.5263546512236;;;;;;;
2022-05-04 17:00:00;307.7777515397476;;;;;;;
2022-05-04 18:00:00;356.9784488297218;;;;;;;
2022-05-04 19:00:00;306.8114601753385;;;;;;;
2022-05-04 20:00:00;307.8580336304242;;;;;;;
2022-05-04 21:00:00;282.1896540225308;;;;;;;
2022-05-04 22:00:00;314.810795974164;;;;;;;
2022-05-04 23:00:00;324.0371229876242;;;;;;;
2022-05-05 00:00:00;272.9004923124613;;;;;;;
2022-05-05 01:00:00;303.4831798291447;;;;;;;
2022-05-05 02:00:00;280.980219356614;;;;;;;
2022-05-05 03:00:00;415.971827616752;;;;;;;
2022-05-05 04:00:00;305.1214733827688;;;;;;;
2022-05-05 05:00:00;380.9717330475184;;;;;;;
2022-05-05 06:00:00;300.2088834493089;;;;;;;
2022-05-05 07:00:00;321.3133617651414;;;;;;;
2022-05-05 08:00:00;247.9827428870575;;;;;;;
2022-05-05 09:00:00;288.5434399446798;;;;;;;
2022-05-05 10:00:00;319.051582343961;;;;;;;
2022-05-05 11:00:00;382.8632392206663;;;;;;;
2022-05-05 12:00:00;319.5826903394845;;;;;;;
2022-05-05 13:00:00;373.4787733683083;;;;;;;
2022-05-05 14:00:00;339.0094416352058;;;;;;;
2022-05-05 15:00:00;384.7837792696575;;;;;;;
2022-05-05 16:00:00;306.5451966080353;;;;;;;
2022-05-05 17:00:00;420.1730827930983;;;;;;;
2022-05-05 18:00:00;286.7655061391288;;;;;;;
2022-05-05 19:00:00;273.726127182006;;;;;;;
2022-05-05 20:00:00;253.1467652495196;;;;;;;
2022-05-05 21:00:00;417.4267289904768;;;;;;;
2022-05-05 22:00:00;347.3006643913324;;;;;;;
2022-05-05 23:00:00;293.7835757805861;;;;;;;
2022-05-06 00:00:00;367.2297920123151;;;;;;;
2022-05-06 01:00:00;341.1881830487686;;;;;;;
2022-05-06 02:00:00;400.4981815482161;;;;;;;
2022-05-06 03:00:00;237.4762573221822;;;;;;;
2022-05-06 04:00:00;296.9735632702356;;;;;;;
2022-05-06 05:00:00;287.8267295686182;;;;;;;
2022-05-06 06:00:00;217.7199553329655;;;;;;;
2022-05-06 07:00:00;358.4757084280804;;;;;;;
2022-05-06 08:00:00;296.7399091336263;;;;;;;
2022-05-06 09:00:00;343.5977717261097;;;;;;;
2022-05-06 10:00:00;418.7603906393462;;;;;;;
2022-05-06 11:00:00;292.8964110965338;;;;;;;
2022-05-06 12:00:00;289.745919256631;;;;;;;
2022-05-06 13:00:00;314.7894665068167;;;;;;;
2022-05-06 14:00:00;355.0853405721799;;;;;;;
2022-05-06 15:00:00;282.9930034038471;;;;;;;
2022-05-06 16:00:00;280.0123420130719;;;;;;;
2022-05-06 17:00:00;358.3301313349259;;;;;;;
2022-05-06 18:00:00;326.8504023759538;;;;;;;
2022-05-06 19:00:00;214.4239624268651;;;;;;;
2022-05-06 20:00:00;252.4351507484037;;;;;;;
2022-05-06 21:00:00;378.9306287416833;;;;;;;
2022-05-06 22:00:00;327.9308388692763;;;;;;;
2022-05-06 23:00:00;273.9240337266414;;;;;;;
2022-05-07 00:00:00;301.3785661448964;;;;;;;
2022-05-07 01:00:00;309.8984057300394;;;;;;;
2022-05-07 02:00:00;343.4169403878538;;;;;;;
2022-05-07 03:00:00;246.2708855658859;;;;;;;
2022-05-07 04:00:00;270.2704638692068;;;;;;;
2022-05-07 05:00:00;321.9474617385358;;;;;;;
2022-05-07 06:00:00;304.6527308527344;;;;;;;
2022-05-07 07:00:00;335.8143833131178;;;;;;;
2022-05-07 08:00:00;252.2442172632809;;;;;;;
2022-05-07 09:00:00;325.8524664705405;;;;;;;
2022-05-07 10:00:00;359.9257762749393;;;;;;;
2022-05-07 11:00:00;331.8691230270729;;;;;;;
2022-05-07 12:00:00;315.7380834303976;;;;;;;
2022-05-07 13:00:00;304.8360271819171;;;;;;;
2022-05-07 14:00:00;270.5533655838297;;;;;;;
2022-05-07 15:00:00;305.9441160542838;;;;;;;
2022-05-07 16:00:00;367.7254119107567;;;;;;;
2022-05-07 17:00:00;303.7622737911188;;;;;;;
2022-05-07 18:00:00;268.0039579681676;;;;;;;
2022-05-07 19:00:00;286.4476754018784;;;;;;;
2022-05-07 20:00:00;318.6022986103868;;;;;;;
2022-05-07 21:00:00;291.956017951095;;;;;;;
2022-05-07 22:00:00;331.7988259133735;;;;;;;
2022-05-07 23:00:00;333.5404280884325;;;;;;;
2022-05-08 00:00:00;350.5266053817148;;;;;;;
2022-05-08 01:00:00;375.327015233423;;;;;;;
2022-05-08 02:00:00;355.4848448956657;;;;;;;
2022-05-08 03:00:00;265.9424971746389;;;;;;;
2022-05-08 04:00:00;267.366965696181;;;;;;;
2022-05-08 05:00:00;305.7690819731909;;;;;;;
2022-05-08 06:00:00;288.3531017940938;;;;;;;
2022-05-08 07:00:00;256.4743300289827;;;;;;;
2022-05-08 08:00:00;288.7930693992475;;;;;;;
2022-05-08 09:00:00;287.2704098229515;;;;;;;
2022-05-08 10:00:00;278.1155255812626;;;;;;;
2022-05-08 11:00:00;294.6340108844296;;;;;;;
2022-05-08 12:00:00;363.9557771612842;;;;;;;
2022-05-08 13:00:00;318.52750178371;;;;;;;
2022-05-08 14:00:00;423.9580903423118;;;;;;;
2022-05-08 15:00:00;317.1946477168107;;;;;;;
2022-05-08 16:00:00;295.8274020161005;;;;;;;
2022-05-08 17:00:00;309.4760567963466;;;;;;;
2022-05-08 18:00:00;321.1836635508193;;;;;;;
2022-05-08 19:00:00;329.4769051439254;;;;;;;
2022-05-08 20:00:00;405.6284594073904;;;;;;;
2022-05-08 21:00:00;270.0676664656134;;;;;;;
2022-05-08 22:00:00;349.1377430017085;;;;;;;
2022-05-08 23:00:00;318.9224218165461;;;;;;;
2022-05-09 00:00:00;236.3969365446808;;;;;;;
2022-05-09 01:00:00;345.0390789017451;;;;;;;
2022-05-09 02:00:00;368.092735349111;;;;;;;
2022-05-09 03:00:00;269.5176380676273;;;;;;;
2022-05-09 04:00:00;308.8698556349299;;;;;;;
2022-05-09 05:00:00;229.2405681037532;;;;;;;
2022-05-09 06:00:00;250.8849561718555;;;;;;;
2022-05-09 07:00:00;357.905188937269;;;;;;;
2022-05-09 08:00:00;287.6460245409251;;;;;;;
2022-05-09 09:00:00;257.8440150705323;;;;;;;
2022-05-09 10:00:00;319.9295953925572;;;;;;;
2022-05-09 11:00:00;285.0482252713432;;;;;;;
2022-05-09 12:00:00;287.4416578846192;;;;;;;
2022-05-09 13:00:00;343.5836136496618;;;;;;;
2022-05-09 14:00:00;255.3884343859711;;;;;;;
2022-05-09 15:00:00;267.2820316082841;;;;;;;
2022-05-09 16:00:00;316.4325002977757;;;;;;;
2022-05-09 17:00:00;354.2578088224105;;;;;;;
2022-05-09 18:00:00;366.7258567245226;;;;;;;
2022-05-09 19:00:00;278.4303469920394;;;;;;;
2022-05-09 20:00:00;352.7717212952381;;;;;;;
2022-05-09 21:00:00;272.9058838547076;;;;;;;
2022-05-09 22:00:00;394.007009221003;;;;;;;
2022-05-09 23:00:00;256.6856810879513;;;;;;;
2022-05-10 00:00:00;370.9159715537582;;;;;;;
2022-05-10 01:00:00;278.8281924143525;;;;;;;
2022-05-10 02:00:00;402.6841559701654;;;;;;;
2022-05-10 03:00:00;336.7172559804025;;;;;;;
2022-05-10 04:00:00;262.1486239970046;;;;;;;
2022-05-10 05:00:00;285.0562953601133;;;;;;;
2022-05-10 06:00:00;345.5253862703958;;;;;;;
2022-05-10 07:00:00;358.1192835858734;;;;;;;
2022-05-10 08:00:00;306.0036378551279;;;;;;;
2022-05-10 09:00:00;311.356137343801;;;;;;;
2022-05-10 10:00:00;344.4663268905434;;;;;;;
2022-05-10 11:00:00;315.3987994846736;;;;;;;
2022-05-10 12:00:00;249.2752055231244;;;;;;;
2022-05-10 13:00:00;271.568303493154;;;;;;;
2022-05-10 14:00:00;320.1921582359108;;;;;;;
2022-05-10 15:00:00;365.6737695838488;;;;;;;
2022-05-10 16:00:00;384.2540255490392;;;;;;;
2022-05-10 17:00:00;345.4487556153757;;;;;;;
2022-05-10 18:00:00;322.612500637061;;;;;;;
2022-05-10 19:00:00;344.0237806152126;;;;;;;
2022-05-10 20:00:00;278.3519837853421;;;;;;;
2022-05-10 21:00:00;302.1755313905108;;;;;;;
2022-05-10 22:00:00;271.0507147879557;;;;;;;
2022-05-10 23:00:00;251.3518447771047;;;;;;;
2022-05-11 00:00:00;324.7585433841246;;;;;;;
2022-05-11 01:00:00;317.8907749965925;;;;;;;
2022-05-11 02:00:00;341.1863412323921;;;;;;;
2022-05-11 03:00:00;334.6198954812097;;;;;;;
2022-05-11 04:00:00;320.5412317458486;;;;;;;
2022-05-11 05:00:00;335.107242585939;;;;;;;
2022-05-11 06:00:00;307.3041395572741;;;;;;;
2022-05-11 07:00:00;328.4394466742821;;;;;;;
2022-05-11 08:00:00;275.5965595989935;;;;;;;
2022-05-11 09:00:00;326.4359583759583;;;;;;;
2022-05-11 10:00:00;340.2939879585765;;;;;;;
2022-05-11 11:00:00;278.2160265173719;;;;;;;
2022-05-11 12:00:00;311.6889497599877;;;;;;;
2022-05-11 13:00:00;280.3537495707624;;;;;;;
2022-05-11 14:00:00;284.8582814715566;;;;;;;
2022-05-11 15:00:00;257.0958695886167;;;;;;;
2022-05-11 16:00:00;368.006972246312;;;;;;;
2022-05-11 17:00:00;358.7242788426632;;;;;;;
2022-05-11 18:00:00;334.2173011625778;;;;;;;
2022-05-11 19:00:00;400.7797144324099;;;;;;;
2022-05-11 20:00:00;300.5047123983605;;;;;;;
2022-05-11 21:00:00;449.9358086172321;;;;;;;
2022-05-11 22:00:00;298.7286292999966;;;;;;;
2022-05-11 23:00:00;321.123416819744;;;;;;;
2022-05-12 00:00:00;290.8303505965894;;;;;;;
2022-05-12 01:00:00;326.5574901541086;;;;;;;
2022-05-12 02:00:00;348.0507108168441;;;;;;;
2022-05-12 03:00:00;303.9994382765356;;;;;;;
2022-05-12 04:00:00;391.7110602670074;;;;;;;
2022-05-12 05:00:00;320.3790900578089;;;;;;;
2022-05-12 06:00:00;321.8328547900107;;;;;;;
2022-05-12 07:00:00;267.1135111565144;;;;;;;
2022-05-12 08:00:00;328.6996017686409;;;;;;;
2022-05-12 09:00:00;303.0664437191504;;;;;;;
2022-05-12 10:00:00;281.0664696324382;;;;;;;
2022-05-12 11:00:00;273.2616173609969;;;;;;;
2022-05-12 12:00:00;433.2345000127546;;;;;;;
2022-05-12 13:00:00;297.0609140453392;;;;;;;
2022-05-12 14:00:00;241.6909093463123;;;;;;;
2022-05-12 15:00:00;276.8919788685421;;;;;;;
2022-05-12 16:00:00;306.8919527892656;;;;;;;
2022-05-12 17:00:00;334.6456527594806;;;;;;;
2022-05-12 18:00:00;335.0228012878643;;;;;;;
2022-05-12 19:00:00;340.6742623021264;;;;;;;
2022-05-12 20:00:00;279.3675440723716;;;;;;;
2022-05-12 21:00:00;325.0782551583425;;;;;;;
2022-05-12 22:00:00;268.6416028923918;;;;;;;
2022-05-12 23:00:00;280.5374424961214;;;;;;;
2022-05-13 00:00:00;266.709371808607;;;;;;;
2022-05-13 01:00:00;254.1518153526706;;;;;;;
2022-05-13 02:00:00;358.6558178675916;;;;;;;
2022-05-13 03:00:00;341.2308418246399;;;;;;;
2022-05-13 04:00:00;354.5944143572117;;;;;;;
2022-05-13 05:00:00;311.108158667501;;;;;;;
2022-05-13 06:00:00;345.3224877284408;;;;;;;
2022-05-13 07:00:00;227.5734416729829;;;;;;;
2022-05-13 08:00:00;349.3252370276172;;;;;;;
2022-05-13 09:00:00;317.5013793903392;;;;;;;
2022-05-13 10:00:00;338.3775964964379;;;;;;;
2022-05-13 11:00:00;326.9146086510347;;;;;;;
2022-05-13 12:00:00;263.492218873198;;;;;;;
2022-05-13 13:00:00;239.7862891152569;;;;;;;
2022-05-13 14:00:00;276.2502429843446;;;;;;;
2022-05-13 15:00:00;335.4923301252123;;;;;;;
2022-05-13 16:00:00;341.2994896848154;;;;;;;
2022-05-13 17:00:00;245.8218565738904;;;;;;;
2022-05-13 18:00:00;263.7685236075111;;;;;;;
2022-05-13 19:00:00;275.731502671722;;;;;;;
2022-05-13 20:00:00;292.7079934592671;;;;;;;
2022-05-13 21:00:00;246.0951763801904;;;;;;;
2022-05-13 22:00:00;243.3115740969003;;;;;;;
2022-05-13 23:00:00;271.1572056293235;;;;;;;
2022-05-14 00:00:00;313.2858653063066;;;;;;;
2022-05-14 01:00:00;254.5134235378616;;;;;;;
2022-05-14 02:00:00;303.9118899251889;;;;;;;
2022-05-14 03:00:00;358.3933898402088;;;;;;;
2022-05-14 04:00:00;248.8913120155727;;;;;;;
2022-05-14 05:00:00;299.7067559800624;;;;;;;
2022-05-14 06:00:00;356.825500078837;;;;;;;
2022-05-14 07:00:00;289.8797431321364;;;;;;;
2022-05-14 08:00:00;282.6702652663254;;;;;;;
2022-05-14 09:00:00;363.2619734365616;;;;;;;
2022-05-14 10:00:00;295.078796093174;;;;;;;
2022-05-14 11:00:00;360.5247705834676;;;;;;;
2022-05-14 12:00:00;329.1851619116832;;;;;;;
2022-05-14 13:00:00;293.3788500508074;;;;;;;
2022-05-14 14:00:00;331.5384354627254;;;;;;;
2022-05-14 15:00:00;324.150822991368;;;;;;;
2022-05-14 16:00:00;356.6457790074943;;;;;;;
2022-05-14 17:00:00;283.8451197874602;;;;;;;
2022-05-14 18:00:00;311.1959799857039;;;;;;;
2022-05-14 19:00:00;306.4304461417007;;;;;;;
2022-05-14 20:00:00;341.9516184507152;;;;;;;
2022-05-14 21:00:00;261.7235437012909;;;;;;;
2022-05-14 22:00:00;356.4645798656224;;;;;;;
2022-05-14 23:00:00;330.9185481044988;;;;;;;
2022-05-15 00:00:00;248.1886797602649;;;;;;;
2022-05-15 01:00:00;365.3388336375407;;;;;;;
2022-05-15 02:00:00;412.9298157995299;;;;;;;
2022-05-15 03:00:00;355.7620523431556;;;;;;;
2022-05-15 04:00:00;375.4859237375974;;;;;;;
2022-05-15 05:00:00;313.2449258994442;;;;;;;
2022-05-15 06:00:00;232.2027081783295;;;;;;;
2022-05-15 07:00:00;223.7306900703699;;;;;;;
2022-05-15 08:00:00;321.1182529520406;;;;;;;
2022-05-15 09:00:00;281.8208568481979;;;;;;;
2022-05-15 10:00:00;266.8547058801174;;;;;;;
2022-05-15 11:00:00;306.3733365892903;;;;;;;
2022-05-15 12:00:00;337.8429531305606;;;;;;;
2022-05-15 13:00:00;241.8870516183736;;;;;;;
2022-05-15 14:00:00;288.4596998965218;;;;;;;
2022-05-15 15:00:00;379.331220875538;;;;;;;
2022-05-15 16:00:00;259.3988458732501;;;;;;;
2022-05-15 17:00:00;349.634846211378;;;;;;;
2022-05-15 18:00:00;286.7963777262881;;;;;;;
2022-05-15 19:00:00;334.6051393232282;;;;;;;
2022-05-15 20:00:00;360.1922504422023;;;;;;;
2022-05-15 21:00:00;343.6743456682593;;;;;;;
2022-05-15 22:00:00;351.4626430209232;;;;;;;
2022-05-15 23:00:00;255.858847744566;;;;;;;
2022-05-16 00:00:00;360.9499444299461;;;;;;;
2022-05-16 01:00:00;269.725629723661;;;;;;;
2022-05-16 02:00:00;321.3251512521754;;;;;;;
2022-05-16 03:00:00;321.2650459311441;;;;;;;
2022-05-16 04:00:00;331.790441639438;;;;;;;
2022-05-16 05:00:00;324.9166339609771;;;;;;;
2022-05-16 06:00:00;270.1377419322519;;;;;;;
2022-05-16 07:00:00;246.6603974313437;;;;;;;
2022-05-16 08:00:00;349.7548868544562;;;;;;;
2022-05-16 09:00:00;317.9056796060229;;;;;;;
2022-05-16 10:00:00;362.6069568728576;;;;;;;
2022-05-16 11:00:00;307.2090421458824;;;;;;;
2022-05-16 12:00:00;244.0950255577968;;;;;;;
2022-05-16 13:00:00;354.1056358449499;;;;;;;
2022-05-16 14:00:00;292.1018480224978;;;;;;;
2022-05-16 15:00:00;325.150767513262;;;;;;;
2022-05-16 16:00:00;279.2469639270822;;;;;;;
2022-05-16 17:00:00;385.5678322254265;;;;;;;
2022-05-16 18:00:00;268.6181579003215;;;;;;;
2022-05-16 19:00:00;293.630061546119;;;;;;;
2022-05-16 20:00:00;314.2691512904947;;;;;;;
2022-05-16 21:00:00;258.6150909393727;;;;;;;
2022-05-16 22:00:00;324.6179976427807;;;;;;;
2022-05-16 23:00:00;384.0651171584933;;;;;;;
2022-05-17 00:00:00;286.5304829419945;;;;;;;
2022-05-17 01:00:00;327.6160432227725;;;;;;;
2022-05-17 02:00:00;181.7307327742128;;;;;;;
2022-05-17 03:00:00;307.4782927218934;;;;;;;
2022-05-17 04:00:00;294.7614607782171;;;;;;;
2022-05-17 05:00:00;271.3120500927794;;;;;;;
2022-05-17 06:00:00;359.4556726233391;;;;;;;
2022-05-17 07:00:00;294.1490130716863;;;;;;;
2022-05-17 08:00:00;301.0506708006312;;;;;;;
2022-05-17 09:00:00;291.7853450763951;;;;;;;
2022-05-17 10:00:00;220.3581569958345;;;;;;;
2022-05-17 11:00:00;256.7684727279657;;;;;;;
2022-05-17 12:00:00;353.8719934273656;;;;;;;
2022-05-17 13:00:00;211.3981233160808;;;;;;;
2022-05-17 14:00:00;273.7329229896858;;;;;;;
2022-05-17 15:00:00;290.7402494697853;;;;;;;
2022-05-17 16:00:00;390.1755573323503;;;;;;;
2022-05-17 17:00:00;344.9418855336937;;;;;;;
2022-05-17 18:00:00;283.4357051685672;;;;;;;
2022-05-17 19:00:00;369.8041664655758;;;;;;;
2022-05-17 20:00:00;274.92983146798;;;;;;;
2022-05-17 21:00:00;356.0991336324613;;;;;;;
2022-05-17 22:00:00;246.2424073894076;;;;;;;
2022-05-17 23:00:00;359.0755944581141;;;;;;;
2022-05-18 00:00:00;290.4427060831132;;;;;;;
2022-05-18 01:00:00;261.5692859888567;;;;;;;
2022-05-18 02:00:00;299.210454171911;;;;;;;
2022-05-18 03:00:00;322.1510523891311;;;;;;;
2022-05-18 04:00:00;286.3316315335291;;;;;;;
2022-05-18 05:00:00;334.9836915556642;;;;;;;
2022-05-18 06:00:00;282.2376912696154;;;;;;;
2022-05-18 07:00:00;338.0650396584314;;;;;;;
2022-05-18 08:00:00;329.8001739816689;;;;;;;
2022-05-18 09:00:00;306.4579395800561;;;;;;;
2022-05-18 10:00:00;288.8074270798502;;;;;;;
2022-05-18 11:00:00;316.3147002532055;;;;;;;
2022-05-18 12:00:00;334.8120497541112;;;;;;;
2022-05-18 13:00:00;404.9366442053872;;;;;;;
2022-05-18 14:00:00;352.8665225785587;;;;;;;
2022-05-18 15:00:00;354.5630798272261;;;;;;;
2022-05-18 16:00:00;452.5685811853673;;;;;;;
2022-05-18 17:00:00;333.2210015308412;;;;;;;
2022-05-18 18:00:00;331.7682173546077;;;;;;;
2022-05-18 19:00:00;341.9454451054364;;;;;;;
2022-05-18 20:00:00;262.4757177673014;;;;;;;
2022-05-18 21:00:00;288.6905489653319;;;;;;;
2022-05-18 22:00:00;285.8017886989438;;;;;;;
2022-05-18 23:00:00;339.3288488487075;;;;;;;
2022-05-19 00:00:00;301.2039022323125;;;;;;;
2022-05-19 01:00:00;315.6968721781641;;;;;;;
2022-05-19 02:00:00;359.734221066233;;;;;;;
2022-05-19 03:00:00;349.3281700013999;;;;;;;
2022-05-19 04:00:00;301.7816558223575;;;;;;;
2022-05-19 05:00:00;278.2014745907986;;;;;;;
2022-05-19 06:00:00;361.9527226768156;;;;;;;
2022-05-19 07:00:00;345.1871827369322;;;;;;;
2022-05-19 08:00:00;234.76581391306;;;;;;;
2022-05-19 09:00:00;294.7562809006977;;;;;;;
2022-05-19 10:00:00;316.9630220285162;;;;;;;
2022-05-19 11:00:00;345.4162945100679;;;;;;;
2022-05-19 12:00:00;351.5063399188108;;;;;;;
2022-05-19 13:00:00;322.4554726635466;;;;;;;
2022-05-19 14:00:00;336.4355042655478;;;;;;;
2022-05-19 15:00:00;312.2597975355172;;;;;;;
2022-05-19 16:00:00;278.0225571072049;;;;;;;
2022-05-19 17:00:00;297.163574440865;;;;;;;
2022-05-19 18:00:00;310.1653728661874;;;;;;;
2022-05-19 19:00:00;307.6754591788002;;;;;;;
2022-05-19 20:00:00;221.8076009879406;;;;;;;
2022-05-19 21:00:00;290.8440168970075;;;;;;;
2022-05-19 22:00:00;311.8918505166216;;;;;;;
2022-05-19 23:00:00;296.2308223728339;;;;;;;
2022-05-20 00:00:00;297.8335119092704;;;;;;;
2022-05-20 01:00:00;331.9235334223303;;;;;;;
2022-05-20 02:00:00;259.2286402087487;;;;;;;
2022-05-20 03:00:00;233.755131716201;;;;;;;
2022-05-20 04:00:00;293.1318028002777;;;;;;;
2022-05-20 05:00:00;344.7336122347602;;;;;;;
2022-05-20 06:00:00;387.574375928237;;;;;;;
2022-05-20 07:00:00;345.5693216796196;;;;;;;
2022-05-20 08:00:00;241.1676773285864;;;;;;;
2022-05-20 09:00:00;298.5041898324157;;;;;;;
2022-05-20 10:00:00;321.1902699863082;;;;;;;
2022-05-20 11:00:00;317.5232436385598;;;;;;;
2022-05-20 12:00:00;334.3040878300017;;;;;;;
2022-05-20 13:00:00;266.7399922572547;;;;;;;
2022-05-20 14:00:00;312.2972032398891;;;;;;;
2022-05-20 15:00:00;328.784210603257;;;;;;;
2022-05-20 16:00:00;347.5893835021873;;;;;;;
2022-05-20 17:00:00;271.9049219621078;;;;;;;
2022-05-20 18:00:00;293.2715803046588;;;;;;;
2022-05-20 19:00:00;183.8470589593769;;;;;;;
2022-05-20 20:00:00;280.4530549851485;;;;;;;
2022-05-20 21:00:00;284.9553257775555;;;;;;;
2022-05-20 22:00:00;261.9830960135938;;;;;;;
2022-05-20 23:00:00;316.9675076509024;;;;;;;
2022-05-21 00:00:00;306.6888646771862;;;;;;;
2022-05-21 01:00:00;204.4734067630722;;;;;;;
2022-05-21 02:00:00;319.282306832314;;;;;;;
2022-05-21 03:00:00;266.2169065971678;;;;;;;
2022-05-21 04:00:00;331.8167184502753;;;;;;;
2022-05-21 05:00:00;249.8158474269537;;;;;;;
2022-05-21 06:00:00;310.6764042114098;;;;;;;
2022-05-21 07:00:00;296.1476247211547;;;;;;;
2022-05-21 08:00:00;323.3460205466662;;;;;;;
2022-05-21 09:00:00;315.0693583605261;;;;;;;
2022-05-21 10:00:00;297.4465796166996;;;;;;;
2022-05-21 11:00:00;238.0125803991991;;;;;;;
2022-05-21 12:00:00;240.7527320377818;;;;;;;
2022-05-21 13:00:00;282.1962600633017;;;;;;;
2022-05-21 14:00:00;308.9001956828342;;;;;;;
2022-05-21 15:00:00;281.0660883840653;;;;;;;
2022-05-21 16:00:00;338.2895585796648;;;;;;;
2022-05-21 17:00:00;296.3305235463133;;;;;;;
2022-05-21 18:00:00;264.514825562709;;;;;;;
2022-05-21 19:00:00;296.3826979350849;;;;;;;
2022-05-21 20:00:00;319.7625573570873;;;;;;;
2022-05-21 21:00:00;324.3565838956938;;;;;;;
2022-05-21 22:00:00;396.4273037079018;;;;;;;
2022-05-21 23:00:00;278.2518457275371;;;;;;;
2022-05-22 00:00:00;305.8754517268474;;;;;;;
2022-05-22 01:00:00;329.0533397854936;;;;;;;
2022-05-22 02:00:00;308.1976683189013;;;;;;;
2022-05-22 03:00:00;286.0593198889419;;;;;;;
2022-05-22 04:00:00;237.4101782504108;;;;;;;
2022-05-22 05:00:00;285.5853534316402;;;;;;;
2022-05-22 06:00:00;259.4724231057219;;;;;;;
2022-05-22 07:00:00;229.1824650642849;;;;;;;
2022-05-22 08:00:00;272.3706728324554;;;;;;;
2022-05-22 09:00:00;260.7069635761461;;;;;;;
2022-05-22 10:00:00;336.3677252529469;;;;;;;
2022-05-22 11:00:00;337.1705635825692;;;;;;;
2022-05-22 12:00:00;267.3509675159795;;;;;;;
2022-05-22 13:00:00;297.2116261123608;;;;;;;
2022-05-22 14:00:00;223.0755233059971;;;;;;;
2022-05-22 15:00:00;286.350582018385;;;;;;;
2022-05-22 16:00:00;327.7941483881816;;;;;;;
2022-05-22 17:00:00;347.5553747363194;;;;;;;
2022-05-22 18:00:00;276.2041790044597;;;;;;;
2022-05-22 19:00:00;358.0826539416432;;;;;;;
2022-05-22 20:00:00;238.9673593099808;;;;;;;
2022-05-22 21:00:00;251.4035638378143;;;;;;;
2022-05-22 22:00:00;342.2074147085066;;;;;;;
2022-05-22 23:00:00;386.8120607045528;;;;;;;
2022-05-23 00:00:00;332.175938070465;;;;;;;
2022-05-23 01:00:00;307.4127312786536;;;;;;;
2022-05-23 02:00:00;207.4439341082081;;;;;;;
2022-05-23 03:00:00;215.4576466232011;;;;;;;
2022-05-23 04:00:00;315.2879725459493;;;;;;;
2022-05-23 05:00:00;292.6728459573264;;;;;;;
2022-05-23 06:00:00;257.981698837221;;;;;;;
2022-05-23 07:00:00;312.3245513942205;;;;;;;
2022-05-23 08:00:00;314.6255704563923;;;;;;;
2022-05-23 09:00:00;353.0982745819352;;;;;;;
2022-05-23 10:00:00;315.6216630862386;;;;;;;
2022-05-23 11:00:00;366.2727892231617;;;;;;;
2022-05-23 12:00:00;309.6551856258992;;;;;;;
2022-05-23 13:00:00;303.9336255843951;;;;;;;
2022-05-23 14:00:00;358.66058227144;;;;;;;
2022-05-23 15:00:00;263.8918578794825;;;;;;;
2022-05-23 16:00:00;439.8539920407894;;;;;;;
2022-05-23 17:00:00;326.6935095994119;;;;;;;
2022-05-23 18:00:00;326.9519989816471;;;;;;;
2022-05-23 19:00:00;333.6449142242158;;;;;;;
2022-05-23 20:00:00;396.3696535745549;;;;;;;
2022-05-23 21:00:00;346.0508389817747;;;;;;;
2022-05-23 22:00:00;234.8215240278699;;;;;;;
2022-05-23 23:00:00;374.3950292642143;;;;;;;
2022-05-24 00:00:00;293.4692263377554;;;;;;;
2022-05-24 01:00:00;314.2555290237877;;;;;;;
2022-05-24 02:00:00;249.9363419180168;;;;;;;
2022-05-24 03:00:00;333.6962265414359;;;;;;;
2022-05-24 04:00:00;279.0653431306229;;;;;;;
2022-05-24 05:00:00;313.9314562023639;;;;;;;
2022-05-24 06:00:00;296.1042162116416;;;;;;;
2022-05-24 07:00:00;398.5907631431937;;;;;;;
2022-05-24 08:00:00;401.2466261980359;;;;;;;
2022-05-24 09:00:00;311.4421905683109;;;;;;;
2022-05-24 10:00:00;312.2524168822889;;;;;;;
2022-05-24 11:00:00;291.9593132594653;;;;;;;
2022-05-24 12:00:00;360.5948822291518;;;;;;;
2022-05-24 13:00:00;294.0248575903305;;;;;;;
2022-05-24 14:00:00;289.7373694632379;;;;;;;
2022-05-24 15:00:00;354.6838358937593;;;;;;;
2022-05-24 16:00:00;284.3112008624067;;;;;;;
2022-05-24 17:00:00;307.5327653937605;;;;;;;
2022-05-24 18:00:00;235.9231266219263;;;;;;;
2022-05-24 19:00:00;341.9535763820732;;;;;;;
2022-05-24 20:00:00;399.3262785644598;;;;;;;
2022-05-24 21:00:00;342.7438764283869;;;;;;;
2022-05-24 22:00:00;377.1010559644558;;;;;;;
2022-05-24 23:00:00;270.031402668624;;;;;;;
2022-05-25 00:00:00;320.2480307057401;;;;;;;
2022-05-25 01:00:00;265.5286348446218;;;;;;;
2022-05-25 02:00:00;298.7176745938546;;;;;;;
2022-05-25 03:00:00;345.1092568406922;;;;;;;
2022-05-25 04:00:00;314.0080493098437;;;;;;;
2022-05-25 05:00:00;243.7481634113311;;;;;;;
2022-05-25 06:00:00;248.2766387411297;;;;;;;
2022-05-25 07:00:00;245.2084690260114;;;;;;;
2022-05-25 08:00:00;332.0841085440513;;;;;;;
2022-05-25 09:00:00;405.0338545683026;;;;;;;
2022-05-25 10:00:00;372.4923674451031;;;;;;;
2022-05-25 11:00:00;221.3245470627049;;;;;;;
2022-05-25 12:00:00;375.2117975051759;;;;;;;
2022-05-25 13:00:00;352.7264165590323;;;;;;;
2022-05-25 14:00:00;237.5937646675344;;;;;;;
2022-05-25 15:00:00;295.2179954833297;;;;;;;
2022-05-25 16:00:00;360.1085072720726;;;;;;;
2022-05-25 17:00:00;334.8203896631064;;;;;;;
2022-05-25 18:00:00;248.5519351813888;;;;;;;
2022-05-25 19:00:00;337.6182674084118;;;;;;;
2022-05-25 20:00:00;210.120008214509;;;;;;;
2022-05-25 21:00:00;298.9470106110962;;;;;;;
2022-05-25 22:00:00;362.0771495105018;;;;;;;
2022-05-25 23:00:00;310.1376777973993;;;;;;;
2022-05-26 00:00:00;286.1372871891984;;;;;;;
2022-05-26 01:00:00;350.5434493167383;;;;;;;
2022-05-26 02:00:00;354.5056394782903;;;;;;;
2022-05-26 03:00:00;370.0605320425013;;;;;;;
2022-05-26 04:00:00;349.8473821265299;;;;;;;
2022-05-26 05:00:00;359.4521618276103;;;;;;;
2022-05-26 06:00:00;343.2858903033024;;;;;;;
2022-05-26 07:00:00;321.6028986343725;;;;;;;
2022-05-26 08:00:00;313.4368809632409;;;;;;;
2022-05-26 09:00:00;298.2772147418434;;;;;;;
2022-05-26 10:00:00;253.0393456997642;;;;;;;
2022-05-26 11:00:00;264.9648906619734;;;;;;;
2022-05-26 12:00:00;296.2009227736177;;;;;;;
2022-05-26 13:00:00;320.4859265261246;;;;;;;
2022-05-26 14:00:00;376.1274334264313;;;;;;;
2022-05-26 15:00:00;307.3452373360905;;;;;;;
2022-05-26 16:00:00;355.8382439787914;;;;;;;
2022-05-26 17:00:00;359.3566329857159;;;;;;;
2022-05-26 18:00:00;298.5468915598475;;;;;;;
2022-05-26 19:00:00;336.8735751975087;;;;;;;
2022-05-26 20:00:00;297.9864106552972;;;;;;;
2022-05-26 21:00:00;370.6217068500309;;;;;;;
2022-05-26 22:00:00;338.7827777364803;;;;;;;
2022-05-26 23:00:00;254.0546273897482;;;;;;;
2022-05-27 00:00:00;316.7778777904579;;;;;;;
2022-05-27 01:00:00;385.7446091655858;;;;;;;
2022-05-27 02:00:00;300.8765337940852;;;;;;;
2022-05-27 03:00:00;330.055007316455;;;;;;;
2022-05-27 04:00:00;334.6090863118123;;;;;;;
2022-05-27 05:00:00;261.1926399339337;;;;;;;
2022-05-27 06:00:00;332.9774156530764;;;;;;;
2022-05-27 07:00:00;244.6206175488812;;;;;;;
2022-05-27 08:00:00;280.2599623428872;;;;;;;
2022-05-27 09:00:00;359.189958631677;;;;;;;
2022-05-27 10:00:00;325.835190499561;;;;;;;
2022-05-27 11:00:00;295.1587896015416;;;;;;;
2022-05-27 12:00:00;329.9968305250255;;;;;;;
2022-05-27 13:00:00;306.4964829147511;;;;;;;
2022-05-27 14:00:00;309.8678714598954;;;;;;;
2022-05-27 15:00:00;339.7558722756542;;;;;;;
2022-05-27 16:00:00;275.5398057107761;;;;;;;
2022-05-27 17:00:00;311.1556340983378;;;;;;;
2022-05-27 18:00:00;294.7973729244904;;;;;;;
2022-05-27 19:00:00;235.7239818608112;;;;;;;
2022-05-27 20:00:00;266.5819413292037;;;;;;;
2022-05-27 21:00:00;382.0375714504519;;;;;;;
2022-05-27 22:00:00;327.1326548184245;;;;;;;
2022-05-27 23:00:00;247.8795549784352;;;;;;;
2022-05-28 00:00:00;237.8232027419315;;;;;;;
2022-05-28 01:00:00;304.0807410651141;;;;;;;
2022-05-28 02:00:00;381.711899054985;;;;;;;
2022-05-28 03:00:00;300.6201169761896;;;;;;;
2022-05-28 04:00:00;369.9194919218766;;;;;;;
2022-05-28 05:00:00;325.6113218714265;;;;;;;
2022-05-28 06:00:00;331.14687813666;;;;;;;
2022-05-28 07:00:00;247.3167097251265;;;;;;;
2022-05-28 08:00:00;352.7784925263265;;;;;;;
2022-05-28 09:00:00;293.7459372444699;;;;;;;
2022-05-28 10:00:00;349.3254660015736;;;;;;;
2022-05-28 11:00:00;271.5128198647255;;;;;;;
2022-05-28 12:00:00;317.498109520738;;;;;;;
2022-05-28 13:00:00;325.6146706374721;;;;;;;
2022-05-28 14:00:00;302.1383079561239;;;;;;;
2022-05-28 15:00:00;328.0522442546542;;;;;;;
2022-05-28 16:00:00;296.9254556306433;;;;;;;
2022-05-28 17:00:00;279.1727206326606;;;;;;;
2022-05-28 18:00:00;383.7669472162678;;;;;;;
2022-05-28 19:00:00;357.9480227471779;;;;;;;
2022-05-28 20:00:00;273.9857909699396;;;;;;;
2022-05-28 21:00:00;335.6559581238105;;;;;;;
2022-05-28 22:00:00;274.8294825832635;;;;;;;
2022-05-28 23:00:00;254.3236635075316;;;;;;;
2022-05-29 00:00:00;357.2454791601424;;;;;;;
2022-05-29 01:00:00;230.2266269713285;;;;;;;
2022-05-29 02:00:00;352.2836217686529;;;;;;;
2022-05-29 03:00:00;297.5598640822545;;;;;;;
2022-05-29 04:00:00;299.4701142876945;;;;;;;
2022-05-29 05:00:00;328.293765612383;;;;;;;
2022-05-29 06:00:00;336.2476734523494;;;;;;;
2022-05-29 07:00:00;270.9480731187458;;;;;;;
2022-05-29 08:00:00;342.5815131059966;;;;;;;
2022-05-29 09:00:00;314.5438809136422;;;;;;;
2022-05-29 10:00:00;251.0126132824656;;;;;;;
2022-05-29 11:00:00;301.4033942680173;;;;;;;
2022-05-29 12:00:00;373.3655128791385;;;;;;;
2022-05-29 13:00:00;387.0659940973043;;;;;;;
2022-05-29 14:00:00;342.5640160657708;;;;;;;
2022-05-29 15:00:00;254.0611347250661;;;;;;;
2022-05-29 16:00:00;332.0448748621211;;;;;;;
2022-05-29 17:00:00;348.7580120168328;;;;;;;
2022-05-29 18:00:00;342.9518366012711;;;;;;;
2022-05-29 19:00:00;345.7004296042306;;;;;;;
2022-05-29 20:00:00;326.1370576698174;;;;;;;
2022-05-29 21:00:00;305.9249212635277;;;;;;;
2022-05-29 22:00:00;281.0605422030544;;;;;;;
2022-05-29 23:00:00;221.2340665829438;;;;;;;
2022-05-30 00:00:00;325.0412024270713;;;;;;;
2022-05-30 01:00:00;317.9158055499608;;;;;;;
2022-05-30 02:00:00;335.1517413539067;;;;;;;
2022-05-30 03:00:00;247.2321273917271;;;;;;;
2022-05-30 04:00:00;339.2083537846441;;;;;;;
2022-05-30 05:00:00;404.600109239329;;;;;;;
2022-05-30 06:00:00;312.9238307447355;;;;;;;
2022-05-30 07:00:00;306.4235039642908;;;;;;;
2022-05-30 08:00:00;323.6197590283451;;;;;;;
2022-05-30 09:00:00;403.5698180644669;;;;;;;
2022-05-30 10:00:00;261.7945909218595;;;;;;;
2022-05-30 11:00:00;318.7116292007759;;;;;;;
2022-05-30 12:00:00;272.1860959410342;;;;;;;
2022-05-30 13:00:00;283.9073238397892;;;;;;;
2022-05-30 14:00:00;306.9836957168504;;;;;;;
2022-05-30 15:00:00;371.7902146036643;;;;;;;
2022-05-30 16:00:00;392.8370447993157;;;;;;;
2022-05-30 17:00:00;330.0748222906683;;;;;;;
2022-05-30 18:00:00;291.8130949208343;;;;;;;
2022-05-30 19:00:00;424.9290787540194;;;;;;;
2022-05-30 20:00:00;289.448936780683;;;;;;;
2022-05-30 21:00:00;282.7878138680811;;;;;;;
2022-05-30 22:00:00;226.9400131585859;;;;;;;
2022-05-30 23:00:00;374.0527064714324;;;;;;;
2022-05-31 00:00:00;354.2037985766594;;;;;;;
2022-05-31 01:00:00;421.4527231116216;;;;;;;
2022-05-31 02:00:00;244.8206533609363;;;;;;;
2022-05-31 03:00:00;376.9327267322191;;;;;;;
2022-05-31 04:00:00;312.5380938560817;;;;;;;
2022-05-31 05:00:00;346.6814452082947;;;;;;;
2022-05-31 06:00:00;232.8395761832551;;;;;;;
2022-05-31 07:00:00;377.3925249731933;;;;;;;
2022-05-31 08:00:00;345.7729163840168;;;;;;;
2022-05-31 09:00:00;307.4791818694074;;;;;;;
2022-05-31 10:00:00;339.212807402142;;;;;;;
2022-05-31 11:00:00;273.7709672146723;;;;;;;
2022-05-31 12:00:00;282.4025613738735;;;;;;;
2022-05-31 13:00:00;287.7838984987342;;;;;;;
2022-05-31 14:00:00;223.3313695019561;;;;;;;
2022-05-31 15:00:00;349.2635800920481;;;;;;;
2022-05-31 16:00:00;364.5655047817945;;;;;;;
2022-05-31 17:00:00;276.7471090084408;;;;;;;
2022-05-31 18:00:00;325.4383814509373;;;;;;;
2022-05-31 19:00:00;296.965195599235;;;;;;;
2022-05-31 20:00:00;324.5138198658011;;;;;;;
2022-05-31 21:00:00;280.1693512467498;;;;;;;
2022-05-31 22:00:00;268.2998889356491;;;;;;;
2022-05-31 23:00:00;358.0928615070875;;;;;;;
2022-06-01 00:00:00;306.3211958383413;;;;;;;
2022-06-01 01:00:00;403.0953106321208;;;;;;;
2022-06-01 02:00:00;311.4327633307178;;;;;;;
2022-06-01 03:00:00;266.3211086807391;;;;;;;
2022-06-01 04:00:00;366.2053578848356;;;;;;;
2022-06-01 05:00:00;338.5488115336544;;;;;;;
2022-06-01 06:00:00;343.0058784868449;;;;;;;
2022-06-01 07:00:00;364.519439883043;;;;;;;
2022-06-01 08:00:00;278.9993726095802;;;;;;;
2022-06-01 09:00:00;303.3807034274361;;;;;;;
2022-06-01 10:00:00;301.3303097067047;;;;;;;
2022-06-01 11:00:00;249.4031714049435;;;;;;;
2022-06-01 12:00:00;297.0556763163205;;;;;;;
2022-06-01 13:00:00;371.2825034946381;;;;;;;
2022-06-01 14:00:00;320.2950645822652;;;;;;;
2022-06-01 15:00:00;246.8369717683383;;;;;;;
2022-06-01 16:00:00;237.1048109227176;;;;;;;
2022-06-01 17:00:00;386.5176914734699;;;;;;;
2022-06-01 18:00:00;305.0941833554471;;;;;;;
2022-06-01 19:00:00;279.2492475021015;;;;;;;
2022-06-01 20:00:00;296.5731178628899;;;;;;;
2022-06-01 21:00:00;240.7481024756905;;;;;;;
2022-06-01 22:00:00;375.3054740712663;;;;;;;
2022-06-01 23:00:00;291.0495547624072;;;;;;;
2022-06-02 00:00:00;372.7216994685907;;;;;;;
2022-06-02 01:00:00;311.6805812432237;;;;;;;
2022-06-02 02:00:00;375.604095431741;;;;;;;
2022-06-02 03:00:00;321.19305901775;;;;;;;
2022-06-02 04:00:00;348.8680441982262;;;;;;;
2022-06-02 05:00:00;342.6449521453855;;;;;;;
2022-06-02 06:00:00;338.2004445966529;;;;;;;
2022-06-02 07:00:00;325.4259232266151;;;;;;;
2022-06-02 08:00:00;298.4817600661524;;;;;;;
2022-06-02 09:00:00;398.1464092478492;;;;;;;
2022-06-02 10:00:00;267.209112923606;;;;;;;
2022-06-02 11:00:00;309.4841643610876;;;;;;;
2022-06-02 12:00:00;309.9749165970908;;;;;;;
2022-06-02 13:00:00;327.954613721987;;;;;;;
2022-06-02 14:00:00;289.3599480468037;;;;;;;
2022-06-02 15:00:00;323.8862360570366;;;;;;;
2022-06-02 16:00:00;301.4512667664034;;;;;;;
2022-06-02 17:00:00;235.8933547928232;;;;;;;
2022-06-02 18:00:00;309.7274772811818;;;;;;;
2022-06-02 19:00:00;258.226181093676;;;;;;;
2022-06-02 20:00:00;228.8215728809421;;;;;;;
2022-06-02 21:00:00;315.6342372418257;;;;;;;
2022-06-02 22:00:00;331.9185216809098;;;;;;;
2022-06-02 23:00:00;333.7192384074772;;;;;;;
2022-06-03 00:00:00;335.5968725131587;;;;;;;
2022-06-03 01:00:00;219.6263988349104;;;;;;;
2022-06-03 02:00:00;246.1431418758135;;;;;;;
2022-06-03 03:00:00;400.8412071856899;;;;;;;
2022-06-03 04:00:00;260.7015338125831;;;;;;;
2022-06-03 05:00:00;337.6228544973004;;;;;;;
2022-06-03 06:00:00;277.4154659984731;;;;;;;
2022-06-03 07:00:00;312.9805507902992;;;;;;;
2022-06-03 08:00:00;279.9059819892509;;;;;;;
2022-06-03 09:00:00;335.3357026690621;;;;;;;
2022-06-03 10:00:00;315.629634934655;;;;;;;
2022-06-03 11:00:00;288.4869716587165;;;;;;;
2022-06-03 12:00:00;260.5640557129589;;;;;;;
2022-06-03 13:00:00;321.7070755702291;;;;;;;
2022-06-03 14:00:00;253.0230847990043;;;;;;;
2022-06-03 15:00:00;329.1162990304046;;;;;;;
2022-06-03 16:00:00;431.1339118489934;;;;;;;
2022-06-03 17:00:00;371.9222856422165;;;;;;;
2022-06-03 18:00:00;342.610382237027;;;;;;;
2022-06-03 19:00:00;305.3127721765928;;;;;;;
2022-06-03 20:00:00;219.3404528271053;;;;;;;
2022-06-03 21:00:00;247.9399538223602;;;;;;;
2022-06-03 22:00:00;368.7964791295597;;;;;;;
2022-06-03 23:00:00;272.6454454253042;;;;;;;
2022-06-04 00:00:00;276.8441648223551;;;;;;;
2022-06-04 01:00:00;301.5993571803756;;;;;;;
2022-06-04 02:00:00;260.0131829517964;;;;;;;
2022-06-04 03:00:00;252.3712710835068;;;;;;;
2022-06-04 04:00:00;306.9426955227651;;;;;;;
2022-06-04 05:00:00;267.9239090624035;;;;;;;
2022-06-04 06:00:00;274.90650713367;;;;;;;
2022-06-04 07:00:00;273.0428009614271;;;;;;;
2022-06-04 08:00:00;333.5179950665303;;;;;;;
2022-06-04 09:00:00;298.5153959246976;;;;;;;
2022-06-04 10:00:00;300.9998949378877;;;;;;;
2022-06-04 11:00:00;336.9782224417435;;;;;;;
2022-06-04 12:00:00;302.6947278480559;;;;;;;
2022-06-04 13:00:00;296.375392231037;;;;;;;
2022-06-04 14:00:00;331.1097592732473;;;;;;;
2022-06-04 15:00:00;340.2837889186092;;;;;;;
2022-06-04 16:00:00;302.4611923009576;;;;;;;
2022-06-04 17:00:00;313.0239296028891;;;;;;;
2022-06-04 18:00:00;273.0150023202384;;;;;;;
2022-06-04 19:00:00;269.3549557801291;;;;;;;
2022-06-04 20:00:00;344.9671109084878;;;;;;;
2022-06-04 21:00:00;329.9263620083789;;;;;;;
2022-06-04 22:00:00;330.4068217109762;;;;;;;
2022-06-04 23:00:00;322.3138984249653;;;;;;;
2022-06-05 00:00:00;311.4278137464381;;;;;;;
2022-06-05 01:00:00;341.5927132880678;;;;;;;
2022-06-05 02:00:00;352.6664932169885;;;;;;;
2022-06-05 03:00:00;351.5586017125889;;;;;;;
2022-06-05 04:00:00;304.60896702303;;;;;;;
2022-06-05 05:00:00;373.630587218968;;;;;;;
2022-06-05 06:00:00;319.8832174635195;;;;;;;
2022-06-05 07:00:00;338.6219276657081;;;;;;;
2022-06-05 08:00:00;322.3711257101016;;;;;;;
2022-06-05 09:00:00;320.743616711989;;;;;;;
2022-06-05 10:00:00;275.1508381689556;;;;;;;
2022-06-05 11:00:00;341.8218441430049;;;;;;;
2022-06-05 12:00:00;441.2850633528337;;;;;;;
2022-06-05 13:00:00;291.8965853682351;;;;;;;
2022-06-05 14:00:00;312.5779542829779;;;;;;;
2022-06-05 15:00:00;288.5836775652292;;;;;;;
2022-06-05 16:00:00;286.6437858107419;;;;;;;
2022-06-05 17:00:00;380.9354227475533;;;;;;;
2022-06-05 18:00:00;278.0634137417277;;;;;;;
2022-06-05 19:00:00;287.2904727993205;;;;;;;
2022-06-05 20:00:00;235.6363253119567;;;;;;;
2022-06-05 21:00:00;274.1367072059034;;;;;;;
2022-06-05 22:00:00;230.0271261829786;;;;;;;
2022-06-05 23:00:00;338.5954145755856;;;;;;;
2022-06-06 00:00:00;439.1696897430388;;;;;;;
2022-06-06 01:00:00;292.2731211439469;;;;;;;
2022-06-06 02:00:00;231.9590069824797;;;;;;;
2022-06-06 03:00:00;351.0376892496433;;;;;;;
2022-06-06 04:00:00;275.560347527764;;;;;;;
2022-06-06 05:00:00;369.5644664820617;;;;;;;
2022-06-06 06:00:00;296.200247025043;;;;;;;
2022-06-06 07:00:00;279.9727184256632;;;;;;;
2022-06-06 08:00:00;301.0283991445359;;;;;;;
2022-06-06 09:00:00;344.4395921199242;;;;;;;
2022-06-06 10:00:00;298.7336761060263;;;;;;;
2022-06-06 11:00:00;286.2399470294255;;;;;;;
2022-06-06 12:00:00;300.0599968144488;;;;;;;
2022-06-06 13:00:00;250.2795912718029;;;;;;;
2022-06-06 14:00:00;327.7036688802104;;;;;;;
2022-06-06 15:00:00;226.3933431027701;;;;;;;
2022-06-06 16:00:00;288.6803510286568;;;;;;;
2022-06-06 17:00:00;344.5142122772666;;;;;;;
2022-06-06 18:00:00;323.3435338071195;;;;;;;
2022-06-06 19:00:00;336.6708561011479;;;;;;;
2022-06-06 20:00:00;306.2666804129578;;;;;;;
2022-06-06 21:00:00;363.5519444991096;;;;;;;
2022-06-06 22:00:00;352.1835659645407;;;;;;;
2022-06-06 23:00:00;329.9819840890374;;;;;;;
2022-06-07 00:00:00;352.3156263743191;;;;;;;
2022-06-07 01:00:00;344.0984573960135;;;;;;;
2022-06-07 02:00:00;288.8964452477344;;;;;;;
2022-06-07 03:00:00;246.9372919802466;;;;;;;
2022-06-07 04:00:00;328.786033651846;;;;;;;
2022-06-07 05:00:00;334.6188470045292;;;;;;;
2022-06-07 06:00:00;359.8742048971072;;;;;;;
2022-06-07 07:00:00;265.845897896972;;;;;;;
2022-06-07 08:00:00;267.232584162137;;;;;;;
2022-06-07 09:00:00;330.6203126934728;;;;;;;
2022-06-07 10:00:00;305.982696346935;;;;;;;
2022-06-07 11:00:00;221.7988464109443;;;;;;;
2022-06-07 12:00:00;326.6865825083974;;;;;;;
2022-06-07 13:00:00;223.3455167869946;;;;;;;
2022-06-07 14:00:00;265.4313667423939;;;;;;;
2022-06-07 15:00:00;371.9923998534549;;;;;;;
2022-06-07 16:00:00;393.9452917310728;;;;;;;
2022-06-07 17:00:00;252.8868031738639;;;;;;;
2022-06-07 18:00:00;294.0029757054457;;;;;;;
2022-06-07 19:00:00;311.2616931444048;;;;;;;
2022-06-07 20:00:00;391.9201556654426;;;;;;;
2022-06-07 21:00:00;286.4188257133149;;;;;;;
2022-06-07 22:00:00;287.1604087058733;;;;;;;
2022-06-07 23:00:00;381.1338014386952;;;;;;;
2022-06-08 00:00:00;291.89686010883;;;;;;;
2022-06-08 01:00:00;342.7891712487054;;;;;;;
2022-06-08 02:00:00;240.755747483303;;;;;;;
2022-06-08 03:00:00;301.3403809658743;;;;;;;
2022-06-08 04:00:00;232.2912291280445;;;;;;;
2022-06-08 05:00:00;260.319953312408;;;;;;;
2022-06-08 06:00:00;348.2170946753408;;;;;;;
2022-06-08 07:00:00;306.9690781725733;;;;;;;
2022-06-08 08:00:00;294.4801610607572;;;;;;;
2022-06-08 09:00:00;274.5478435196803;;;;;;;
2022-06-08 10:00:00;299.0475018431126;;;;;;;
2022-06-08 11:00:00;323.2537586590715;;;;;;;
2022-06-08 12:00:00;354.8844072152387;;;;;;;
2022-06-08 13:00:00;187.4968148003445;;;;;;;
2022-06-08 14:00:00;270.6967178697716;;;;;;;
2022-06-08 15:00:00;316.6652174212401;;;;;;;
2022-06-08 16:00:00;304.6977996650736;;;;;;;
2022-06-08 17:00:00;327.9980135425711;;;;;;;
2022-06-08 18:00:00;321.696223802515;;;;;;;
2022-06-08 19:00:00;295.1406939056891;;;;;;;
2022-06-08 20:00:00;284.8422064434893;;;;;;;
2022-06-08 21:00:00;297.8948571759714;;;;;;;
2022-06-08 22:00:00;362.5775211488333;;;;;;;
2022-06-08 23:00:00;275.3245349042361;;;;;;;
2022-06-09 00:00:00;306.3705512129524;;;;;;;
2022-06-09 01:00:00;317.7900522619957;;;;;;;
2022-06-09 02:00:00;381.6731332049479;;;;;;;
2022-06-09 03:00:00;295.3522260451789;;;;;;;
2022-06-09 04:00:00;353.7659013225822;;;;;;;
2022-06-09 05:00:00;366.439108487533;;;;;;;
2022-06-09 06:00:00;306.326592237391;;;;;;;
2022-06-09 07:00:00;299.5085099569545;;;;;;;
2022-06-09 08:00:00;294.0186501744436;;;;;;;
2022-06-09 09:00:00;297.4160087533666;;;;;;;
2022-06-09 10:00:00;348.9147707671639;;;;;;;
2022-06-09 11:00:00;320.0014860339199;;;;;;;
2022-06-09 12:00:00;320.200034131072;;;;;;;
2022-06-09 13:00:00;257.0822229462991;;;;;;;
2022-06-09 14:00:00;264.3998946152341;;;;;;;
2022-06-09 15:00:00;408.7244959320625;;;;;;;
2022-06-09 16:00:00;301.0345151085513;;;;;;;
2022-06-09 17:00:00;273.3405967884718;;;;;;;
2022-06-09 18:00:00;375.6768015734555;;;;;;;
2022-06-09 19:00:00;322.3581662879437;;;;;;;
2022-06-09 20:00:00;336.1064590963961;;;;;;;
2022-06-09 21:00:00;302.8799520247525;;;;;;;
2022-06-09 22:00:00;294.5002328389014;;;;;;;
2022-06-09 23:00:00;301.4167605041119;;;;;;;
2022-06-10 00:00:00;245.1354359187942;;;;;;;
2022-06-10 01:00:00;305.2051360516638;;;;;;;
2022-06-10 02:00:00;323.0180798281129;;;;;;;
2022-06-10 03:00:00;395.132211265486;;;;;;;
2022-06-10 04:00:00;313.2740457947319;;;;;;;
2022-06-10 05:00:00;200.9956670372757;;;;;;;
2022-06-10 06:00:00;304.9240883048333;;;;;;;
2022-06-10 07:00:00;436.377172952733;;;;;;;
2022-06-10 08:00:00;349.4773453891925;;;;;;;
2022-06-10 09:00:00;271.6650359146714;;;;;;;
2022-06-10 10:00:00;336.7073180060837;;;;;;;
2022-06-10 11:00:00;274.8603536344153;;;;;;;
2022-06-10 12:00:00;246.4776054217169;;;;;;;
2022-06-10 13:00:00;293.1225441082521;;;;;;;
2022-06-10 14:00:00;313.5304753230993;;;;;;;
2022-06-10 15:00:00;222.4300697993369;;;;;;;
2022-06-10 16:00:00;255.9717787176693;;;;;;;
2022-06-10 17:00:00;309.7638155720409;;;;;;;
2022-06-10 18:00:00;290.3480868612718;;;;;;;
2022-06-10 19:00:00;327.6006618383482;;;;;;;
2022-06-10 20:00:00;252.9326410199783;;;;;;;
2022-06-10 21:00:00;342.4139493464908;;;;;;;
2022-06-10 22:00:00;254.3666020654496;;;;;;;
2022-06-10 23:00:00;385.49511600374;;;;;;;
2022-06-11 00:00:00;229.6857509181807;;;;;;;
2022-06-11 01:00:00;258.5978355048648;;;;;;;
2022-06-11 02:00:00;328.647258264991;;;;;;;
2022-06-11 03:00:00;386.4925092076433;;;;;;;
2022-06-11 04:00:00;323.9000021719706;;;;;;;
2022-06-11 05:00:00;335.3967909105946;;;;;;;
2022-06-11 06:00:00;310.0979047353085;;;;;;;
2022-06-11 07:00:00;261.666979016292;;;;;;;
2022-06-11 08:00:00;286.5455054592755;;;;;;;
2022-06-11 09:00:00;253.060620119273;;;;;;;
2022-06-11 10:00:00;249.9615797226983;;;;;;;
2022-06-11 11:00:00;327.9225177094996;;;;;;;
2022-06-11 12:00:00;257.1771204207553;;;;;;;
2022-06-11 13:00:00;324.1092780444528;;;;;;;
2022-06-11 14:00:00;248.8893164447363;;;;;;;
2022-06-11 15:00:00;323.0343146140461;;;;;;;
2022-06-11 16:00:00;286.6130429151233;;;;;;;
2022-06-11 17:00:00;374.5409410499298;;;;;;;
2022-06-11 18:00:00;324.302498267985;;;;;;;
2022-06-11 19:00:00;366.6155624485207;;;;;;;
2022-06-11 20:00:00;274.2278691362151;;;;;;;
2022-06-11 21:00:00;311.888959658725;;;;;;;
2022-06-11 22:00:00;263.7690900316804;;;;;;;
2022-06-11 23:00:00;290.0960788992118;;;;;;;
2022-06-12 00:00:00;297.1246124240915;;;;;;;
2022-06-12 01:00:00;275.6098363398085;;;;;;;
2022-06-12 02:00:00;252.8939248919527;;;;;;;
2022-06-12 03:00:00;243.7075094849228;;;;;;;
2022-06-12 04:00:00;200.7372101843519;;;;;;;
2022-06-12 05:00:00;260.2776115520392;;;;;;;
2022-06-12 06:00:00;338.3954250298243;;;;;;;
2022-06-12 07:00:00;235.1257413592872;;;;;;;
2022-06-12 08:00:00;245.8134795057593;;;;;;;
2022-06-12 09:00:00;392.3688488270086;;;;;;;
2022-06-12 10:00:00;279.755584095157;;;;;;;
2022-06-12 11:00:00;324.1784959888542;;;;;;;
2022-06-12 12:00:00;339.0831148445099;;;;;;;
2022-06-12 13:00:00;340.0206630966136;;;;;;;
2022-06-12 14:00:00;238.6601328537927;;;;;;;
2022-06-12 15:00:00;298.5648509792638;;;;;;;
2022-06-12 16:00:00;234.2104729805106;;;;;;;
2022-06-12 17:00:00;422.7754852727559;;;;;;;
2022-06-12 18:00:00;235.293834356888;;;;;;;
2022-06-12 19:00:00;260.6722387669479;;;;;;;
2022-06-12 20:00:00;261.0080920356051;;;;;;;
2022-06-12 21:00:00;239.8502784331508;;;;;;;
2022-06-12 22:00:00;372.0347348566734;;;;;;;
2022-06-12 23:00:00;421.668094716418;;;;;;;
2022-06-13 00:00:00;287.2130598949424;;;;;;;
2022-06-13 01:00:00;248.0263948803394;;;;;;;
2022-06-13 02:00:00;205.5074236823896;;;;;;;
2022-06-13 03:00:00;297.9594715209169;;;;;;;
2022-06-13 04:00:00;294.6072916414965;;;;;;;
2022-06-13 05:00:00;279.0689693520038;;;;;;;
2022-06-13 06:00:00;319.5545057061869;;;;;;;
2022-06-13 07:00:00;327.617450023405;;;;;;;
2022-06-13 08:00:00;324.273009354507;;;;;;;
2022-06-13 09:00:00;294.6184514483688;;;;;;;
2022-06-13 10:00:00;258.1771674211661;;;;;;;
2022-06-13 11:00:00;340.1740821008719;;;;;;;
2022-06-13 12:00:00;309.8648678639055;;;;;;;
2022-06-13 13:00:00;350.4975795629529;;;;;;;
2022-06-13 14:00:00;345.9380184542083;;;;;;;
2022-06-13 15:00:00;243.3250139122252;;;;;;;
2022-06-13 16:00:00;242.7469550942524;;;;;;;
2022-06-13 17:00:00;274.2327866495112;;;;;;;
2022-06-13 18:00:00;260.281371918012;;;;;;;
2022-06-13 19:00:00;344.3224513809258;;;;;;;
2022-06-13 20:00:00;325.5825076374367;;;;;;;
2022-06-13 21:00:00;360.2783777711352;;;;;;;
2022-06-13 22:00:00;327.6783948667783;;;;;;;
2022-06-13 23:00:00;318.964128077035;;;;;;;
2022-06-14 00:00:00;364.9429630763387;;;;;;;
2022-06-14 01:00:00;331.0762166539555;;;;;;;
2022-06-14 02:00:00;312.4437054650164;;;;;;;
2022-06-14 03:00:00;377.9664582254069;;;;;;;
2022-06-14 04:00:00;314.627867618291;;;;;;;
2022-06-14 05:00:00;295.165154804103;;;;;;;
2022-06-14 06:00:00;270.4154817154324;;;;;;;
2022-06-14 07:00:00;341.8995342320587;;;;;;;
2022-06-14 08:00:00;366.6743720355998;;;;;;;
2022-06-14 09:00:00;306.9374379064799;;;;;;;
2022-06-14 10:00:00;369.9619908525612;;;;;;;
2022-06-14 11:00:00;217.8901070711056;;;;;;;
2022-06-14 12:00:00;306.7116925154998;;;;;;;
2022-06-14 13:00:00;307.4242122728068;;;;;;;
2022-06-14 14:00:00;275.5571272527354;;;;;;;
2022-06-14 15:00:00;419.8779479508709;;;;;;;
2022-06-14 16:00:00;306.2134699025566;;;;;;;
2022-06-14 17:00:00;290.3686111722511;;;;;;;
2022-06-14 18:00:00;310.4887726206375;;;;;;;
2022-06-14 19:00:00;216.368488216067;;;;;;;
2022-06-14 20:00:00;274.0320360757656;;;;;;;
2022-06-14 21:00:00;354.8994274374435;;;;;;;
2022-06-14 22:00:00;280.1058808281404;;;;;;;
2022-06-14 23:00:00;270.8306075842941;;;;;;;
2022-06-15 00:00:00;370.0366836069754;;;;;;;
2022-06-15 01:00:00;371.4622723655653;;;;;;;
2022-06-15 02:00:00;333.2688785300808;;;;;;;
2022-06-15 03:00:00;288.1702230511792;;;;;;;
2022-06-15 04:00:00;298.1746245439086;;;;;;;
2022-06-15 05:00:00;271.9776751467551;;;;;;;
2022-06-15 06:00:00;263.1341620616054;;;;;;;
2022-06-15 07:00:00;260.8310746944612;;;;;;;
2022-06-15 08:00:00;280.6111407542651;;;;;;;
2022-06-15 09:00:00;261.2808745049745;;;;;;;
2022-06-15 10:00:00;236.7398999505639;;;;;;;
2022-06-15 11:00:00;319.4629923002886;;;;;;;
2022-06-15 12:00:00;320.1678316821282;;;;;;;
2022-06-15 13:00:00;388.1886015515477;;;;;;;
2022-06-15 14:00:00;278.278334614376;;;;;;;
2022-06-15 15:00:00;323.0212119155171;;;;;;;
2022-06-15 16:00:00;323.7918861075516;;;;;;;
2022-06-15 17:00:00;297.5081247484886;;;;;;;
2022-06-15 18:00:00;343.815927761798;;;;;;;
2022-06-15 19:00:00;345.249256375854;;;;;;;
2022-06-15 20:00:00;324.4737891860199;;;;;;;
2022-06-15 21:00:00;297.4245185194725;;;;;;;
2022-06-15 22:00:00;292.6975528732238;;;;;;;
2022-06-15 23:00:00;245.8305959553063;;;;;;;
2022-06-16 00:00:00;271.8956614325853;;;;;;;
2022-06-16 01:00:00;280.4277451825323;;;;;;;
2022-06-16 02:00:00;257.1402948486144;;;;;;;
2022-06-16 03:00:00;329.693559252584;;;;;;;
2022-06-16 04:00:00;364.7990571939556;;;;;;;
2022-06-16 05:00:00;267.1569004460307;;;;;;;
2022-06-16 06:00:00;322.4339202429415;;;;;;;
2022-06-16 07:00:00;261.3091671150728;;;;;;;
2022-06-16 08:00:00;295.1381744162665;;;;;;;
2022-06-16 09:00:00;277.258104106866;;;;;;;
2022-06-16 10:00:00;337.2078545124369;;;;;;;
2022-06-16 11:00:00;277.7935404644931;;;;;;;
2022-06-16 12:00:00;356.2179271101348;;;;;;;
2022-06-16 13:00:00;297.8846840139012;;;;;;;
2022-06-16 14:00:00;279.147485047628;;;;;;;
2022-06-16 15:00:00;251.1401712847664;;;;;;;
2022-06-16 16:00:00;321.0311491975063;;;;;;;
2022-06-16 17:00:00;350.815873834216;;;;;;;
2022-06-16 18:00:00;321.9644183290953;;;;;;;
2022-06-16 19:00:00;413.149651335076;;;;;;;
2022-06-16 20:00:00;375.6159477281739;;;;;;;
2022-06-16 21:00:00;295.0172940207425;;;;;;;
2022-06-16 22:00:00;294.5301865662865;;;;;;;
2022-06-16 23:00:00;331.0747960994832;;;;;;;
2022-06-17 00:00:00;270.4063923913376;;;;;;;
2022-06-17 01:00:00;363.3915245460427;;;;;;;
2022-06-17 02:00:00;326.0599272290409;;;;;;;
2022-06-17 03:00:00;321.1821294579807;;;;;;;
2022-06-17 04:00:00;341.1539212732911;;;;;;;
2022-06-17 05:00:00;389.2109621365668;;;;;;;
2022-06-17 06:00:00;317.2153929395291;;;;;;;
2022-06-17 07:00:00;304.0400792654386;;;;;;;
2022-06-17 08:00:00;379.2778201632685;;;;;;;
2022-06-17 09:00:00;354.1715475034082;;;;;;;
2022-06-17 10:00:00;294.3932166065917;;;;;;;
2022-06-17 11:00:00;309.5249345133473;;;;;;;
2022-06-17 12:00:00;318.3485595260663;;;;;;;
2022-06-17 13:00:00;326.069782083483;;;;;;;
2022-06-17 14:00:00;246.3480617737396;;;;;;;
2022-06-17 15:00:00;237.7243756403153;;;;;;;
2022-06-17 16:00:00;268.1159483060482;;;;;;;
2022-06-17 17:00:00;264.5275502202911;;;;;;;
2022-06-17 18:00:00;279.4156204334175;;;;;;;
2022-06-17 19:00:00;338.7302289612574;;;;;;;
2022-06-17 20:00:00;301.4472505028055;;;;;;;
2022-06-17 21:00:00;318.3955872465534;;;;;;;
2022-06-17 22:00:00;252.485644016203;;;;;;;
2022-06-17 23:00:00;287.8675171044825;;;;;;;
2022-06-18 00:00:00;336.5287595374086;;;;;;;
2022-06-18 01:00:00;336.8857415213533;;;;;;;
2022-06-18 02:00:00;275.6694227091937;;;;;;;
2022-06-18 03:00:00;316.7842676459381;;;;;;;
2022-06-18 04:00:00;411.2946963674717;;;;;;;
2022-06-18 05:00:00;308.4679068839827;;;;;;;
2022-06-18 06:00:00;277.1255432864564;;;;;;;
2022-06-18 07:00:00;301.2230240227652;;;;;;;
2022-06-18 08:00:00;313.5606615480871;;;;;;;
2022-06-18 09:00:00;302.2712199188064;;;;;;;
2022-06-18 10:00:00;307.8296938268971;;;;;;;
2022-06-18 11:00:00;242.3190019596256;;;;;;;
2022-06-18 12:00:00;264.6253444346997;;;;;;;
2022-06-18 13:00:00;302.3562643058504;;;;;;;
2022-06-18 14:00:00;301.6171026309733;;;;;;;
2022-06-18 15:00:00;283.0173015742328;;;;;;;
2022-06-18 16:00:00;301.0721923973259;;;;;;;
2022-06-18 17:00:00;312.1149621482767;;;;;;;
2022-06-18 18:00:00;350.546567030379;;;;;;;
2022-06-18 19:00:00;304.6816262942092;;;;;;;
2022-06-18 20:00:00;327.7997760296262;;;;;;;
2022-06-18 21:00:00;284.158049168327;;;;;;;
2022-06-18 22:00:00;335.8253570747455;;;;;;;
2022-06-18 23:00:00;326.7154449456212;;;;;;;
2022-06-19 00:00:00;349.4518650712651;;;;;;;
2022-06-19 01:00:00;342.3836416738617;;;;;;;
2022-06-19 02:00:00;336.5973260684789;;;;;;;
2022-06-19 03:00:00;304.7184772072579;;;;;;;
2022-06-19 04:00:00;320.6477008192609;;;;;;;
2022-06-19 05:00:00;358.6233170151012;;;;;;;
2022-06-19 06:00:00;279.0328553177716;;;;;;;
2022-06-19 07:00:00;280.130820413341;;;;;;;
2022-06-19 08:00:00;317.7014044452768;;;;;;;
2022-06-19 09:00:00;328.5502460060451;;;;;;;
2022-06-19 10:00:00;271.0518385141821;;;;;;;
2022-06-19 11:00:00;305.8158881212361;;;;;;;
2022-06-19 12:00:00;304.9234693599076;;;;;;;
2022-06-19 13:00:00;206.5116103270467;;;;;;;
2022-06-19 14:00:00;299.0967747316873;;;;;;;
2022-06-19 15:00:00;301.9859305481367;;;;;;;
2022-06-19 16:00:00;301.8479073176899;;;;;;;
2022-06-19 17:00:00;374.9723342665697;;;;;;;
2022-06-19 18:00:00;252.8802186635904;;;;;;;
2022-06-19 19:00:00;271.0278965701884;;;;;;;
2022-06-19 20:00:00;188.0976406882755;;;;;;;
2022-06-19 21:00:00;286.9733237112675;;;;;;;
2022-06-19 22:00:00;290.9293692006115;;;;;;;
2022-06-19 23:00:00;285.6251296864962;;;;;;;
2022-06-20 00:00:00;360.6724065702815;;;;;;;
2022-06-20 01:00:00;349.2106473856281;;;;;;;
2022-06-20 02:00:00;312.8963010452412;;;;;;;
2022-06-20 03:00:00;292.0906004089192;;;;;;;
2022-06-20 04:00:00;356.8919776983326;;;;;;;
2022-06-20 05:00:00;308.3677019844086;;;;;;;
2022-06-20 06:00:00;271.3226073658067;;;;;;;
2022-06-20 07:00:00;229.6630002833167;;;;;;;
2022-06-20 08:00:00;288.8105733582838;;;;;;;
2022-06-20 09:00:00;344.2942372834973;;;;;;;
2022-06-20 10:00:00;414.8989799942732;;;;;;;
2022-06-20 11:00:00;312.1425885423284;;;;;;;
2022-06-20 12:00:00;273.7774522537744;;;;;;;
2022-06-20 13:00:00;254.310647371727;;;;;;;
2022-06-20 14:00:00;334.8909707594121;;;;;;;
2022-06-20 15:00:00;227.4191096745699;;;;;;;
2022-06-20 16:00:00;334.8162881108871;;;;;;;
2022-06-20 17:00:00;347.2201283149145;;;;;;;
2022-06-20 18:00:00;329.5244806219651;;;;;;;
2022-06-20 19:00:00;299.0936347529333;;;;;;;
2022-06-20 20:00:00;335.4934144268934;;;;;;;
2022-06-20 21:00:00;317.2146051432231;;;;;;;
2022-06-20 22:00:00;273.1850957630335;;;;;;;
2022-06-20 23:00:00;395.1298493476272;;;;;;;
2022-06-21 00:00:00;292.9689836829178;;;;;;;
2022-06-21 01:00:00;345.2735250010373;;;;;;;
2022-06-21 02:00:00;197.0783998432933;;;;;;;
2022-06-21 03:00:00;368.5031860452252;;;;;;;
2022-06-21 04:00:00;377.4241611401515;;;;;;;
2022-06-21 05:00:00;310.6683898162816;;;;;;;
2022-06-21 06:00:00;335.2071894718717;;;;;;;
2022-06-21 07:00:00;335.1953197676082;;;;;;;
2022-06-21 08:00:00;279.4638894012877;;;;;;;
2022-06-21 09:00:00;334.6667740713926;;;;;;;
2022-06-21 10:00:00;271.7698125014857;;;;;;;
2022-06-21 11:00:00;281.0424756188472;;;;;;;
2022-06-21 12:00:00;361.5661982252154;;;;;;;
2022-06-21 13:00:00;354.5012727987447;;;;;;;
2022-06-21 14:00:00;276.5136912487371;;;;;;;
2022-06-21 15:00:00;275.2517721832323;;;;;;;
2022-06-21 16:00:00;279.3333853593972;;;;;;;
2022-06-21 17:00:00;343.2734110997637;;;;;;;
2022-06-21 18:00:00;262.8923792699553;;;;;;;
2022-06-21 19:00:00;325.8331654014362;;;;;;;
2022-06-21 20:00:00;343.9325227805743;;;;;;;
2022-06-21 21:00:00;305.1903812933157;;;;;;;
2022-06-21 22:00:00;356.1438511873998;;;;;;;
2022-06-21 23:00:00;295.1665667842134;;;;;;;
2022-06-22 00:00:00;299.3629937597724;;;;;;;
2022-06-22 01:00:00;263.9472808060835;;;;;;;
2022-06-22 02:00:00;356.4738722844052;;;;;;;
2022-06-22 03:00:00;273.7234079798669;;;;;;;
2022-06-22 04:00:00;325.5111623195813;;;;;;;
2022-06-22 05:00:00;305.9757802110664;;;;;;;
2022-06-22 06:00:00;260.4429271328606;;;;;;;
2022-06-22 07:00:00;281.026413547925;;;;;;;
2022-06-22 08:00:00;373.4394267356559;;;;;;;
2022-06-22 09:00:00;318.6397488603283;;;;;;;
2022-06-22 10:00:00;262.467164643378;;;;;;;
2022-06-22 11:00:00;323.4493092499157;;;;;;;
2022-06-22 12:00:00;302.505704558367;;;;;;;
2022-06-22 13:00:00;469.5266810786331;;;;;;;
2022-06-22 14:00:00;322.5119714939855;;;;;;;
2022-06-22 15:00:00;291.6261267938551;;;;;;;
2022-06-22 16:00:00;375.1631770688807;;;;;;;
2022-06-22 17:00:00;223.8737781671593;;;;;;;
2022-06-22 18:00:00;313.660083259688;;;;;;;
2022-06-22 19:00:00;401.8111409665174;;;;;;;
2022-06-22 20:00:00;303.8935289032349;;;;;;;
2022-06-22 21:00:00;228.8718958122869;;;;;;;
2022-06-22 22:00:00;290.916638580812;;;;;;;
2022-06-22 23:00:00;376.7632652200462;;;;;;;
2022-06-23 00:00:00;326.7311859112401;;;;;;;
2022-06-23 01:00:00;270.3675650346323;;;;;;;
2022-06-23 02:00:00;277.4940929307479;;;;;;;
2022-06-23 03:00:00;283.3183436406174;;;;;;;
2022-06-23 04:00:00;326.0412477957109;;;;;;;
2022-06-23 05:00:00;371.3667838617004;;;;;;;
2022-06-23 06:00:00;358.1090120301138;;;;;;;
2022-06-23 07:00:00;330.4399341710196;;;;;;;
2022-06-23 08:00:00;247.5057945261541;;;;;;;
2022-06-23 09:00:00;247.6780154518862;;;;;;;
2022-06-23 10:00:00;334.0232948546902;;;;;;;
2022-06-23 11:00:00;246.8643540970153;;;;;;;
2022-06-23 12:00:00;298.8196699681635;;;;;;;
2022-06-23 13:00:00;323.3946660792114;;;;;;;
2022-06-23 14:00:00;256.5083233882556;;;;;;;
2022-06-23 15:00:00;261.76607926869;;;;;;;
2022-06-23 16:00:00;304.9177959872288;;;;;;;
2022-06-23 17:00:00;332.6499920371054;;;;;;;
2022-06-23 18:00:00;358.5309883133651;;;;;;;
2022-06-23 19:00:00;337.4471378715103;;;;;;;
2022-06-23 20:00:00;312.7014459253286;;;;;;;
2022-06-23 21:00:00;274.6663707244867;;;;;;;
2022-06-23 22:00:00;259.6021098973349;;;;;;;
2022-06-23 23:00:00;285.5833803858939;;;;;;;
2022-06-24 00:00:00;328.302318809546;;;;;;;
2022-06-24 01:00:00;324.9011866272131;;;;;;;
2022-06-24 02:00:00;211.8643073180572;;;;;;;
2022-06-24 03:00:00;272.8346834431646;;;;;;;
2022-06-24 04:00:00;365.1646165377419;;;;;;;
2022-06-24 05:00:00;312.9593172712461;;;;;;;
2022-06-24 06:00:00;243.5455254038465;;;;;;;
2022-06-24 07:00:00;418.5771047576959;;;;;;;
2022-06-24 08:00:00;307.9416378192541;;;;;;;
2022-06-24 09:00:00;327.1145915962684;;;;;;;
2022-06-24 10:00:00;327.8193328851306;;;;;;;
2022-06-24 11:00:00;292.2305942786788;;;;;;;
2022-06-24 12:00:00;275.5302515548826;;;;;;;
2022-06-24 13:00:00;407.7144426313814;;;;;;;
2022-06-24 14:00:00;355.8256984204107;;;;;;;
2022-06-24 15:00:00;347.4161648500881;;;;;;;
2022-06-24 16:00:00;336.0199031660197;;;;;;;
2022-06-24 17:00:00;262.7377706874086;;;;;;;
2022-06-24 18:00:00;368.5523301931258;;;;;;;
2022-06-24 19:00:00;270.1691646245383;;;;;;;
2022-06-24 20:00:00;322.4267461954428;;;;;;;
2022-06-24 21:00:00;233.2286822557832;;;;;;;
2022-06-24 22:00:00;214.6034747131515;;;;;;;
2022-06-24 23:00:00;324.0506932194589;;;;;;;
2022-06-25 00:00:00;271.7480637522262;;;;;;;
2022-06-25 01:00:00;217.0015700517679;;;;;;;
2022-06-25 02:00:00;334.3646279164831;;;;;;;
2022-06-25 03:00:00;407.640482821399;;;;;;;
2022-06-25 04:00:00;373.7497016733909;;;;;;;
2022-06-25 05:00:00;297.3466632949852;;;;;;;
2022-06-25 06:00:00;309.694678627165;;;;;;;
2022-06-25 07:00:00;350.4673655133821;;;;;;;
2022-06-25 08:00:00;361.3428119002621;;;;;;;
2022-06-25 09:00:00;293.3467896728803;;;;;;;
2022-06-25 10:00:00;310.8699161675914;;;;;;;
2022-06-25 11:00:00;323.2306384033125;;;;;;;
2022-06-25 12:00:00;334.9801107058719;;;;;;;
2022-06-25 13:00:00;303.1105528654597;;;;;;;
2022-06-25 14:00:00;303.7132488950901;;;;;;;
2022-06-25 15:00:00;373.2983972935327;;;;;;;
2022-06-25 16:00:00;365.397189880953;;;;;;;
2022-06-25 17:00:00;331.4326622121922;;;;;;;
2022-06-25 18:00:00;389.0383437519306;;;;;;;
2022-06-25 19:00:00;291.3560791245525;;;;;;;
2022-06-25 20:00:00;384.5783576878061;;;;;;;
2022-06-25 21:00:00;334.4530495477206;;;;;;;
2022-06-25 22:00:00;461.0358856112319;;;;;;;
2022-06-25 23:00:00;253.961926894715;;;;;;;
2022-06-26 00:00:00;277.3037696412688;;;;;;;
2022-06-26 01:00:00;328.7134617416355;;;;;;;
2022-06-26 02:00:00;327.7130611036208;;;;;;;
2022-06-26 03:00:00;399.7564332860494;;;;;;;
2022-06-26 04:00:00;278.2766498679156;;;;;;;
2022-06-26 05:00:00;351.265887925135;;;;;;;
2022-06-26 06:00:00;363.2140586629814;;;;;;;
2022-06-26 07:00:00;341.974800420049;;;;;;;
2022-06-26 08:00:00;264.7011561996017;;;;;;;
2022-06-26 09:00:00;374.5939804472462;;;;;;;
2022-06-26 10:00:00;366.3159605041814;;;;;;;
2022-06-26 11:00:00;337.1006351262965;;;;;;;
2022-06-26 12:00:00;318.764551791216;;;;;;;
2022-06-26 13:00:00;319.7740707935379;;;;;;;
2022-06-26 14:00:00;305.6315595140355;;;;;;;
2022-06-26 15:00:00;339.0120407392361;;;;;;;
2022-06-26 16:00:00;310.7287497050948;;;;;;;
2022-06-26 17:00:00;269.9190007430852;;;;;;;
2022-06-26 18:00:00;260.6373781268303;;;;;;;
2022-06-26 19:00:00;274.3953680655273;;;;;;;
2022-06-26 20:00:00;319.5896244107663;;;;;;;
2022-06-26 21:00:00;308.0337687881836;;;;;;;
2022-06-26 22:00:00;319.2746902722974;;;;;;;
2022-06-26 23:00:00;332.5183689506784;;;;;;;
2022-06-27 00:00:00;280.1812423920231;;;;;;;
2022-06-27 01:00:00;377.2801780162325;;;;;;;
2022-06-27 02:00:00;296.8645072029957;;;;;;;
2022-06-27 03:00:00;289.1764957939006;;;;;;;
2022-06-27 04:00:00;331.6634964369662;;;;;;;
2022-06-27 05:00:00;224.0837496654175;;;;;;;
2022-06-27 06:00:00;272.6093347983574;;;;;;;
2022-06-27 07:00:00;354.7988866470538;;;;;;;
2022-06-27 08:00:00;228.6807170713371;;;;;;;
2022-06-27 09:00:00;361.1315479963532;;;;;;;
2022-06-27 10:00:00;379.3899485513162;;;;;;;
2022-06-27 11:00:00;292.1443099068684;;;;;;;
2022-06-27 12:00:00;322.8222884887303;;;;;;;
2022-06-27 13:00:00;361.2017348733139;;;;;;;
2022-06-27 14:00:00;287.6287348343294;;;;;;;
2022-06-27 15:00:00;349.5427258775355;;;;;;;
2022-06-27 16:00:00;278.1479514736279;;;;;;;
2022-06-27 17:00:00;287.1270862445276;;;;;;;
2022-06-27 18:00:00;272.2009860313516;;;;;;;
2022-06-27 19:00:00;325.1806323989136;;;;;;;
2022-06-27 20:00:00;363.0055723233535;;;;;;;
2022-06-27 21:00:00;300.7428349339105;;;;;;;
2022-06-27 22:00:00;250.3077063573452;;;;;;;
2022-06-27 23:00:00;259.0546847002137;;;;;;;
2022-06-28 00:00:00;327.5908335662369;;;;;;;
2022-06-28 01:00:00;394.837765457097;;;;;;;
2022-06-28 02:00:00;327.5502668113959;;;;;;;
2022-06-28 03:00:00;291.3351658557403;;;;;;;
2022-06-28 04:00:00;344.8296246663577;;;;;;;
2022-06-28 05:00:00;298.1733454767732;;;;;;;
2022-06-28 06:00:00;291.7346684115779;;;;;;;
2022-06-28 07:00:00;264.8188653074116;;;;;;;
2022-06-28 08:00:00;374.6259931834632;;;;;;;
2022-06-28 09:00:00;191.4837417671977;;;;;;;
2022-06-28 10:00:00;346.2991226279182;;;;;;;
2022-06-28 11:00:00;287.769965665066;;;;;;;
2022-06-28 12:00:00;290.2475282232088;;;;;;;
2022-06-28 13:00:00;387.7953031298601;;;;;;;
2022-06-28 14:00:00;276.1538888862678;;;;;;;
2022-06-28 15:00:00;277.7341124013444;;;;;;;
2022-06-28 16:00:00;303.2349873699326;;;;;;;
2022-06-28 17:00:00;328.4837976094121;;;;;;;
2022-06-28 18:00:00;288.7854615560909;;;;;;;
2022-06-28 19:00:00;236.268837722756;;;;;;;
2022-06-28 20:00:00;269.1222902602696;;;;;;;
2022-06-28 21:00:00;368.7287922726009;;;;;;;
2022-06-28 22:00:00;312.7534146981507;;;;;;;
2022-06-28 23:00:00;330.2114550918136;;;;;;;
2022-06-29 00:00:00;297.1562993252289;;;;;;;
2022-06-29 01:00:00;278.6884768088627;;;;;;;
2022-06-29 02:00:00;387.1112107674926;;;;;;;
2022-06-29 03:00:00;300.5536028043609;;;;;;;
2022-06-29 04:00:00;288.7152185757405;;;;;;;
2022-06-29 05:00:00;360.1372686197791;;;;;;;
2022-06-29 06:00:00;275.7721114127128;;;;;;;
2022-06-29 07:00:00;281.693344982405;;;;;;;
2022-06-29 08:00:00;309.7596922321843;;;;;;;
2022-06-29 09:00:00;309.2968522691746;;;;;;;
2022-06-29 10:00:00;321.3283793608108;;;;;;;
2022-06-29 11:00:00;406.3223896692025;;;;;;;
2022-06-29 12:00:00;324.883768030758;;;;;;;
2022-06-29 13:00:00;198.9601004979363;;;;;;;
2022-06-29 14:00:00;324.4221935203805;;;;;;;
2022-06-29 15:00:00;311.0416746839266;;;;;;;
2022-06-29 16:00:00;311.3000831198481;;;;;;;
2022-06-29 17:00:00;320.6944684291739;;;;;;;
2022-06-29 18:00:00;307.9538597137599;;;;;;;
2022-06-29 19:00:00;306.8435071003209;;;;;;;
2022-06-29 20:00:00;337.7250657886242;;;;;;;
2022-06-29 21:00:00;284.1357576975382;;;;;;;
2022-06-29 22:00:00;265.3186426389117;;;;;;;
2022-06-29 23:00:00;449.5655506321076;;;;;;;
2022-06-30 00:00:00;276.0737988646687;;;;;;;
2022-06-30 01:00:00;313.9302163340947;;;;;;;
2022-06-30 02:00:00;239.8966815590288;;;;;;;
2022-06-30 03:00:00;314.6875996327282;;;;;;;
2022-06-30 04:00:00;265.9895167479848;;;;;;;
2022-06-30 05:00:00;288.756829843472;;;;;;;
2022-06-30 06:00:00;357.7676388250067;;;;;;;
2022-06-30 07:00:00;331.1820952845348;;;;;;;
2022-06-30 08:00:00;335.6543445401946;;;;;;;
2022-06-30 09:00:00;227.1134384431637;;;;;;;
2022-06-30 10:00:00;394.502752844708;;;;;;;
2022-06-30 11:00:00;253.9897910541197;;;;;;;
2022-06-30 12:00:00;380.1983055561419;;;;;;;
2022-06-30 13:00:00;356.6764466346591;;;;;;;
2022-06-30 14:00:00;336.0683162171469;;;;;;;
2022-06-30 15:00:00;269.6193132564083;;;;;;;
2022-06-30 16:00:00;316.3169757687248;;;;;;;
2022-06-30 17:00:00;287.4370300848444;;;;;;;
2022-06-30 18:00:00;310.6315440503546;;;;;;;
2022-06-30 19:00:00;297.6920856110905;;;;;;;
2022-06-30 20:00:00;214.7077813488916;;;;;;;
2022-06-30 21:00:00;361.3268589136575;;;;;;;
2022-06-30 22:00:00;305.5215456438157;;;;;;;
2022-06-30 23:00:00;286.793147037221;;;;;;;
2022-07-01 00:00:00;283.2892572279558;;;;;;;
2022-07-01 01:00:00;325.9142104504763;;;;;;;
2022-07-01 02:00:00;267.8205980338948;;;;;;;
2022-07-01 03:00:00;204.6607550806191;;;;;;;
2022-07-01 04:00:00;328.1721511628194;;;;;;;
2022-07-01 05:00:00;333.3668841961623;;;;;;;
2022-07-01 06:00:00;300.0228724106852;;;;;;;
2022-07-01 07:00:00;256.0300671529486;;;;;;;
2022-07-01 08:00:00;313.4102766874098;;;;;;;
2022-07-01 09:00:00;241.3407864643574;;;;;;;
2022-07-01 10:00:00;261.6283737186639;;;;;;;
2022-07-01 11:00:00;274.457456142179;;;;;;;
2022-07-01 12:00:00;348.4368898549707;;;;;;;
2022-07-01 13:00:00;292.4618391631445;;;;;;;
2022-07-01 14:00:00;288.5066125369152;;;;;;;
2022-07-01 15:00:00;399.9676836588222;;;;;;;
2022-07-01 16:00:00;325.6359900658586;;;;;;;
2022-07-01 17:00:00;325.0111744960932;;;;;;;
2022-07-01 18:00:00;292.1329248083858;;;;;;;
2022-07-01 19:00:00;281.6170604438894;;;;;;;
2022-07-01 20:00:00;207.8511366011618;;;;;;;
2022-07-01 21:00:00;354.2267601331947;;;;;;;
2022-07-01 22:00:00;330.0825958952115;;;;;;;
2022-07-01 23:00:00;300.9723365302073;;;;;;;
2022-07-02 00:00:00;302.9180113214032;;;;;;;
2022-07-02 01:00:00;343.4360032189036;;;;;;;
2022-07-02 02:00:00;237.1572039304096;;;;;;;
2022-07-02 03:00:00;281.918164322576;;;;;;;
2022-07-02 04:00:00;256.5682224427411;;;;;;;
2022-07-02 05:00:00;391.4693283750921;;;;;;;
2022-07-02 06:00:00;349.9083004709552;;;;;;;
2022-07-02 07:00:00;207.0955766019455;;;;;;;
2022-07-02 08:00:00;239.0569108009958;;;;;;;
2022-07-02 09:00:00;303.1444551585402;;;;;;;
2022-07-02 10:00:00;287.3665688645087;;;;;;;
2022-07-02 11:00:00;247.8427235453242;;;;;;;
2022-07-02 12:00:00;399.5069917760022;;;;;;;
2022-07-02 13:00:00;323.7838757073908;;;;;;;
2022-07-02 14:00:00;331.3123080579807;;;;;;;
2022-07-02 15:00:00;277.1799153268204;;;;;;;
2022-07-02 16:00:00;342.7925318491709;;;;;;;
2022-07-02 17:00:00;291.6350381759933;;;;;;;
2022-07-02 18:00:00;296.1392812436413;;;;;;;
2022-07-02 19:00:00;337.6303204053368;;;;;;;
2022-07-02 20:00:00;233.7108104482764;;;;;;;
2022-07-02 21:00:00;383.3746731149104;;;;;;;
2022-07-02 22:00:00;317.7458401019037;;;;;;;
2022-07-02 23:00:00;368.7107154846654;;;;;;;
2022-07-03 00:00:00;259.3927509742599;;;;;;;
2022-07-03 01:00:00;266.4562465829558;;;;;;;
2022-07-03 02:00:00;255.3806931850321;;;;;;;
2022-07-03 03:00:00;320.8962933018994;;;;;;;
2022-07-03 04:00:00;312.3454615391076;;;;;;;
2022-07-03 05:00:00;287.7390272693146;;;;;;;
2022-07-03 06:00:00;262.2389660952673;;;;;;;
2022-07-03 07:00:00;250.5235662547158;;;;;;;
2022-07-03 08:00:00;307.0350248866632;;;;;;;
2022-07-03 09:00:00;287.6845177467877;;;;;;;
2022-07-03 10:00:00;277.4771974158428;;;;;;;
2022-07-03 11:00:00;381.057899710579;;;;;;;
2022-07-03 12:00:00;305.4650151978738;;;;;;;
2022-07-03 13:00:00;368.2049764753052;;;;;;;
2022-07-03 14:00:00;284.5453405047994;;;;;;;
2022-07-03 15:00:00;320.6401414505791;;;;;;;
2022-07-03 16:00:00;306.7106421187482;;;;;;;
2022-07-03 17:00:00;230.5271268198837;;;;;;;
2022-07-03 18:00:00;375.5487179980051;;;;;;;
2022-07-03 19:00:00;303.0141876793516;;;;;;;
2022-07-03 20:00:00;343.9126393090219;;;;;;;
2022-07-03 21:00:00;274.3957174574095;;;;;;;
2022-07-03 22:00:00;301.6367540205816;;;;;;;
2022-07-03 23:00:00;269.0687448380174;;;;;;;
2022-07-04 00:00:00;366.6255642288441;;;;;;;
2022-07-04 01:00:00;323.731425731994;;;;;;;
2022-07-04 02:00:00;326.312906564166;;;;;;;
2022-07-04 03:00:00;372.2940807714108;;;;;;;
2022-07-04 04:00:00;362.9300564273383;;;;;;;
2022-07-04 05:00:00;344.7905884672469;;;;;;;
2022-07-04 06:00:00;243.3266247582043;;;;;;;
2022-07-04 07:00:00;277.0099247638177;;;;;;;
2022-07-04 08:00:00;262.7112922852639;;;;;;;
2022-07-04 09:00:00;343.0365361372876;;;;;;;
2022-07-04 10:00:00;317.2013169258399;;;;;;;
2022-07-04 11:00:00;244.7747672549129;;;;;;;
2022-07-04 12:00:00;300.527977548613;;;;;;;
2022-07-04 13:00:00;239.9684934423532;;;;;;;
2022-07-04 14:00:00;306.8182511739299;;;;;;;
2022-07-04 15:00:00;232.4872071849814;;;;;;;
2022-07-04 16:00:00;333.8180292916003;;;;;;;
2022-07-04 17:00:00;326.8190085727875;;;;;;;
2022-07-04 18:00:00;397.7991046870927;;;;;;;
2022-07-04 19:00:00;348.619408674745;;;;;;;
2022-07-04 20:00:00;289.6642091302627;;;;;;;
2022-07-04 21:00:00;347.2367594767317;;;;;;;
2022-07-04 22:00:00;244.442992675428;;;;;;;
2022-07-04 23:00:00;264.6326685072486;;;;;;;
2022-07-05 00:00:00;324.7396857208406;;;;;;;
2022-07-05 01:00:00;209.1574040638467;;;;;;;
2022-07-05 02:00:00;307.5603342024448;;;;;;;
2022-07-05 03:00:00;261.9516054285429;;;;;;;
2022-07-05 04:00:00;313.9842239965304;;;;;;;
2022-07-05 05:00:00;259.2852776991385;;;;;;;
2022-07-05 06:00:00;328.9663160215424;;;;;;;
2022-07-05 07:00:00;310.1809717923105;;;;;;;
2022-07-05 08:00:00;374.25100477768;;;;;;;
2022-07-05 09:00:00;309.5967542966908;;;;;;;
2022-07-05 10:00:00;273.6249461725966;;;;;;;
2022-07-05 11:00:00;297.8306327668762;;;;;;;
2022-07-05 12:00:00;246.9216351422681;;;;;;;
2022-07-05 13:00:00;328.1261042092922;;;;;;;
2022-07-05 14:00:00;336.6490364013491;;;;;;;
2022-07-05 15:00:00;423.8368645263915;;;;;;;
2022-07-05 16:00:00;280.4357030664501;;;;;;;
2022-07-05 17:00:00;296.8606219751574;;;;;;;
2022-07-05 18:00:00;282.5733587448807;;;;;;;
2022-07-05 19:00:00;319.1248377431352;;;;;;;
2022-07-05 20:00:00;326.9919561178747;;;;;;;
2022-07-05 21:00:00;306.8081210441932;;;;;;;
2022-07-05 22:00:00;359.6818575322381;;;;;;;
2022-07-05 23:00:00;280.6610083524197;;;;;;;
2022-07-06 00:00:00;355.0355471065883;;;;;;;
2022-07-06 01:00:00;334.2666629130793;;;;;;;
2022-07-06 02:00:00;308.7262215833187;;;;;;;
2022-07-06 03:00:00;294.6735766409532;;;;;;;
2022-07-06 04:00:00;421.863865087788;;;;;;;
2022-07-06 05:00:00;271.3811265037344;;;;;;;
2022-07-06 06:00:00;323.1062304955414;;;;;;;
2022-07-06 07:00:00;274.4796720162147;;;;;;;
2022-07-06 08:00:00;392.1239966592534;;;;;;;
2022-07-06 09:00:00;350.426543323934;;;;;;;
2022-07-06 10:00:00;277.8138741302899;;;;;;;
2022-07-06 11:00:00;333.0649606316327;;;;;;;
2022-07-06 12:00:00;321.2395083686113;;;;;;;
2022-07-06 13:00:00;285.3167305844063;;;;;;;
2022-07-06 14:00:00;344.4575672433765;;;;;;;
2022-07-06 15:00:00;327.3452294824672;;;;;;;
2022-07-06 16:00:00;319.2911559787073;;;;;;;
2022-07-06 17:00:00;307.3395550083417;;;;;;;
2022-07-06 18:00:00;329.2820808613776;;;;;;;
2022-07-06 19:00:00;319.9262225094329;;;;;;;
2022-07-06 20:00:00;312.0258176360402;;;;;;;
2022-07-06 21:00:00;279.5458955353826;;;;;;;
2022-07-06 22:00:00;387.8626227893092;;;;;;;
2022-07-06 23:00:00;260.5525585167179;;;;;;;
2022-07-07 00:00:00;329.1234980911915;;;;;;;
2022-07-07 01:00:00;294.4275053239189;;;;;;;
2022-07-07 02:00:00;390.9143789123171;;;;;;;
2022-07-07 03:00:00;267.3693739085074;;;;;;;
2022-07-07 04:00:00;275.1735115778636;;;;;;;
2022-07-07 05:00:00;264.2918931849508;;;;;;;
2022-07-07 06:00:00;324.2907217434361;;;;;;;
2022-07-07 07:00:00;245.5848651961576;;;;;;;
2022-07-07 08:00:00;287.0841173076616;;;;;;;
2022-07-07 09:00:00;209.4303709781787;;;;;;;
2022-07-07 10:00:00;320.4381047303768;;;;;;;
2022-07-07 11:00:00;286.0780294516433;;;;;;;
2022-07-07 12:00:00;240.2494283818504;;;;;;;
2022-07-07 13:00:00;359.6486165549827;;;;;;;
2022-07-07 14:00:00;248.6181910276472;;;;;;;
2022-07-07 15:00:00;346.2566496829049;;;;;;;
2022-07-07 16:00:00;276.7611810944626;;;;;;;
2022-07-07 17:00:00;383.5854589491993;;;;;;;
2022-07-07 18:00:00;344.0579558960839;;;;;;;
2022-07-07 19:00:00;262.5183111691172;;;;;;;
2022-07-07 20:00:00;266.7384331975381;;;;;;;
2022-07-07 21:00:00;337.3762392557816;;;;;;;
2022-07-07 22:00:00;297.1119051082034;;;;;;;
2022-07-07 23:00:00;301.428074069348;;;;;;;
2022-07-08 00:00:00;368.3068513833292;;;;;;;
2022-07-08 01:00:00;274.5506619014034;;;;;;;
2022-07-08 02:00:00;313.5196812818758;;;;;;;
2022-07-08 03:00:00;353.5720328312433;;;;;;;
2022-07-08 04:00:00;346.8214244275246;;;;;;;
2022-07-08 05:00:00;301.8794670904802;;;;;;;
2022-07-08 06:00:00;295.8812125279396;;;;;;;
2022-07-08 07:00:00;228.6160673638078;;;;;;;
2022-07-08 08:00:00;260.2823190529426;;;;;;;
2022-07-08 09:00:00;324.0538490293247;;;;;;;
2022-07-08 10:00:00;302.8876015386868;;;;;;;
2022-07-08 11:00:00;312.7603870228401;;;;;;;
2022-07-08 12:00:00;357.4980485418893;;;;;;;
2022-07-08 13:00:00;254.2012581104075;;;;;;;
2022-07-08 14:00:00;298.3272917487259;;;;;;;
2022-07-08 15:00:00;318.0391227648515;;;;;;;
2022-07-08 16:00:00;276.6164771550955;;;;;;;
2022-07-08 17:00:00;375.6943355977488;;;;;;;
2022-07-08 18:00:00;351.4360692841569;;;;;;;
2022-07-08 19:00:00;322.7443748039541;;;;;;;
2022-07-08 20:00:00;392.5234851776144;;;;;;;
2022-07-08 21:00:00;239.746600008975;;;;;;;
2022-07-08 22:00:00;308.9258787838938;;;;;;;
2022-07-08 23:00:00;326.2796635526926;;;;;;;
2022-07-09 00:00:00;266.8556908671788;;;;;;;
2022-07-09 01:00:00;323.2352653765498;;;;;;;
2022-07-09 02:00:00;257.947029071397;;;;;;;
2022-07-09 03:00:00;341.3211041633824;;;;;;;
2022-07-09 04:00:00;358.3600776913453;;;;;;;
2022-07-09 05:00:00;321.9185891006405;;;;;;;
2022-07-09 06:00:00;223.3281241796538;;;;;;;
2022-07-09 07:00:00;264.4322097024086;;;;;;;
2022-07-09 08:00:00;335.4827139471038;;;;;;;
2022-07-09 09:00:00;310.2677826363092;;;;;;;
2022-07-09 10:00:00;184.3024056956082;;;;;;;
2022-07-09 11:00:00;366.9425142134327;;;;;;;
2022-07-09 12:00:00;315.6241786459894;;;;;;;
2022-07-09 13:00:00;271.2852786774527;;;;;;;
2022-07-09 14:00:00;355.4429464514766;;;;;;;
2022-07-09 15:00:00;277.8514459556777;;;;;;;
2022-07-09 16:00:00;277.3452045211832;;;;;;;
2022-07-09 17:00:00;325.9092499002018;;;;;;;
2022-07-09 18:00:00;391.9114121200792;;;;;;;
2022-07-09 19:00:00;384.6068302173379;;;;;;;
2022-07-09 20:00:00;325.9722904523419;;;;;;;
2022-07-09 21:00:00;330.7356166353724;;;;;;;
2022-07-09 22:00:00;346.004052943028;;;;;;;
2022-07-09 23:00:00;250.9695199633503;;;;;;;
2022-07-10 00:00:00;339.1680686282168;;;;;;;
2022-07-10 01:00:00;275.2287092545751;;;;;;;
2022-07-10 02:00:00;324.0593623419305;;;;;;;
2022-07-10 03:00:00;298.7314957976192;;;;;;;
2022-07-10 04:00:00;332.5367030268598;;;;;;;
2022-07-10 05:00:00;314.7634539301043;;;;;;;
2022-07-10 06:00:00;166.7183091207068;;;;;;;
2022-07-10 07:00:00;317.5835816747307;;;;;;;
2022-07-10 08:00:00;339.0754974406934;;;;;;;
2022-07-10 09:00:00;329.9721184182504;;;;;;;
2022-07-10 10:00:00;304.5250877110977;;;;;;;
2022-07-10 11:00:00;385.4685511091111;;;;;;;
2022-07-10 12:00:00;323.7297454677971;;;;;;;
2022-07-10 13:00:00;329.5891448736554;;;;;;;
2022-07-10 14:00:00;357.7410664280681;;;;;;;
2022-07-10 15:00:00;326.1059709049358;;;;;;;
2022-07-10 16:00:00;267.6228997013523;;;;;;;
2022-07-10 17:00:00;196.1633915612432;;;;;;;
2022-07-10 18:00:00;287.1494192624621;;;;;;;
2022-07-10 19:00:00;344.5865995172865;;;;;;;
2022-07-10 20:00:00;292.9032475361864;;;;;;;
2022-07-10 21:00:00;346.4531078069894;;;;;;;
2022-07-10 22:00:00;316.1842153701776;;;;;;;
2022-07-10 23:00:00;369.041117499016;;;;;;;
2022-07-11 00:00:00;295.5884365849498;;;;;;;
2022-07-11 01:00:00;330.9782115737352;;;;;;;
2022-07-11 02:00:00;332.7536692608272;;;;;;;
2022-07-11 03:00:00;378.9476088593696;;;;;;;
2022-07-11 04:00:00;230.1088972439435;;;;;;;
2022-07-11 05:00:00;288.0175476055979;;;;;;;
2022-07-11 06:00:00;348.6492306062499;;;;;;;
2022-07-11 07:00:00;381.0025529865293;;;;;;;
2022-07-11 08:00:00;320.4218746573857;;;;;;;
2022-07-11 09:00:00;295.7050000945147;;;;;;;
2022-07-11 10:00:00;344.4090475593385;;;;;;;
2022-07-11 11:00:00;349.5857390396275;;;;;;;
2022-07-11 12:00:00;292.5986636908389;;;;;;;
2022-07-11 13:00:00;324.6081523615242;;;;;;;
2022-07-11 14:00:00;364.0521074170912;;;;;;;
2022-07-11 15:00:00;396.9877204627975;;;;;;;
2022-07-11 16:00:00;343.7357320608453;;;;;;;
2022-07-11 17:00:00;311.332041730782;;;;;;;
2022-07-11 18:00:00;306.7756308062054;;;;;;;
2022-07-11 19:00:00;335.1434238186889;;;;;;;
2022-07-11 20:00:00;303.9179519361929;;;;;;;
2022-07-11 21:00:00;318.0822463834627;;;;;;;
2022-07-11 22:00:00;260.2066400311371;;;;;;;
2022-07-11 23:00:00;369.4582396552025;;;;;;;
2022-07-12 00:00:00;256.388132479892;;;;;;;
2022-07-12 01:00:00;289.2375125334948;;;;;;;
2022-07-12 02:00:00;313.8119312439649;;;;;;;
2022-07-12 03:00:00;401.6514753421647;;;;;;;
2022-07-12 04:00:00;289.674938403024;;;;;;;
2022-07-12 05:00:00;278.3860840633484;;;;;;;
2022-07-12 06:00:00;283.7304659491626;;;;;;;
2022-07-12 07:00:00;386.2449541450658;;;;;;;
2022-07-12 08:00:00;178.812096700411;;;;;;;
2022-07-12 09:00:00;262.7646495770315;;;;;;;
2022-07-12 10:00:00;435.9960376795514;;;;;;;
2022-07-12 11:00:00;336.6969055965596;;;;;;;
2022-07-12 12:00:00;257.9747507407957;;;;;;;
2022-07-12 13:00:00;307.3396352243647;;;;;;;
2022-07-12 14:00:00;312.4137173792303;;;;;;;
2022-07-12 15:00:00;348.5383123033313;;;;;;;
2022-07-12 16:00:00;394.6236907307299;;;;;;;
2022-07-12 17:00:00;327.3102628876917;;;;;;;
2022-07-12 18:00:00;284.2421125736345;;;;;;;
2022-07-12 19:00:00;345.7992530620354;;;;;;;
2022-07-12 20:00:00;276.8905296953454;;;;;;;
2022-07-12 21:00:00;261.3450584876985;;;;;;;
2022-07-12 22:00:00;227.6374882402367;;;;;;;
2022-07-12 23:00:00;236.673870409768;;;;;;;
2022-07-13 00:00:00;267.695856654206;;;;;;;
2022-07-13 01:00:00;254.643535062489;;;;;;;
2022-07-13 02:00:00;323.8161934474333;;;;;;;
2022-07-13 03:00:00;253.6408944528051;;;;;;;
2022-07-13 04:00:00;163.4413165738675;;;;;;;
2022-07-13 05:00:00;260.8544897004739;;;;;;;
2022-07-13 06:00:00;287.3935027822104;;;;;;;
2022-07-13 07:00:00;281.1959163231704;;;;;;;
2022-07-13 08:00:00;379.7790953245853;;;;;;;
2022-07-13 09:00:00;280.8204573079439;;;;;;;
2022-07-13 10:00:00;350.1526937566997;;;;;;;
2022-07-13 11:00:00;308.4036683560532;;;;;;;
2022-07-13 12:00:00;307.321693169321;;;;;;;
2022-07-13 13:00:00;270.5288175599738;;;;;;;
2022-07-13 14:00:00;306.5572385493705;;;;;;;
2022-07-13 15:00:00;273.7894859603496;;;;;;;
2022-07-13 16:00:00;317.1721996242328;;;;;;;
2022-07-13 17:00:00;298.3240753282839;;;;;;;
2022-07-13 18:00:00;265.4605300277582;;;;;;;
2022-07-13 19:00:00;355.3009265922044;;;;;;;
2022-07-13 20:00:00;329.0865816582674;;;;;;;
2022-07-13 21:00:00;288.4975046224627;;;;;;;
2022-07-13 22:00:00;316.0341291738913;;;;;;;
2022-07-13 23:00:00;305.3955726727975;;;;;;;
2022-07-14 00:00:00;269.0344802793078;;;;;;;
2022-07-14 01:00:00;312.5548281786077;;;;;;;
2022-07-14 02:00:00;280.4739415478269;;;;;;;
2022-07-14 03:00:00;265.4463384040051;;;;;;;
2022-07-14 04:00:00;233.9998475393533;;;;;;;
2022-07-14 05:00:00;292.6475766256366;;;;;;;
2022-07-14 06:00:00;335.5875917828356;;;;;;;
2022-07-14 07:00:00;277.05723441551;;;;;;;
2022-07-14 08:00:00;426.2266730299442;;;;;;;
2022-07-14 09:00:00;350.3736243831376;;;;;;;
2022-07-14 10:00:00;369.7956504243871;;;;;;;
2022-07-14 11:00:00;346.1777507288389;;;;;;;
2022-07-14 12:00:00;395.2436343951985;;;;;;;
2022-07-14 13:00:00;272.7732152624382;;;;;;;
2022-07-14 14:00:00;190.4849327244837;;;;;;;
2022-07-14 15:00:00;288.5873730177546;;;;;;;
2022-07-14 16:00:00;335.1815594270074;;;;;;;
2022-07-14 17:00:00;316.3135949939524;;;;;;;
2022-07-14 18:00:00;322.0642253583916;;;;;;;
2022-07-14 19:00:00;370.5648345011631;;;;;;;
2022-07-14 20:00:00;327.0089840746811;;;;;;;
2022-07-14 21:00:00;346.3480078284056;;;;;;;
2022-07-14 22:00:00;265.6955176676766;;;;;;;
2022-07-14 23:00:00;258.4661073458313;;;;;;;
2022-07-15 00:00:00;384.1673408330773;;;;;;;
2022-07-15 01:00:00;313.9654108495393;;;;;;;
2022-07-15 02:00:00;280.3710691610498;;;;;;;
2022-07-15 03:00:00;280.4561852841163;;;;;;;
2022-07-15 04:00:00;279.1697807956331;;;;;;;
2022-07-15 05:00:00;276.3938349638617;;;;;;;
2022-07-15 06:00:00;249.7556968127483;;;;;;;
2022-07-15 07:00:00;239.6758455322293;;;;;;;
2022-07-15 08:00:00;300.2375519325611;;;;;;;
2022-07-15 09:00:00;281.7769201066042;;;;;;;
2022-07-15 10:00:00;360.6483726714264;;;;;;;
2022-07-15 11:00:00;322.8809234999159;;;;;;;
2022-07-15 12:00:00;321.5931112219859;;;;;;;
2022-07-15 13:00:00;274.8089977770727;;;;;;;
2022-07-15 14:00:00;303.6694927080785;;;;;;;
2022-07-15 15:00:00;326.032118630792;;;;;;;
2022-07-15 16:00:00;342.5105384299319;;;;;;;
2022-07-15 17:00:00;304.9284309474143;;;;;;;
2022-07-15 18:00:00;359.3477312985482;;;;;;;
2022-07-15 19:00:00;309.654966622868;;;;;;;
2022-07-15 20:00:00;346.066598881934;;;;;;;
2022-07-15 21:00:00;286.5587802354087;;;;;;;
2022-07-15 22:00:00;225.1935469786131;;;;;;;
2022-07-15 23:00:00;321.7342055513811;;;;;;;
2022-07-16 00:00:00;342.9340255277848;;;;;;;
2022-07-16 01:00:00;335.9762077905187;;;;;;;
2022-07-16 02:00:00;328.8706786898499;;;;;;;
2022-07-16 03:00:00;293.1124489417703;;;;;;;
2022-07-16 04:00:00;271.8572263841258;;;;;;;
2022-07-16 05:00:00;334.8804569205789;;;;;;;
2022-07-16 06:00:00;329.0683463865945;;;;;;;
2022-07-16 07:00:00;283.2627272202813;;;;;;;
2022-07-16 08:00:00;360.7534475542808;;;;;;;
2022-07-16 09:00:00;268.3258521887418;;;;;;;
2022-07-16 10:00:00;282.2131265884588;;;;;;;
2022-07-16 11:00:00;385.2024206295651;;;;;;;
2022-07-16 12:00:00;349.5801377073673;;;;;;;
2022-07-16 13:00:00;292.6753216397671;;;;;;;
2022-07-16 14:00:00;322.6166735911515;;;;;;;
2022-07-16 15:00:00;316.4655435716471;;;;;;;
2022-07-16 16:00:00;181.9080232564456;;;;;;;
2022-07-16 17:00:00;267.230594372352;;;;;;;
2022-07-16 18:00:00;306.9254122048187;;;;;;;
2022-07-16 19:00:00;292.7401706442163;;;;;;;
2022-07-16 20:00:00;320.7480637881321;;;;;;;
2022-07-16 21:00:00;361.6839970335151;;;;;;;
2022-07-16 22:00:00;294.3674248796377;;;;;;;
2022-07-16 23:00:00;260.2169145370804;;;;;;;
2022-07-17 00:00:00;324.3550501401979;;;;;;;
2022-07-17 01:00:00;294.1314000126058;;;;;;;
2022-07-17 02:00:00;302.0441223325883;;;;;;;
2022-07-17 03:00:00;295.7481659145342;;;;;;;
2022-07-17 04:00:00;413.2891138335049;;;;;;;
2022-07-17 05:00:00;205.3321168936247;;;;;;;
2022-07-17 06:00:00;291.2684832677118;;;;;;;
2022-07-17 07:00:00;309.1131777560731;;;;;;;
2022-07-17 08:00:00;273.0450525759167;;;;;;;
2022-07-17 09:00:00;351.0296247088339;;;;;;;
2022-07-17 10:00:00;347.0134988212298;;;;;;;
2022-07-17 11:00:00;307.0688582091082;;;;;;;
2022-07-17 12:00:00;296.7270491128666;;;;;;;
2022-07-17 13:00:00;304.0903473995928;;;;;;;
2022-07-17 14:00:00;304.4229910650479;;;;;;;
2022-07-17 15:00:00;305.648389101943;;;;;;;
2022-07-17 16:00:00;300.5625452440541;;;;;;;
2022-07-17 17:00:00;320.9961136689265;;;;;;;
2022-07-17 18:00:00;344.227823779168;;;;;;;
2022-07-17 19:00:00;252.2092951862511;;;;;;;
2022-07-17 20:00:00;260.5412407571839;;;;;;;
2022-07-17 21:00:00;228.1659395879416;;;;;;;
2022-07-17 22:00:00;349.4787912333581;;;;;;;
2022-07-17 23:00:00;320.8974819059317;;;;;;;
2022-07-18 00:00:00;332.7250195457523;;;;;;;
2022-07-18 01:00:00;242.9661125306094;;;;;;;
2022-07-18 02:00:00;392.0927917698639;;;;;;;
2022-07-18 03:00:00;281.0381154289997;;;;;;;
2022-07-18 04:00:00;317.0878342620587;;;;;;;
2022-07-18 05:00:00;348.9214884273359;;;;;;;
2022-07-18 06:00:00;263.4957168204564;;;;;;;
2022-07-18 07:00:00;283.9388876501309;;;;;;;
2022-07-18 08:00:00;317.5965745341284;;;;;;;
2022-07-18 09:00:00;441.8500645956258;;;;;;;
2022-07-18 10:00:00;323.2542956888308;;;;;;;
2022-07-18 11:00:00;383.8076691907316;;;;;;;
2022-07-18 12:00:00;365.2186915109281;;;;;;;
2022-07-18 13:00:00;326.3572815874628;;;;;;;
2022-07-18 14:00:00;263.3929099774053;;;;;;;
2022-07-18 15:00:00;358.4490978852089;;;;;;;
2022-07-18 16:00:00;239.7830153597201;;;;;;;
2022-07-18 17:00:00;383.5531578721807;;;;;;;
2022-07-18 18:00:00;318.5630973302896;;;;;;;
2022-07-18 19:00:00;186.333432707538;;;;;;;
2022-07-18 20:00:00;293.4873419437689;;;;;;;
2022-07-18 21:00:00;339.6226926314795;;;;;;;
2022-07-18 22:00:00;298.2881562650279;;;;;;;
2022-07-18 23:00:00;342.4553344854671;;;;;;;
2022-07-19 00:00:00;269.849449239339;;;;;;;
2022-07-19 01:00:00;248.6963406310914;;;;;;;
2022-07-19 02:00:00;305.9697799751509;;;;;;;
2022-07-19 03:00:00;310.7487363234449;;;;;;;
2022-07-19 04:00:00;293.1218487832086;;;;;;;
2022-07-19 05:00:00;366.2216078472941;;;;;;;
2022-07-19 06:00:00;269.8409497616391;;;;;;;
2022-07-19 07:00:00;323.8129032788564;;;;;;;
2022-07-19 08:00:00;312.4376283865257;;;;;;;
2022-07-19 09:00:00;237.0641458889945;;;;;;;
2022-07-19 10:00:00;248.0910181309336;;;;;;;
2022-07-19 11:00:00;309.8369050119219;;;;;;;
2022-07-19 12:00:00;401.1974360054653;;;;;;;
2022-07-19 13:00:00;336.1581820295172;;;;;;;
2022-07-19 14:00:00;229.2275520368399;;;;;;;
2022-07-19 15:00:00;164.9805428469737;;;;;;;
2022-07-19 16:00:00;343.2926188873336;;;;;;;
2022-07-19 17:00:00;304.8207231583197;;;;;;;
2022-07-19 18:00:00;362.2306720670889;;;;;;;
2022-07-19 19:00:00;268.4254847540888;;;;;;;
2022-07-19 20:00:00;325.5316066384519;;;;;;;
2022-07-19 21:00:00;348.540549223322;;;;;;;
2022-07-19 22:00:00;288.525298269457;;;;;;;
2022-07-19 23:00:00;289.5170834565309;;;;;;;
2022-07-20 00:00:00;310.4563310612624;;;;;;;
2022-07-20 01:00:00;334.4605142651457;;;;;;;
2022-07-20 02:00:00;308.6193289964147;;;;;;;
2022-07-20 03:00:00;354.4705908844209;;;;;;;
2022-07-20 04:00:00;287.8539246919972;;;;;;;
2022-07-20 05:00:00;247.6565499693024;;;;;;;
2022-07-20 06:00:00;401.0014442054226;;;;;;;
2022-07-20 07:00:00;281.2337611876307;;;;;;;
2022-07-20 08:00:00;282.9127878054024;;;;;;;
2022-07-20 09:00:00;306.23153109943;;;;;;;
2022-07-20 10:00:00;312.4010310120194;;;;;;;
2022-07-20 11:00:00;291.3450432292468;;;;;;;
2022-07-20 12:00:00;308.4755167770798;;;;;;;
2022-07-20 13:00:00;307.4396462103882;;;;;;;
2022-07-20 14:00:00;317.3946529646774;;;;;;;
2022-07-20 15:00:00;199.9142350720231;;;;;;;
2022-07-20 16:00:00;396.543154269888;;;;;;;
2022-07-20 17:00:00;302.4512265094202;;;;;;;
2022-07-20 18:00:00;336.2209423542006;;;;;;;
2022-07-20 19:00:00;245.350550684498;;;;;;;
2022-07-20 20:00:00;287.4333719964934;;;;;;;
2022-07-20 21:00:00;278.0938079504817;;;;;;;
2022-07-20 22:00:00;377.4686990035146;;;;;;;
2022-07-20 23:00:00;282.1068768444451;;;;;;;
2022-07-21 00:00:00;344.4536595772526;;;;;;;
2022-07-21 01:00:00;279.1095941733125;;;;;;;
2022-07-21 02:00:00;288.2861301829689;;;;;;;
2022-07-21 03:00:00;297.8925989922384;;;;;;;
2022-07-21 04:00:00;368.8452967552039;;;;;;;
2022-07-21 05:00:00;221.6090518389609;;;;;;;
2022-07-21 06:00:00;248.2472049376867;;;;;;;
2022-07-21 07:00:00;218.9436779084974;;;;;;;
2022-07-21 08:00:00;258.8322181513926;;;;;;;
2022-07-21 09:00:00;271.6320457599855;;;;;;;
2022-07-21 10:00:00;234.3842605564654;;;;;;;
2022-07-21 11:00:00;275.2252632795935;;;;;;;
2022-07-21 12:00:00;215.816381260069;;;;;;;
2022-07-21 13:00:00;262.057128677877;;;;;;;
2022-07-21 14:00:00;364.975002746915;;;;;;;
2022-07-21 15:00:00;328.0078407930619;;;;;;;
2022-07-21 16:00:00;317.9814431917877;;;;;;;
2022-07-21 17:00:00;262.7627686274468;;;;;;;
2022-07-21 18:00:00;238.0212722937829;;;;;;;
2022-07-21 19:00:00;256.4358543523732;;;;;;;
2022-07-21 20:00:00;307.2797031266652;;;;;;;
2022-07-21 21:00:00;349.5613413544662;;;;;;;
2022-07-21 22:00:00;351.1475355679709;;;;;;;
2022-07-21 23:00:00;338.5400989171834;;;;;;;
2022-07-22 00:00:00;275.0671052928643;;;;;;;
2022-07-22 01:00:00;310.4232531636561;;;;;;;
2022-07-22 02:00:00;294.3763904730851;;;;;;;
2022-07-22 03:00:00;299.9505955032041;;;;;;;
2022-07-22 04:00:00;403.7920793153739;;;;;;;
2022-07-22 05:00:00;227.5404642773169;;;;;;;
2022-07-22 06:00:00;298.397042460218;;;;;;;
2022-07-22 07:00:00;365.5005622002197;;;;;;;
2022-07-22 08:00:00;241.2777329765609;;;;;;;
2022-07-22 09:00:00;279.4191735863238;;;;;;;
2022-07-22 10:00:00;284.7408245160259;;;;;;;
2022-07-22 11:00:00;298.9253199002263;;;;;;;
2022-07-22 12:00:00;235.2436423553485;;;;;;;
2022-07-22 13:00:00;336.9012182090629;;;;;;;
2022-07-22 14:00:00;340.1951529321813;;;;;;;
2022-07-22 15:00:00;332.8691990393565;;;;;;;
2022-07-22 16:00:00;268.9053817393053;;;;;;;
2022-07-22 17:00:00;313.2977861089219;;;;;;;
2022-07-22 18:00:00;267.5569068015797;;;;;;;
2022-07-22 19:00:00;293.8542815449783;;;;;;;
2022-07-22 20:00:00;409.189401410137;;;;;;;
2022-07-22 21:00:00;313.7238834137389;;;;;;;
2022-07-22 22:00:00;254.1918187409375;;;;;;;
2022-07-22 23:00:00;317.6505554451645;;;;;;;
2022-07-23 00:00:00;246.5709285705483;;;;;;;
2022-07-23 01:00:00;253.6590540806098;;;;;;;
2022-07-23 02:00:00;260.983862031926;;;;;;;
2022-07-23 03:00:00;288.6716293114569;;;;;;;
2022-07-23 04:00:00;352.7527944248234;;;;;;;
2022-07-23 05:00:00;336.1177455533127;;;;;;;
2022-07-23 06:00:00;333.5474597060616;;;;;;;
2022-07-23 07:00:00;258.3023006403025;;;;;;;
2022-07-23 08:00:00;284.1713149604329;;;;;;;
2022-07-23 09:00:00;321.9031730906223;;;;;;;
2022-07-23 10:00:00;280.1348933774156;;;;;;;
2022-07-23 11:00:00;296.3701650858182;;;;;;;
2022-07-23 12:00:00;329.7601199838684;;;;;;;
2022-07-23 13:00:00;293.1038331196801;;;;;;;
2022-07-23 14:00:00;319.7718244177935;;;;;;;
2022-07-23 15:00:00;383.1752123854307;;;;;;;
2022-07-23 16:00:00;301.3113366213832;;;;;;;
2022-07-23 17:00:00;363.9969255567489;;;;;;;
2022-07-23 18:00:00;335.2349801791418;;;;;;;
2022-07-23 19:00:00;241.215079776907;;;;;;;
2022-07-23 20:00:00;258.1532659432223;;;;;;;
2022-07-23 21:00:00;270.6116008695097;;;;;;;
2022-07-23 22:00:00;269.6262658431082;;;;;;;
2022-07-23 23:00:00;305.0955409967852;;;;;;;
2022-07-24 00:00:00;337.799286524587;;;;;;;
2022-07-24 01:00:00;367.5144443039836;;;;;;;
2022-07-24 02:00:00;323.5813799047051;;;;;;;
2022-07-24 03:00:00;288.6080665651783;;;;;;;
2022-07-24 04:00:00;212.6836359132765;;;;;;;
2022-07-24 05:00:00;312.5591587651275;;;;;;;
2022-07-24 06:00:00;310.4798689557234;;;;;;;
2022-07-24 07:00:00;317.7708707363495;;;;;;;
2022-07-24 08:00:00;406.9983866102781;;;;;;;
2022-07-24 09:00:00;366.8388805680019;;;;;;;
2022-07-24 10:00:00;345.7053764319928;;;;;;;
2022-07-24 11:00:00;264.6510155752914;;;;;;;
2022-07-24 12:00:00;285.4851364902274;;;;;;;
2022-07-24 13:00:00;304.8842289410218;;;;;;;
2022-07-24 14:00:00;273.3111314985558;;;;;;;
2022-07-24 15:00:00;332.5021960763439;;;;;;;
2022-07-24 16:00:00;325.8422681112814;;;;;;;
2022-07-24 17:00:00;258.7948408337239;;;;;;;
2022-07-24 18:00:00;364.8078179867064;;;;;;;
2022-07-24 19:00:00;314.0307687502599;;;;;;;
2022-07-24 20:00:00;229.0681319778122;;;;;;;
2022-07-24 21:00:00;306.9023902597422;;;;;;;
2022-07-24 22:00:00;322.3302336103069;;;;;;;
2022-07-24 23:00:00;354.4147352343756;;;;;;;
2022-07-25 00:00:00;293.6278973745241;;;;;;;
2022-07-25 01:00:00;347.6945702096391;;;;;;;
2022-07-25 02:00:00;317.9663337834899;;;;;;;
2022-07-25 03:00:00;248.2754555662341;;;;;;;
2022-07-25 04:00:00;243.6309871392197;;;;;;;
2022-07-25 05:00:00;361.362846579981;;;;;;;
2022-07-25 06:00:00;364.7691946821481;;;;;;;
2022-07-25 07:00:00;324.2649357563807;;;;;;;
2022-07-25 08:00:00;378.6741171719287;;;;;;;
2022-07-25 09:00:00;358.3032504510378;;;;;;;
2022-07-25 10:00:00;340.9996685808197;;;;;;;
2022-07-25 11:00:00;267.006168115229;;;;;;;
2022-07-25 12:00:00;389.6098863791065;;;;;;;
2022-07-25 13:00:00;334.1647651062178;;;;;;;
2022-07-25 14:00:00;291.3842388874359;;;;;;;
2022-07-25 15:00:00;278.2815061572779;;;;;;;
2022-07-25 16:00:00;321.1972010680082;;;;;;;
2022-07-25 17:00:00;231.7594651578713;;;;;;;
2022-07-25 18:00:00;341.7440175532623;;;;;;;
2022-07-25 19:00:00;265.0456460721986;;;;;;;
2022-07-25 20:00:00;326.4778130430917;;;;;;;
2022-07-25 21:00:00;285.0849726130178;;;;;;;
2022-07-25 22:00:00;297.0172371046516;;;;;;;
2022-07-25 23:00:00;274.1692679685004;;;;;;;
2022-07-26 00:00:00;301.804461142751;;;;;;;
2022-07-26 01:00:00;396.9376420459337;;;;;;;
2022-07-26 02:00:00;373.5409054580138;;;;;;;
2022-07-26 03:00:00;325.7295388835247;;;;;;;
2022-07-26 04:00:00;308.1108534610497;;;;;;;
2022-07-26 05:00:00;348.4490502867036;;;;;;;
2022-07-26 06:00:00;361.7066404110539;;;;;;;
2022-07-26 07:00:00;270.7868491381448;;;;;;;
2022-07-26 08:00:00;305.691727281096;;;;;;;
2022-07-26 09:00:00;224.7588542206688;;;;;;;
2022-07-26 10:00:00;361.3880025347233;;;;;;;
2022-07-26 11:00:00;405.0862653656779;;;;;;;
2022-07-26 12:00:00;312.9995664574059;;;;;;;
2022-07-26 13:00:00;210.6994742498745;;;;;;;
2022-07-26 14:00:00;337.5323649614983;;;;;;;
2022-07-26 15:00:00;267.3412307861824;;;;;;;
2022-07-26 16:00:00;278.5097841352808;;;;;;;
2022-07-26 17:00:00;338.3528594558678;;;;;;;
2022-07-26 18:00:00;321.0937614215099;;;;;;;
2022-07-26 19:00:00;286.6396627208856;;;;;;;
2022-07-26 20:00:00;279.1473958342485;;;;;;;
2022-07-26 21:00:00;315.122189267701;;;;;;;
2022-07-26 22:00:00;290.2881300918613;;;;;;;
2022-07-26 23:00:00;257.8238733003195;;;;;;;
2022-07-27 00:00:00;293.855834738048;;;;;;;
2022-07-27 01:00:00;325.0389225319046;;;;;;;
2022-07-27 02:00:00;301.0216299434118;;;;;;;
2022-07-27 03:00:00;243.7079142795427;;;;;;;
2022-07-27 04:00:00;355.1696484654059;;;;;;;
2022-07-27 05:00:00;182.2236059072286;;;;;;;
2022-07-27 06:00:00;288.5762598131049;;;;;;;
2022-07-27 07:00:00;280.5116727003779;;;;;;;
2022-07-27 08:00:00;316.1587319790324;;;;;;;
2022-07-27 09:00:00;335.3413000897411;;;;;;;
2022-07-27 10:00:00;361.5579247945572;;;;;;;
2022-07-27 11:00:00;276.233972750018;;;;;;;
2022-07-27 12:00:00;336.4974294495623;;;;;;;
2022-07-27 13:00:00;318.3688550080056;;;;;;;
2022-07-27 14:00:00;229.8814772883146;;;;;;;
2022-07-27 15:00:00;397.4554169117214;;;;;;;
2022-07-27 16:00:00;242.5357330884328;;;;;;;
2022-07-27 17:00:00;328.7459108061373;;;;;;;
2022-07-27 18:00:00;327.3755959338637;;;;;;;
2022-07-27 19:00:00;322.0718417026029;;;;;;;
2022-07-27 20:00:00;286.3395901164367;;;;;;;
2022-07-27 21:00:00;347.6627626535125;;;;;;;
2022-07-27 22:00:00;236.8947421223568;;;;;;;
2022-07-27 23:00:00;306.2303495899417;;;;;;;
2022-07-28 00:00:00;283.1246819192708;;;;;;;
2022-07-28 01:00:00;277.8626762629945;;;;;;;
2022-07-28 02:00:00;329.1750667010014;;;;;;;
2022-07-28 03:00:00;359.271404415526;;;;;;;
2022-07-28 04:00:00;293.3597776189782;;;;;;;
2022-07-28 05:00:00;345.502184597311;;;;;;;
2022-07-28 06:00:00;311.5919226191214;;;;;;;
2022-07-28 07:00:00;267.8681100929369;;;;;;;
2022-07-28 08:00:00;297.3172407074885;;;;;;;
2022-07-28 09:00:00;295.3903778487432;;;;;;;
2022-07-28 10:00:00;276.9644231797194;;;;;;;
2022-07-28 11:00:00;329.1627791999728;;;;;;;
2022-07-28 12:00:00;320.1701794661231;;;;;;;
2022-07-28 13:00:00;235.4898695420548;;;;;;;
2022-07-28 14:00:00;232.6656569121706;;;;;;;
2022-07-28 15:00:00;328.9865578646686;;;;;;;
2022-07-28 16:00:00;271.4610249406929;;;;;;;
2022-07-28 17:00:00;323.296810479885;;;;;;;
2022-07-28 18:00:00;345.5138054074857;;;;;;;
2022-07-28 19:00:00;250.3214535431631;;;;;;;
2022-07-28 20:00:00;243.7993701330263;;;;;;;
2022-07-28 21:00:00;386.9656414246109;;;;;;;
2022-07-28 22:00:00;325.5946210814527;;;;;;;
2022-07-28 23:00:00;289.8346371232714;;;;;;;
2022-07-29 00:00:00;265.9563505529897;;;;;;;
2022-07-29 01:00:00;285.6036186879296;;;;;;;
2022-07-29 02:00:00;254.050517862862;;;;;;;
2022-07-29 03:00:00;350.2681516455899;;;;;;;
2022-07-29 04:00:00;273.2487784063212;;;;;;;
2022-07-29 05:00:00;360.0162868859536;;;;;;;
2022-07-29 06:00:00;290.6980848860719;;;;;;;
2022-07-29 07:00:00;260.8805433928849;;;;;;;
2022-07-29 08:00:00;289.5070618195285;;;;;;;
2022-07-29 09:00:00;187.5422752623066;;;;;;;
2022-07-29 10:00:00;303.6815473323139;;;;;;;
2022-07-29 11:00:00;301.3920416367155;;;;;;;
2022-07-29 12:00:00;347.5463215327009;;;;;;;
2022-07-29 13:00:00;221.7736404773694;;;;;;;
2022-07-29 14:00:00;363.1863787762032;;;;;;;
2022-07-29 15:00:00;347.3540958425364;;;;;;;
2022-07-29 16:00:00;367.3699380242358;;;;;;;
2022-07-29 17:00:00;306.8384371749239;;;;;;;
2022-07-29 18:00:00;356.3216805748295;;;;;;;
2022-07-29 19:00:00;241.0294144771655;;;;;;;
2022-07-29 20:00:00;342.3644862774601;;;;;;;
2022-07-29 21:00:00;273.5080386875573;;;;;;;
2022-07-29 22:00:00;232.671417154034;;;;;;;
2022-07-29 23:00:00;257.1324658231698;;;;;;;
2022-07-30 00:00:00;309.5409255938799;;;;;;;
2022-07-30 01:00:00;271.0428982354901;;;;;;;
2022-07-30 02:00:00;326.7313684837093;;;;;;;
2022-07-30 03:00:00;225.3953926489752;;;;;;;
2022-07-30 04:00:00;210.6026333678546;;;;;;;
2022-07-30 05:00:00;372.9530088704719;;;;;;;
2022-07-30 06:00:00;351.2140028841243;;;;;;;
2022-07-30 07:00:00;260.6046624448441;;;;;;;
2022-07-30 08:00:00;309.145160020935;;;;;;;
2022-07-30 09:00:00;356.5819538206202;;;;;;;
2022-07-30 10:00:00;328.7321477766611;;;;;;;
2022-07-30 11:00:00;316.1607833836286;;;;;;;
2022-07-30 12:00:00;360.0914194594563;;;;;;;
2022-07-30 13:00:00;275.3846346177965;;;;;;;
2022-07-30 14:00:00;310.7307722259802;;;;;;;
2022-07-30 15:00:00;308.4562758278365;;;;;;;
2022-07-30 16:00:00;296.6301677015563;;;;;;;
2022-07-30 17:00:00;291.2002114620932;;;;;;;
2022-07-30 18:00:00;312.6648719487661;;;;;;;
2022-07-30 19:00:00;310.8805762824043;;;;;;;
2022-07-30 20:00:00;260.6449866275188;;;;;;;
2022-07-30 21:00:00;346.4817570124933;;;;;;;
2022-07-30 22:00:00;263.9872259601875;;;;;;;
2022-07-30 23:00:00;299.159894003871;;;;;;;
2022-07-31 00:00:00;295.5854783299292;;;;;;;
2022-07-31 01:00:00;325.8976963514149;;;;;;;
2022-07-31 02:00:00;210.973477798283;;;;;;;
2022-07-31 03:00:00;350.6159870594608;;;;;;;
2022-07-31 04:00:00;277.8769463843317;;;;;;;
2022-07-31 05:00:00;365.881649393552;;;;;;;
2022-07-31 06:00:00;287.1009842939817;;;;;;;
2022-07-31 07:00:00;307.0183381347728;;;;;;;
2022-07-31 08:00:00;398.0699239385767;;;;;;;
2022-07-31 09:00:00;296.4178674684247;;;;;;;
2022-07-31 10:00:00;366.7578483145739;;;;;;;
2022-07-31 11:00:00;311.0957263443043;;;;;;;
2022-07-31 12:00:00;328.5567010804183;;;;;;;
2022-07-31 13:00:00;312.529885653325;;;;;;;
2022-07-31 14:00:00;348.6184036616573;;;;;;;
2022-07-31 15:00:00;277.4806944707105;;;;;;;
2022-07-31 16:00:00;263.6317044715072;;;;;;;
2022-07-31 17:00:00;279.6590808673706;;;;;;;
2022-07-31 18:00:00;313.9101498372981;;;;;;;
2022-07-31 19:00:00;299.039953188199;;;;;;;
2022-07-31 20:00:00;342.2358539044471;;;;;;;
2022-07-31 21:00:00;369.8142801884235;;;;;;;
2022-07-31 22:00:00;264.0125967323623;;;;;;;
2022-07-31 23:00:00;275.2344933289531;;;;;;;
2022-08-01 00:00:00;242.6533713406717;;;;;;;
2022-08-01 01:00:00;403.4787013282873;;;;;;;
2022-08-01 02:00:00;323.4187463194594;;;;;;;
2022-08-01 03:00:00;331.5436216715411;;;;;;;
2022-08-01 04:00:00;247.1085052853207;;;;;;;
2022-08-01 05:00:00;309.2300425368206;;;;;;;
2022-08-01 06:00:00;332.9096840196856;;;;;;;
2022-08-01 07:00:00;297.5582228049383;;;;;;;
2022-08-01 08:00:00;359.1891540593908;;;;;;;
2022-08-01 09:00:00;416.5362895668559;;;;;;;
2022-08-01 10:00:00;265.3475688515085;;;;;;;
2022-08-01 11:00:00;261.8669873788377;;;;;;;
2022-08-01 12:00:00;268.5628930596476;;;;;;;
2022-08-01 13:00:00;383.8001540171518;;;;;;;
2022-08-01 14:00:00;357.6419449619566;;;;;;;
2022-08-01 15:00:00;302.9968270511479;;;;;;;
2022-08-01 16:00:00;310.9804210745943;;;;;;;
2022-08-01 17:00:00;271.402700223878;;;;;;;
2022-08-01 18:00:00;350.5750382551246;;;;;;;
2022-08-01 19:00:00;291.6596697435874;;;;;;;
2022-08-01 20:00:00;297.2186820216363;;;;;;;
2022-08-01 21:00:00;337.5276911319376;;;;;;;
2022-08-01 22:00:00;300.5627383967635;;;;;;;
2022-08-01 23:00:00;298.3836267466825;;;;;;;
2022-08-02 00:00:00;309.7749332151294;;;;;;;
2022-08-02 01:00:00;346.1829653422618;;;;;;;
2022-08-02 02:00:00;385.6694954625842;;;;;;;
2022-08-02 03:00:00;336.4465782318372;;;;;;;
2022-08-02 04:00:00;346.5521956069606;;;;;;;
2022-08-02 05:00:00;300.0125622280772;;;;;;;
2022-08-02 06:00:00;276.4477041527758;;;;;;;
2022-08-02 07:00:00;339.6244746339726;;;;;;;
2022-08-02 08:00:00;317.2286367607632;;;;;;;
2022-08-02 09:00:00;243.2848109849317;;;;;;;
2022-08-02 10:00:00;294.064302796018;;;;;;;
2022-08-02 11:00:00;305.438508976881;;;;;;;
2022-08-02 12:00:00;285.6028291722195;;;;;;;
2022-08-02 13:00:00;378.0259596086664;;;;;;;
2022-08-02 14:00:00;331.5453250634762;;;;;;;
2022-08-02 15:00:00;372.9895423268311;;;;;;;
2022-08-02 16:00:00;321.5053169196833;;;;;;;
2022-08-02 17:00:00;313.0601186893802;;;;;;;
2022-08-02 18:00:00;265.8330683550399;;;;;;;
2022-08-02 19:00:00;309.8377640621735;;;;;;;
2022-08-02 20:00:00;309.8899276069001;;;;;;;
2022-08-02 21:00:00;245.8602879350497;;;;;;;
2022-08-02 22:00:00;284.2542133184993;;;;;;;
2022-08-02 23:00:00;294.2863855586228;;;;;;;
2022-08-03 00:00:00;328.4667324562037;;;;;;;
2022-08-03 01:00:00;330.6875748739735;;;;;;;
2022-08-03 02:00:00;282.3154175912475;;;;;;;
2022-08-03 03:00:00;331.0364239540932;;;;;;;
2022-08-03 04:00:00;300.8371977088223;;;;;;;
2022-08-03 05:00:00;176.1550491049028;;;;;;;
2022-08-03 06:00:00;286.797710568396;;;;;;;
2022-08-03 07:00:00;359.3414618340257;;;;;;;
2022-08-03 08:00:00;231.2608985940848;;;;;;;
2022-08-03 09:00:00;314.5123646428978;;;;;;;
2022-08-03 10:00:00;382.8287872618856;;;;;;;
2022-08-03 11:00:00;273.9974722693674;;;;;;;
2022-08-03 12:00:00;309.3840229574953;;;;;;;
2022-08-03 13:00:00;248.7875539385996;;;;;;;
2022-08-03 14:00:00;384.7758833429437;;;;;;;
2022-08-03 15:00:00;305.4183001762461;;;;;;;
2022-08-03 16:00:00;311.4474641402928;;;;;;;
2022-08-03 17:00:00;372.1139064971975;;;;;;;
2022-08-03 18:00:00;339.9720558890373;;;;;;;
2022-08-03 19:00:00;268.6615856726272;;;;;;;
2022-08-03 20:00:00;279.2553843964989;;;;;;;
2022-08-03 21:00:00;332.2454953259694;;;;;;;
2022-08-03 22:00:00;280.3296928748795;;;;;;;
2022-08-03 23:00:00;211.0597972630348;;;;;;;
2022-08-04 00:00:00;306.8143397833468;;;;;;;
2022-08-04 01:00:00;240.6133361560773;;;;;;;
2022-08-04 02:00:00;384.2679122326713;;;;;;;
2022-08-04 03:00:00;317.4859681125225;;;;;;;
2022-08-04 04:00:00;267.2908534458334;;;;;;;
2022-08-04 05:00:00;276.8729135810485;;;;;;;
2022-08-04 06:00:00;221.6301637950226;;;;;;;
2022-08-04 07:00:00;258.2773728873588;;;;;;;
2022-08-04 08:00:00;356.4342462322081;;;;;;;
2022-08-04 09:00:00;412.8227909614573;;;;;;;
2022-08-04 10:00:00;342.9837793257896;;;;;;;
2022-08-04 11:00:00;305.0142243102815;;;;;;;
2022-08-04 12:00:00;289.2445820678723;;;;;;;
2022-08-04 13:00:00;264.9099476280247;;;;;;;
2022-08-04 14:00:00;404.8423161960487;;;;;;;
2022-08-04 15:00:00;300.5277692988281;;;;;;;
2022-08-04 16:00:00;407.4339918819092;;;;;;;
2022-08-04 17:00:00;373.9333818136157;;;;;;;
2022-08-04 18:00:00;228.5241649739713;;;;;;;
2022-08-04 19:00:00;278.3890262016427;;;;;;;
2022-08-04 20:00:00;278.2455463402866;;;;;;;
2022-08-04 21:00:00;305.5800371441232;;;;;;;
2022-08-04 22:00:00;306.486183498247;;;;;;;
2022-08-04 23:00:00;448.2877877424247;;;;;;;
2022-08-05 00:00:00;259.3088675986402;;;;;;;
2022-08-05 01:00:00;319.9068431020415;;;;;;;
2022-08-05 02:00:00;337.8857482426138;;;;;;;
2022-08-05 03:00:00;309.2113919749006;;;;;;;
2022-08-05 04:00:00;314.3958902102326;;;;;;;
2022-08-05 05:00:00;260.8128699410318;;;;;;;
2022-08-05 06:00:00;314.2244979910574;;;;;;;
2022-08-05 07:00:00;333.0094751516307;;;;;;;
2022-08-05 08:00:00;324.4825800859513;;;;;;;
2022-08-05 09:00:00;335.7374513716062;;;;;;;
2022-08-05 10:00:00;374.81894282346;;;;;;;
2022-08-05 11:00:00;352.7526805923488;;;;;;;
2022-08-05 12:00:00;312.5918673487549;;;;;;;
2022-08-05 13:00:00;254.9233484147456;;;;;;;
2022-08-05 14:00:00;281.4484877891424;;;;;;;
2022-08-05 15:00:00;299.0950506575376;;;;;;;
2022-08-05 16:00:00;320.9913128068693;;;;;;;
2022-08-05 17:00:00;287.093197891861;;;;;;;
2022-08-05 18:00:00;265.8731802935117;;;;;;;
2022-08-05 19:00:00;254.1606376327908;;;;;;;
2022-08-05 20:00:00;232.6818125109421;;;;;;;
2022-08-05 21:00:00;298.3843360774359;;;;;;;
2022-08-05 22:00:00;241.1026495793067;;;;;;;
2022-08-05 23:00:00;262.8672853312605;;;;;;;
2022-08-06 00:00:00;291.0101704076139;;;;;;;
2022-08-06 01:00:00;247.3075796479281;;;;;;;
2022-08-06 02:00:00;326.9020311146654;;;;;;;
2022-08-06 03:00:00;343.6252296148191;;;;;;;
2022-08-06 04:00:00;283.7949469776424;;;;;;;
2022-08-06 05:00:00;289.0094672834623;;;;;;;
2022-08-06 06:00:00;334.2171116909079;;;;;;;
2022-08-06 07:00:00;276.1601980528552;;;;;;;
2022-08-06 08:00:00;272.9712224194977;;;;;;;
2022-08-06 09:00:00;364.7930544120557;;;;;;;
2022-08-06 10:00:00;350.3041321422745;;;;;;;
2022-08-06 11:00:00;337.1918190669733;;;;;;;
2022-08-06 12:00:00;352.2274267165485;;;;;;;
2022-08-06 13:00:00;217.5531250986621;;;;;;;
2022-08-06 14:00:00;372.0923376869198;;;;;;;
2022-08-06 15:00:00;327.4731212778519;;;;;;;
2022-08-06 16:00:00;356.1771465944509;;;;;;;
2022-08-06 17:00:00;327.2457816455989;;;;;;;
2022-08-06 18:00:00;311.5540736055381;;;;;;;
2022-08-06 19:00:00;296.5119979861036;;;;;;;
2022-08-06 20:00:00;326.3171213457814;;;;;;;
2022-08-06 21:00:00;294.8215103560387;;;;;;;
2022-08-06 22:00:00;349.5473920287026;;;;;;;
2022-08-06 23:00:00;235.6843964080992;;;;;;;
2022-08-07 00:00:00;284.1591829879314;;;;;;;
2022-08-07 01:00:00;404.1490870511758;;;;;;;
2022-08-07 02:00:00;280.2387907251934;;;;;;;
2022-08-07 03:00:00;298.2111514267902;;;;;;;
2022-08-07 04:00:00;268.3390546641268;;;;;;;
2022-08-07 05:00:00;324.8650915815443;;;;;;;
2022-08-07 06:00:00;275.1270433847029;;;;;;;
2022-08-07 07:00:00;300.6733386220953;;;;;;;
2022-08-07 08:00:00;348.6654880119594;;;;;;;
2022-08-07 09:00:00;276.8668359514934;;;;;;;
2022-08-07 10:00:00;345.8700796587808;;;;;;;
2022-08-07 11:00:00;347.429716813083;;;;;;;
2022-08-07 12:00:00;358.2265284085307;;;;;;;
2022-08-07 13:00:00;315.8043903620784;;;;;;;
2022-08-07 14:00:00;459.6549135531507;;;;;;;
2022-08-07 15:00:00;358.2069322384892;;;;;;;
2022-08-07 16:00:00;324.3562547668665;;;;;;;
2022-08-07 17:00:00;268.6478682208712;;;;;;;
2022-08-07 18:00:00;304.781491542614;;;;;;;
2022-08-07 19:00:00;375.4554071023846;;;;;;;
2022-08-07 20:00:00;388.5941594572674;;;;;;;
2022-08-07 21:00:00;377.8679233261547;;;;;;;
2022-08-07 22:00:00;345.7114718915078;;;;;;;
2022-08-07 23:00:00;251.0309191985119;;;;;;;
2022-08-08 00:00:00;331.8850482628047;;;;;;;
2022-08-08 01:00:00;251.6923776084622;;;;;;;
2022-08-08 02:00:00;240.2765936225787;;;;;;;
2022-08-08 03:00:00;320.3795261460938;;;;;;;
2022-08-08 04:00:00;333.5569293280626;;;;;;;
2022-08-08 05:00:00;351.19437735944;;;;;;;
2022-08-08 06:00:00;332.347788139786;;;;;;;
2022-08-08 07:00:00;333.9460030571718;;;;;;;
2022-08-08 08:00:00;263.6036804368856;;;;;;;
2022-08-08 09:00:00;304.4141750220054;;;;;;;
2022-08-08 10:00:00;239.3651825722;;;;;;;
2022-08-08 11:00:00;216.3427221626114;;;;;;;
2022-08-08 12:00:00;343.6446981150844;;;;;;;
2022-08-08 13:00:00;274.3448863628668;;;;;;;
2022-08-08 14:00:00;349.7618375022072;;;;;;;
2022-08-08 15:00:00;360.7035007044194;;;;;;;
2022-08-08 16:00:00;280.5525506512843;;;;;;;
2022-08-08 17:00:00;336.6704163716286;;;;;;;
2022-08-08 18:00:00;278.6115099004812;;;;;;;
2022-08-08 19:00:00;223.6491121494117;;;;;;;
2022-08-08 20:00:00;315.0049712469808;;;;;;;
2022-08-08 21:00:00;287.4392351705173;;;;;;;
2022-08-08 22:00:00;288.8674267743092;;;;;;;
2022-08-08 23:00:00;400.9257197929584;;;;;;;
2022-08-09 00:00:00;238.4957752007669;;;;;;;
2022-08-09 01:00:00;327.0467273197315;;;;;;;
2022-08-09 02:00:00;263.1325792318471;;;;;;;
2022-08-09 03:00:00;351.4209734715257;;;;;;;
2022-08-09 04:00:00;323.1293367811052;;;;;;;
2022-08-09 05:00:00;326.8831103686538;;;;;;;
2022-08-09 06:00:00;265.4483897949515;;;;;;;
2022-08-09 07:00:00;273.7666706873199;;;;;;;
2022-08-09 08:00:00;352.3019280185815;;;;;;;
2022-08-09 09:00:00;391.4363171871086;;;;;;;
2022-08-09 10:00:00;331.567073024043;;;;;;;
2022-08-09 11:00:00;267.6505976267205;;;;;;;
2022-08-09 12:00:00;325.0085770639132;;;;;;;
2022-08-09 13:00:00;421.9011780269817;;;;;;;
2022-08-09 14:00:00;314.0359868519801;;;;;;;
2022-08-09 15:00:00;377.1029901596143;;;;;;;
2022-08-09 16:00:00;274.9384815935409;;;;;;;
2022-08-09 17:00:00;307.3318380369565;;;;;;;
2022-08-09 18:00:00;338.0275920785137;;;;;;;
2022-08-09 19:00:00;327.7174338558477;;;;;;;
2022-08-09 20:00:00;273.7295209938068;;;;;;;
2022-08-09 21:00:00;271.7286628136532;;;;;;;
2022-08-09 22:00:00;355.1334520735422;;;;;;;
2022-08-09 23:00:00;364.5635191053578;;;;;;;
2022-08-10 00:00:00;379.4366655659213;;;;;;;
2022-08-10 01:00:00;392.9734337369032;;;;;;;
2022-08-10 02:00:00;315.5296735772827;;;;;;;
2022-08-10 03:00:00;294.8469643631986;;;;;;;
2022-08-10 04:00:00;371.9603687879906;;;;;;;
2022-08-10 05:00:00;342.3654937702272;;;;;;;
2022-08-10 06:00:00;263.7056202240822;;;;;;;
2022-08-10 07:00:00;261.3312256135906;;;;;;;
2022-08-10 08:00:00;332.10626620249;;;;;;;
2022-08-10 09:00:00;301.0600804177856;;;;;;;
2022-08-10 10:00:00;308.0581658326391;;;;;;;
2022-08-10 11:00:00;359.0419845117773;;;;;;;
2022-08-10 12:00:00;344.4980646737167;;;;;;;
2022-08-10 13:00:00;370.9806632080298;;;;;;;
2022-08-10 14:00:00;219.6752463300278;;;;;;;
2022-08-10 15:00:00;321.0401218569794;;;;;;;
2022-08-10 16:00:00;341.5127616629579;;;;;;;
2022-08-10 17:00:00;238.4619608077799;;;;;;;
2022-08-10 18:00:00;278.9019783211962;;;;;;;
2022-08-10 19:00:00;270.2919889603994;;;;;;;
2022-08-10 20:00:00;310.2909570420957;;;;;;;
2022-08-10 21:00:00;384.8047779382673;;;;;;;
2022-08-10 22:00:00;403.1176001567773;;;;;;;
2022-08-10 23:00:00;271.5073654306383;;;;;;;
2022-08-11 00:00:00;333.7127067117966;;;;;;;
2022-08-11 01:00:00;335.2084336022874;;;;;;;
2022-08-11 02:00:00;327.267307481711;;;;;;;
2022-08-11 03:00:00;327.7940432641521;;;;;;;
2022-08-11 04:00:00;323.3757404890296;;;;;;;
2022-08-11 05:00:00;387.5751683758967;;;;;;;
2022-08-11 06:00:00;360.4306625937851;;;;;;;
2022-08-11 07:00:00;260.1009746014815;;;;;;;
2022-08-11 08:00:00;346.1999296068143;;;;;;;
2022-08-11 09:00:00;350.6838854642882;;;;;;;
2022-08-11 10:00:00;323.8964879769135;;;;;;;
2022-08-11 11:00:00;361.7740942264663;;;;;;;
2022-08-11 12:00:00;318.009573936613;;;;;;;
2022-08-11 13:00:00;318.5845498873401;;;;;;;
2022-08-11 14:00:00;314.9089913636802;;;;;;;
2022-08-11 15:00:00;215.6526335431752;;;;;;;
2022-08-11 16:00:00;305.5544270198021;;;;;;;
2022-08-11 17:00:00;278.2824076059002;;;;;;;
2022-08-11 18:00:00;254.2418577489873;;;;;;;
2022-08-11 19:00:00;375.812227241286;;;;;;;
2022-08-11 20:00:00;332.6758434593449;;;;;;;
2022-08-11 21:00:00;307.9003785811332;;;;;;;
2022-08-11 22:00:00;283.081598247569;;;;;;;
2022-08-11 23:00:00;323.0244127765343;;;;;;;
2022-08-12 00:00:00;355.2796673289588;;;;;;;
2022-08-12 01:00:00;270.9191859607417;;;;;;;
2022-08-12 02:00:00;309.0603204487566;;;;;;;
2022-08-12 03:00:00;349.5562251326046;;;;;;;
2022-08-12 04:00:00;219.4681021021407;;;;;;;
2022-08-12 05:00:00;306.6135076902054;;;;;;;
2022-08-12 06:00:00;289.3683578902051;;;;;;;
2022-08-12 07:00:00;303.0755999139004;;;;;;;
2022-08-12 08:00:00;286.0124442754802;;;;;;;
2022-08-12 09:00:00;315.6690913201736;;;;;;;
2022-08-12 10:00:00;398.5264823567619;;;;;;;
2022-08-12 11:00:00;294.2567000437244;;;;;;;
2022-08-12 12:00:00;322.8175676502215;;;;;;;
2022-08-12 13:00:00;401.8258902901912;;;;;;;
2022-08-12 14:00:00;283.7676421856913;;;;;;;
2022-08-12 15:00:00;393.471916510319;;;;;;;
2022-08-12 16:00:00;309.5312697991216;;;;;;;
2022-08-12 17:00:00;391.9512061852525;;;;;;;
2022-08-12 18:00:00;344.0881383044506;;;;;;;
2022-08-12 19:00:00;323.5318916540282;;;;;;;
2022-08-12 20:00:00;306.2395402884353;;;;;;;
2022-08-12 21:00:00;280.3333864340907;;;;;;;
2022-08-12 22:00:00;312.8004921403042;;;;;;;
2022-08-12 23:00:00;350.915295914155;;;;;;;
2022-08-13 00:00:00;308.6760474194227;;;;;;;
2022-08-13 01:00:00;294.5953510135341;;;;;;;
2022-08-13 02:00:00;297.6498555389597;;;;;;;
2022-08-13 03:00:00;355.3279398195973;;;;;;;
2022-08-13 04:00:00;366.1228058167666;;;;;;;
2022-08-13 05:00:00;278.3334423343289;;;;;;;
2022-08-13 06:00:00;278.2667601546612;;;;;;;
2022-08-13 07:00:00;326.8837863321082;;;;;;;
2022-08-13 08:00:00;380.1505791407898;;;;;;;
2022-08-13 09:00:00;362.4498466551817;;;;;;;
2022-08-13 10:00:00;251.2075821299199;;;;;;;
2022-08-13 11:00:00;297.0331378476841;;;;;;;
2022-08-13 12:00:00;266.1111580860226;;;;;;;
2022-08-13 13:00:00;296.8737071032336;;;;;;;
2022-08-13 14:00:00;383.7171499619782;;;;;;;
2022-08-13 15:00:00;243.2861099775383;;;;;;;
2022-08-13 16:00:00;234.1808733685775;;;;;;;
2022-08-13 17:00:00;270.8455000589153;;;;;;;
2022-08-13 18:00:00;322.613421138629;;;;;;;
2022-08-13 19:00:00;338.0827814462281;;;;;;;
2022-08-13 20:00:00;329.5787127754323;;;;;;;
2022-08-13 21:00:00;363.8274807474086;;;;;;;
2022-08-13 22:00:00;227.4901116811445;;;;;;;
2022-08-13 23:00:00;364.4144004089032;;;;;;;
2022-08-14 00:00:00;294.8053930331544;;;;;;;
2022-08-14 01:00:00;343.2202796103929;;;;;;;
2022-08-14 02:00:00;247.8871111642275;;;;;;;
2022-08-14 03:00:00;309.5142757258747;;;;;;;
2022-08-14 04:00:00;320.2455481683664;;;;;;;
2022-08-14 05:00:00;362.9026727306112;;;;;;;
2022-08-14 06:00:00;235.7401613893126;;;;;;;
2022-08-14 07:00:00;310.7110135910877;;;;;;;
2022-08-14 08:00:00;258.937382334089;;;;;;;
2022-08-14 09:00:00;332.7356215776447;;;;;;;
2022-08-14 10:00:00;345.3414547869756;;;;;;;
2022-08-14 11:00:00;368.9995576771601;;;;;;;
2022-08-14 12:00:00;284.462888167489;;;;;;;
2022-08-14 13:00:00;352.3008135902944;;;;;;;
2022-08-14 14:00:00;372.4201500266344;;;;;;;
2022-08-14 15:00:00;233.0497428243584;;;;;;;
2022-08-14 16:00:00;337.692623888856;;;;;;;
2022-08-14 17:00:00;353.7521968308046;;;;;;;
2022-08-14 18:00:00;297.2813191979345;;;;;;;
2022-08-14 19:00:00;253.1133287765628;;;;;;;
2022-08-14 20:00:00;353.0305360995894;;;;;;;
2022-08-14 21:00:00;253.6359303590143;;;;;;;
2022-08-14 22:00:00;301.0101260655424;;;;;;;
2022-08-14 23:00:00;307.4228601266511;;;;;;;
2022-08-15 00:00:00;342.480026541511;;;;;;;
2022-08-15 01:00:00;280.2132239251104;;;;;;;
2022-08-15 02:00:00;277.5246711765449;;;;;;;
2022-08-15 03:00:00;313.8732724343856;;;;;;;
2022-08-15 04:00:00;355.9734408191462;;;;;;;
2022-08-15 05:00:00;415.4051846121533;;;;;;;
2022-08-15 06:00:00;239.3482764349999;;;;;;;
2022-08-15 07:00:00;323.9138727234283;;;;;;;
2022-08-15 08:00:00;258.8770841811879;;;;;;;
2022-08-15 09:00:00;356.5496730275694;;;;;;;
2022-08-15 10:00:00;265.7427544089476;;;;;;;
2022-08-15 11:00:00;277.9856039710414;;;;;;;
2022-08-15 12:00:00;281.9464857580399;;;;;;;
2022-08-15 13:00:00;305.749250866939;;;;;;;
2022-08-15 14:00:00;324.2783138398371;;;;;;;
2022-08-15 15:00:00;331.7245100194277;;;;;;;
2022-08-15 16:00:00;309.0167496841159;;;;;;;
2022-08-15 17:00:00;247.5871550584744;;;;;;;
2022-08-15 18:00:00;343.0482482714357;;;;;;;
2022-08-15 19:00:00;306.8274287720395;;;;;;;
2022-08-15 20:00:00;363.1802748560974;;;;;;;
2022-08-15 21:00:00;276.4504452015645;;;;;;;
2022-08-15 22:00:00;234.9505536573982;;;;;;;
2022-08-15 23:00:00;307.7057650526334;;;;;;;
2022-08-16 00:00:00;369.4069985945109;;;;;;;
2022-08-16 01:00:00;316.7508533520339;;;;;;;
2022-08-16 02:00:00;300.0211106732872;;;;;;;
2022-08-16 03:00:00;268.9066184111327;;;;;;;
2022-08-16 04:00:00;390.831762755941;;;;;;;
2022-08-16 05:00:00;261.5183304407412;;;;;;;
2022-08-16 06:00:00;275.6313608147842;;;;;;;
2022-08-16 07:00:00;335.7297173539841;;;;;;;
2022-08-16 08:00:00;223.1786064818069;;;;;;;
2022-08-16 09:00:00;368.4159577808406;;;;;;;
2022-08-16 10:00:00;338.2422929905829;;;;;;;
2022-08-16 11:00:00;351.0020322026678;;;;;;;
2022-08-16 12:00:00;335.1768476227394;;;;;;;
2022-08-16 13:00:00;301.8093747609096;;;;;;;
2022-08-16 14:00:00;259.9620373160512;;;;;;;
2022-08-16 15:00:00;302.7858507570903;;;;;;;
2022-08-16 16:00:00;264.0405262887818;;;;;;;
2022-08-16 17:00:00;331.8383537028676;;;;;;;
2022-08-16 18:00:00;346.7129742898254;;;;;;;
2022-08-16 19:00:00;377.7973847314897;;;;;;;
2022-08-16 20:00:00;326.5316067906682;;;;;;;
2022-08-16 21:00:00;352.1778206908854;;;;;;;
2022-08-16 22:00:00;295.4989901623351;;;;;;;
2022-08-16 23:00:00;287.0957784129207;;;;;;;
2022-08-17 00:00:00;331.2592148246526;;;;;;;
2022-08-17 01:00:00;291.3548213971042;;;;;;;
2022-08-17 02:00:00;321.7725630304622;;;;;;;
2022-08-17 03:00:00;260.0528054981764;;;;;;;
2022-08-17 04:00:00;268.3832784965733;;;;;;;
2022-08-17 05:00:00;338.7626415991388;;;;;;;
2022-08-17 06:00:00;350.4202221681996;;;;;;;
2022-08-17 07:00:00;263.5571215186127;;;;;;;
2022-08-17 08:00:00;340.3958952196846;;;;;;;
2022-08-17 09:00:00;284.5693027551713;;;;;;;
2022-08-17 10:00:00;310.050040258398;;;;;;;
2022-08-17 11:00:00;375.0201252454925;;;;;;;
2022-08-17 12:00:00;346.7457926103791;;;;;;;
2022-08-17 13:00:00;346.2069305887495;;;;;;;
2022-08-17 14:00:00;397.8381610389883;;;;;;;
2022-08-17 15:00:00;276.6294947709567;;;;;;;
2022-08-17 16:00:00;263.5469705276277;;;;;;;
2022-08-17 17:00:00;275.783156975176;;;;;;;
2022-08-17 18:00:00;297.4773435844999;;;;;;;
2022-08-17 19:00:00;200.0504830748363;;;;;;;
2022-08-17 20:00:00;299.6611762105497;;;;;;;
2022-08-17 21:00:00;284.0202430329067;;;;;;;
2022-08-17 22:00:00;345.6450125982342;;;;;;;
2022-08-17 23:00:00;325.6339896993637;;;;;;;
2022-08-18 00:00:00;281.416414089921;;;;;;;
2022-08-18 01:00:00;336.6541673840587;;;;;;;
2022-08-18 02:00:00;342.8384101256601;;;;;;;
2022-08-18 03:00:00;273.6294469632524;;;;;;;
2022-08-18 04:00:00;286.4116205844109;;;;;;;
2022-08-18 05:00:00;206.0438299382874;;;;;;;
2022-08-18 06:00:00;258.685716913461;;;;;;;
2022-08-18 07:00:00;274.8391922990562;;;;;;;
2022-08-18 08:00:00;312.7250867658751;;;;;;;
2022-08-18 09:00:00;265.4255153542855;;;;;;;
2022-08-18 10:00:00;285.4639240153925;;;;;;;
2022-08-18 11:00:00;252.4379861690121;;;;;;;
2022-08-18 12:00:00;317.222748324281;;;;;;;
2022-08-18 13:00:00;329.0343488512821;;;;;;;
2022-08-18 14:00:00;327.9511154878882;;;;;;;
2022-08-18 15:00:00;309.8577870692354;;;;;;;
2022-08-18 16:00:00;237.7898640267785;;;;;;;
2022-08-18 17:00:00;280.5230291874026;;;;;;;
2022-08-18 18:00:00;290.3882862612318;;;;;;;
2022-08-18 19:00:00;290.5743838466358;;;;;;;
2022-08-18 20:00:00;312.7628986940741;;;;;;;
2022-08-18 21:00:00;375.4189608278349;;;;;;;
2022-08-18 22:00:00;346.959615336054;;;;;;;
2022-08-18 23:00:00;263.4707564598525;;;;;;;
2022-08-19 00:00:00;340.7572273660872;;;;;;;
2022-08-19 01:00:00;338.9896439188004;;;;;;;
2022-08-19 02:00:00;271.8887167160142;;;;;;;
2022-08-19 03:00:00;348.6654595547261;;;;;;;
2022-08-19 04:00:00;301.8440245721117;;;;;;;
2022-08-19 05:00:00;243.8728451651926;;;;;;;
2022-08-19 06:00:00;330.4023812952777;;;;;;;
2022-08-19 07:00:00;319.3497549840004;;;;;;;
2022-08-19 08:00:00;298.7217532682639;;;;;;;
2022-08-19 09:00:00;307.5467736290793;;;;;;;
2022-08-19 10:00:00;275.9240417675173;;;;;;;
2022-08-19 11:00:00;337.589891252389;;;;;;;
2022-08-19 12:00:00;307.2685314237922;;;;;;;
2022-08-19 13:00:00;317.0063240881118;;;;;;;
2022-08-19 14:00:00;325.8530810876533;;;;;;;
2022-08-19 15:00:00;255.7200371824537;;;;;;;
2022-08-19 16:00:00;267.7961637874963;;;;;;;
2022-08-19 17:00:00;206.7591455382535;;;;;;;
2022-08-19 18:00:00;335.4842103548342;;;;;;;
2022-08-19 19:00:00;253.0466882323234;;;;;;;
2022-08-19 20:00:00;315.434581340223;;;;;;;
2022-08-19 21:00:00;326.4954476363076;;;;;;;
2022-08-19 22:00:00;337.2290647805457;;;;;;;
2022-08-19 23:00:00;253.4267882981877;;;;;;;
2022-08-20 00:00:00;306.2613013977885;;;;;;;
2022-08-20 01:00:00;386.7730534052087;;;;;;;
2022-08-20 02:00:00;388.8159193014696;;;;;;;
2022-08-20 03:00:00;355.0888543997682;;;;;;;
2022-08-20 04:00:00;324.9415218890189;;;;;;;
2022-08-20 05:00:00;262.6547743100996;;;;;;;
2022-08-20 06:00:00;342.6230816908158;;;;;;;
2022-08-20 07:00:00;301.9532981496683;;;;;;;
2022-08-20 08:00:00;335.288712513843;;;;;;;
2022-08-20 09:00:00;279.9250376498802;;;;;;;
2022-08-20 10:00:00;301.261496356733;;;;;;;
2022-08-20 11:00:00;316.8995521564775;;;;;;;
2022-08-20 12:00:00;320.7098142866674;;;;;;;
2022-08-20 13:00:00;332.1894256323396;;;;;;;
2022-08-20 14:00:00;282.4139322609785;;;;;;;
2022-08-20 15:00:00;246.9657983874355;;;;;;;
2022-08-20 16:00:00;384.6624022043217;;;;;;;
2022-08-20 17:00:00;424.7674144034278;;;;;;;
2022-08-20 18:00:00;330.0413530836038;;;;;;;
2022-08-20 19:00:00;247.8608219365848;;;;;;;
2022-08-20 20:00:00;273.4137523689229;;;;;;;
2022-08-20 21:00:00;332.9036337056693;;;;;;;
2022-08-20 22:00:00;371.502226211975;;;;;;;
2022-08-20 23:00:00;253.0151128951362;;;;;;;
2022-08-21 00:00:00;303.51619260616;;;;;;;
2022-08-21 01:00:00;318.3741287647802;;;;;;;
2022-08-21 02:00:00;349.3944053689548;;;;;;;
2022-08-21 03:00:00;293.3437567268423;;;;;;;
2022-08-21 04:00:00;236.7348165791844;;;;;;;
2022-08-21 05:00:00;338.1033212721906;;;;;;;
2022-08-21 06:00:00;361.466584949704;;;;;;;
2022-08-21 07:00:00;305.452684795025;;;;;;;
2022-08-21 08:00:00;328.0844824233317;;;;;;;
2022-08-21 09:00:00;287.2714167378943;;;;;;;
2022-08-21 10:00:00;270.0466816907227;;;;;;;
2022-08-21 11:00:00;356.9029269404521;;;;;;;
2022-08-21 12:00:00;327.261279977189;;;;;;;
2022-08-21 13:00:00;332.0338193523683;;;;;;;
2022-08-21 14:00:00;378.9714210627416;;;;;;;
2022-08-21 15:00:00;260.3473920881816;;;;;;;
2022-08-21 16:00:00;283.6743609617421;;;;;;;
2022-08-21 17:00:00;316.6112677189435;;;;;;;
2022-08-21 18:00:00;283.1043359033915;;;;;;;
2022-08-21 19:00:00;345.6160992094874;;;;;;;
2022-08-21 20:00:00;300.5903752942947;;;;;;;
2022-08-21 21:00:00;263.2380960463735;;;;;;;
2022-08-21 22:00:00;312.335643614643;;;;;;;
2022-08-21 23:00:00;317.1867880964383;;;;;;;
2022-08-22 00:00:00;352.6466975609144;;;;;;;
2022-08-22 01:00:00;327.5231690433985;;;;;;;
2022-08-22 02:00:00;330.6781237346436;;;;;;;
2022-08-22 03:00:00;324.1435008471784;;;;;;;
2022-08-22 04:00:00;300.5521802090224;;;;;;;
2022-08-22 05:00:00;276.0570199738855;;;;;;;
2022-08-22 06:00:00;322.6842974644134;;;;;;;
2022-08-22 07:00:00;293.8297813502915;;;;;;;
2022-08-22 08:00:00;387.6796677990462;;;;;;;
2022-08-22 09:00:00;371.5517124654146;;;;;;;
2022-08-22 10:00:00;338.6434046683353;;;;;;;
2022-08-22 11:00:00;326.8424050003978;;;;;;;
2022-08-22 12:00:00;305.2036681158424;;;;;;;
2022-08-22 13:00:00;250.7774518027875;;;;;;;
2022-08-22 14:00:00;299.2555195150629;;;;;;;
2022-08-22 15:00:00;313.9885375038666;;;;;;;
2022-08-22 16:00:00;319.929414924517;;;;;;;
2022-08-22 17:00:00;331.0673569237742;;;;;;;
2022-08-22 18:00:00;352.0272691841065;;;;;;;
2022-08-22 19:00:00;277.1734610674447;;;;;;;
2022-08-22 20:00:00;277.5946350765656;;;;;;;
2022-08-22 21:00:00;376.5934049771744;;;;;;;
2022-08-22 22:00:00;345.0521990719728;;;;;;;
2022-08-22 23:00:00;291.1554225746702;;;;;;;
2022-08-23 00:00:00;304.3105113794408;;;;;;;
2022-08-23 01:00:00;304.5191494304925;;;;;;;
2022-08-23 02:00:00;310.7491285728897;;;;;;;
2022-08-23 03:00:00;331.2133418400604;;;;;;;
2022-08-23 04:00:00;426.8893481195357;;;;;;;
2022-08-23 05:00:00;318.087630813507;;;;;;;
2022-08-23 06:00:00;340.0240043250135;;;;;;;
2022-08-23 07:00:00;231.0442008742091;;;;;;;
2022-08-23 08:00:00;286.7885266413754;;;;;;;
2022-08-23 09:00:00;366.2923035660828;;;;;;;
2022-08-23 10:00:00;327.9487978474291;;;;;;;
2022-08-23 11:00:00;105.661672519605;;;;;;;
2022-08-23 12:00:00;340.5540427382144;;;;;;;
2022-08-23 13:00:00;398.2730474014501;;;;;;;
2022-08-23 14:00:00;216.688882915151;;;;;;;
2022-08-23 15:00:00;379.7727393618126;;;;;;;
2022-08-23 16:00:00;180.6859589893825;;;;;;;
2022-08-23 17:00:00;352.8005765079946;;;;;;;
2022-08-23 18:00:00;308.8830887611121;;;;;;;
2022-08-23 19:00:00;200.2629335238672;;;;;;;
2022-08-23 20:00:00;329.9818366992282;;;;;;;
2022-08-23 21:00:00;362.6748250580821;;;;;;;
2022-08-23 22:00:00;326.1660031830929;;;;;;;
2022-08-23 23:00:00;336.416024257036;;;;;;;
2022-08-24 00:00:00;290.185576367466;;;;;;;
2022-08-24 01:00:00;222.9295213225191;;;;;;;
2022-08-24 02:00:00;341.3817256252879;;;;;;;
2022-08-24 03:00:00;390.4600394707933;;;;;;;
2022-08-24 04:00:00;361.6885686244313;;;;;;;
2022-08-24 05:00:00;217.0614973698501;;;;;;;
2022-08-24 06:00:00;239.004358110464;;;;;;;
2022-08-24 07:00:00;270.0376375798168;;;;;;;
2022-08-24 08:00:00;235.3819717007961;;;;;;;
2022-08-24 09:00:00;311.3344088177893;;;;;;;
2022-08-24 10:00:00;327.5359224767133;;;;;;;
2022-08-24 11:00:00;242.931083999157;;;;;;;
2022-08-24 12:00:00;345.3373686533205;;;;;;;
2022-08-24 13:00:00;337.1711252400695;;;;;;;
2022-08-24 14:00:00;283.8537679811806;;;;;;;
2022-08-24 15:00:00;301.2805696203321;;;;;;;
2022-08-24 16:00:00;218.8278813963358;;;;;;;
2022-08-24 17:00:00;293.8698000938508;;;;;;;
2022-08-24 18:00:00;309.6269299321266;;;;;;;
2022-08-24 19:00:00;317.112969247574;;;;;;;
2022-08-24 20:00:00;326.8614247209075;;;;;;;
2022-08-24 21:00:00;320.615342698048;;;;;;;
2022-08-24 22:00:00;297.0207172704531;;;;;;;
2022-08-24 23:00:00;322.5616627157172;;;;;;;
2022-08-25 00:00:00;355.7712391898302;;;;;;;
2022-08-25 01:00:00;304.853912905082;;;;;;;
2022-08-25 02:00:00;324.0183894700798;;;;;;;
2022-08-25 03:00:00;300.6473528074677;;;;;;;
2022-08-25 04:00:00;279.2794625338653;;;;;;;
2022-08-25 05:00:00;333.5420938706798;;;;;;;
2022-08-25 06:00:00;283.5259195181758;;;;;;;
2022-08-25 07:00:00;327.1986987618043;;;;;;;
2022-08-25 08:00:00;310.5951629358458;;;;;;;
2022-08-25 09:00:00;295.1839868974611;;;;;;;
2022-08-25 10:00:00;294.0609064495756;;;;;;;
2022-08-25 11:00:00;285.7112429740505;;;;;;;
2022-08-25 12:00:00;232.9312466186706;;;;;;;
2022-08-25 13:00:00;327.0478388778505;;;;;;;
2022-08-25 14:00:00;320.0263918353863;;;;;;;
2022-08-25 15:00:00;348.7027745447911;;;;;;;
2022-08-25 16:00:00;284.6286283157237;;;;;;;
2022-08-25 17:00:00;397.2161871921372;;;;;;;
2022-08-25 18:00:00;291.6673651825145;;;;;;;
2022-08-25 19:00:00;268.6856676464011;;;;;;;
2022-08-25 20:00:00;263.1846465036271;;;;;;;
2022-08-25 21:00:00;228.8430693421969;;;;;;;
2022-08-25 22:00:00;380.386988079659;;;;;;;
2022-08-25 23:00:00;372.8917685625526;;;;;;;
2022-08-26 00:00:00;337.1544804330758;;;;;;;
2022-08-26 01:00:00;267.7123885977791;;;;;;;
2022-08-26 02:00:00;393.3138257968;;;;;;;
2022-08-26 03:00:00;292.9671380947091;;;;;;;
2022-08-26 04:00:00;296.8035006767115;;;;;;;
2022-08-26 05:00:00;375.9625763359689;;;;;;;
2022-08-26 06:00:00;339.8529283753908;;;;;;;
2022-08-26 07:00:00;411.3993250237294;;;;;;;
2022-08-26 08:00:00;320.8232057511482;;;;;;;
2022-08-26 09:00:00;290.8650112103371;;;;;;;
2022-08-26 10:00:00;280.9010726914047;;;;;;;
2022-08-26 11:00:00;223.5972775246208;;;;;;;
2022-08-26 12:00:00;296.3595257435848;;;;;;;
2022-08-26 13:00:00;362.3850375412903;;;;;;;
2022-08-26 14:00:00;337.0658245356563;;;;;;;
2022-08-26 15:00:00;310.2264636295106;;;;;;;
2022-08-26 16:00:00;263.1266777774821;;;;;;;
2022-08-26 17:00:00;319.8095615390951;;;;;;;
2022-08-26 18:00:00;356.2714313564592;;;;;;;
2022-08-26 19:00:00;329.2665283695454;;;;;;;
2022-08-26 20:00:00;317.0196074948967;;;;;;;
2022-08-26 21:00:00;272.3113453752723;;;;;;;
2022-08-26 22:00:00;349.5151822647207;;;;;;;
2022-08-26 23:00:00;163.986962930175;;;;;;;
2022-08-27 00:00:00;327.0455477167682;;;;;;;
2022-08-27 01:00:00;428.5283648833512;;;;;;;
2022-08-27 02:00:00;239.3068854917095;;;;;;;
2022-08-27 03:00:00;298.086553223717;;;;;;;
2022-08-27 04:00:00;308.9173096433514;;;;;;;
2022-08-27 05:00:00;287.8238796629612;;;;;;;
2022-08-27 06:00:00;357.3644670780967;;;;;;;
2022-08-27 07:00:00;331.2025751324617;;;;;;;
2022-08-27 08:00:00;316.3499390316467;;;;;;;
2022-08-27 09:00:00;346.27190688606;;;;;;;
2022-08-27 10:00:00;310.0614311785273;;;;;;;
2022-08-27 11:00:00;456.8066560227257;;;;;;;
2022-08-27 12:00:00;316.3057064766027;;;;;;;
2022-08-27 13:00:00;318.343975122913;;;;;;;
2022-08-27 14:00:00;229.9311789204593;;;;;;;
2022-08-27 15:00:00;284.0722215689767;;;;;;;
2022-08-27 16:00:00;362.5142105853167;;;;;;;
2022-08-27 17:00:00;247.3289415617962;;;;;;;
2022-08-27 18:00:00;209.1895304367129;;;;;;;
2022-08-27 19:00:00;310.7835217118984;;;;;;;
2022-08-27 20:00:00;372.8767891514946;;;;;;;
2022-08-27 21:00:00;311.2504988589978;;;;;;;
2022-08-27 22:00:00;293.6906109795884;;;;;;;
2022-08-27 23:00:00;223.0641443200513;;;;;;;
2022-08-28 00:00:00;330.2655878429871;;;;;;;
2022-08-28 01:00:00;339.9626249241737;;;;;;;
2022-08-28 02:00:00;226.6250323833659;;;;;;;
2022-08-28 03:00:00;361.9182862047642;;;;;;;
2022-08-28 04:00:00;344.8069645968119;;;;;;;
2022-08-28 05:00:00;361.8154566146894;;;;;;;
2022-08-28 06:00:00;336.3555957345711;;;;;;;
2022-08-28 07:00:00;339.6103933785478;;;;;;;
2022-08-28 08:00:00;333.441942896266;;;;;;;
2022-08-28 09:00:00;349.5750523200443;;;;;;;
2022-08-28 10:00:00;224.907332056177;;;;;;;
2022-08-28 11:00:00;239.6461991732449;;;;;;;
2022-08-28 12:00:00;275.1389658291602;;;;;;;
2022-08-28 13:00:00;303.2616198697726;;;;;;;
2022-08-28 14:00:00;327.2910211670476;;;;;;;
2022-08-28 15:00:00;324.3471631449465;;;;;;;
2022-08-28 16:00:00;361.1098183536845;;;;;;;
2022-08-28 17:00:00;362.5660597874542;;;;;;;
2022-08-28 18:00:00;268.8120659892122;;;;;;;
2022-08-28 19:00:00;320.3524989710152;;;;;;;
2022-08-28 20:00:00;269.9511706872228;;;;;;;
2022-08-28 21:00:00;300.5510427976067;;;;;;;
2022-08-28 22:00:00;324.2130752077295;;;;;;;
2022-08-28 23:00:00;151.1451411994002;;;;;;;
2022-08-29 00:00:00;421.1483179138193;;;;;;;
2022-08-29 01:00:00;335.5615199409666;;;;;;;
2022-08-29 02:00:00;281.6480689291772;;;;;;;
2022-08-29 03:00:00;398.7001084575146;;;;;;;
2022-08-29 04:00:00;293.1660693543611;;;;;;;
2022-08-29 05:00:00;315.4322466734584;;;;;;;
2022-08-29 06:00:00;286.6857289940808;;;;;;;
2022-08-29 07:00:00;385.924597591783;;;;;;;
2022-08-29 08:00:00;304.4138028777543;;;;;;;
2022-08-29 09:00:00;316.2192847243925;;;;;;;
2022-08-29 10:00:00;365.1309633765723;;;;;;;
2022-08-29 11:00:00;336.430490431227;;;;;;;
2022-08-29 12:00:00;306.7629707583657;;;;;;;
2022-08-29 13:00:00;360.7982991855725;;;;;;;
2022-08-29 14:00:00;427.0512808846733;;;;;;;
2022-08-29 15:00:00;324.0098327157615;;;;;;;
2022-08-29 16:00:00;314.7011311073131;;;;;;;
2022-08-29 17:00:00;317.2001636913146;;;;;;;
2022-08-29 18:00:00;370.0786162662724;;;;;;;
2022-08-29 19:00:00;281.4859516933516;;;;;;;
2022-08-29 20:00:00;296.3724327858085;;;;;;;
2022-08-29 21:00:00;237.9582715376348;;;;;;;
2022-08-29 22:00:00;254.3615561421692;;;;;;;
2022-08-29 23:00:00;285.2622080549669;;;;;;;
2022-08-30 00:00:00;306.6892561376488;;;;;;;
2022-08-30 01:00:00;391.3567818185558;;;;;;;
2022-08-30 02:00:00;334.1504470692461;;;;;;;
2022-08-30 03:00:00;266.9705839586427;;;;;;;
2022-08-30 04:00:00;275.511378861233;;;;;;;
2022-08-30 05:00:00;373.0625534687139;;;;;;;
2022-08-30 06:00:00;361.5507590031938;;;;;;;
2022-08-30 07:00:00;310.5902703075116;;;;;;;
2022-08-30 08:00:00;288.754346784198;;;;;;;
2022-08-30 09:00:00;361.4729347362111;;;;;;;
2022-08-30 10:00:00;263.2012454738828;;;;;;;
2022-08-30 11:00:00;327.4716497714231;;;;;;;
2022-08-30 12:00:00;414.7189904996395;;;;;;;
2022-08-30 13:00:00;318.8113153506241;;;;;;;
2022-08-30 14:00:00;273.3017437025703;;;;;;;
2022-08-30 15:00:00;328.3224122862184;;;;;;;
2022-08-30 16:00:00;287.47937226654;;;;;;;
2022-08-30 17:00:00;244.6075955167149;;;;;;;
2022-08-30 18:00:00;341.8072392050974;;;;;;;
2022-08-30 19:00:00;361.1436195312006;;;;;;;
2022-08-30 20:00:00;294.8605375604492;;;;;;;
2022-08-30 21:00:00;291.7833595031922;;;;;;;
2022-08-30 22:00:00;264.6747565003653;;;;;;;
2022-08-30 23:00:00;302.3284118580162;;;;;;;
2022-08-31 00:00:00;283.19456286972;;;;;;;
2022-08-31 01:00:00;262.3798376583689;;;;;;;
2022-08-31 02:00:00;397.0670443350477;;;;;;;
2022-08-31 03:00:00;330.9261585669479;;;;;;;
2022-08-31 04:00:00;335.8392463113275;;;;;;;
2022-08-31 05:00:00;350.2675668589216;;;;;;;
2022-08-31 06:00:00;345.0547333894555;;;;;;;
2022-08-31 07:00:00;290.1190567115194;;;;;;;
2022-08-31 08:00:00;321.9287593824901;;;;;;;
2022-08-31 09:00:00;296.8032848101416;;;;;;;
2022-08-31 10:00:00;329.625810124035;;;;;;;
2022-08-31 11:00:00;325.136266495344;;;;;;;
2022-08-31 12:00:00;291.5316985575625;;;;;;;
2022-08-31 13:00:00;247.6146334016864;;;;;;;
2022-08-31 14:00:00;316.0686457648505;;;;;;;
2022-08-31 15:00:00;299.8077189365766;;;;;;;
2022-08-31 16:00:00;221.5849467441769;;;;;;;
2022-08-31 17:00:00;332.8360952808724;;;;;;;
2022-08-31 18:00:00;354.0690984444614;;;;;;;
2022-08-31 19:00:00;426.5814739386437;;;;;;;
2022-08-31 20:00:00;291.1356332715643;;;;;;;
2022-08-31 21:00:00;284.292049920049;;;;;;;
2022-08-31 22:00:00;257.8153418390884;;;;;;;
2022-08-31 23:00:00;318.9637719955356;;;;;;;
2022-09-01 00:00:00;318.6703976031272;;;;;;;
2022-09-01 01:00:00;271.6461359683361;;;;;;;
2022-09-01 02:00:00;301.1688609473475;;;;;;;
2022-09-01 03:00:00;217.4887812085391;;;;;;;
2022-09-01 04:00:00;352.2613920008882;;;;;;;
2022-09-01 05:00:00;273.5304696455997;;;;;;;
2022-09-01 06:00:00;307.6765215057549;;;;;;;
2022-09-01 07:00:00;243.0962354220419;;;;;;;
2022-09-01 08:00:00;282.2673957493786;;;;;;;
2022-09-01 09:00:00;296.3133473964057;;;;;;;
2022-09-01 10:00:00;308.760509134141;;;;;;;
2022-09-01 11:00:00;331.5403832545804;;;;;;;
2022-09-01 12:00:00;376.0468255266294;;;;;;;
2022-09-01 13:00:00;343.2767224355197;;;;;;;
2022-09-01 14:00:00;353.921682599191;;;;;;;
2022-09-01 15:00:00;376.3729206783306;;;;;;;
2022-09-01 16:00:00;335.7145787573335;;;;;;;
2022-09-01 17:00:00;307.5813774119639;;;;;;;
2022-09-01 18:00:00;356.0996951004629;;;;;;;
2022-09-01 19:00:00;359.0640637589738;;;;;;;
2022-09-01 20:00:00;339.3730081894672;;;;;;;
2022-09-01 21:00:00;241.8002950338718;;;;;;;
2022-09-01 22:00:00;270.2467565567932;;;;;;;
2022-09-01 23:00:00;296.5331116668293;;;;;;;
2022-09-02 00:00:00;345.4530051803027;;;;;;;
2022-09-02 01:00:00;308.294004514666;;;;;;;
2022-09-02 02:00:00;362.0266680021885;;;;;;;
2022-09-02 03:00:00;370.3016316604479;;;;;;;
2022-09-02 04:00:00;364.9170151269313;;;;;;;
2022-09-02 05:00:00;365.2125407406118;;;;;;;
2022-09-02 06:00:00;261.1754280065597;;;;;;;
2022-09-02 07:00:00;331.6750603669665;;;;;;;
2022-09-02 08:00:00;281.099440348528;;;;;;;
2022-09-02 09:00:00;232.7797672332869;;;;;;;
2022-09-02 10:00:00;295.9477743241457;;;;;;;
2022-09-02 11:00:00;370.7423774473721;;;;;;;
2022-09-02 12:00:00;330.6593634179684;;;;;;;
2022-09-02 13:00:00;402.8958417646204;;;;;;;
2022-09-02 14:00:00;317.506497207532;;;;;;;
2022-09-02 15:00:00;422.8443734693995;;;;;;;
2022-09-02 16:00:00;317.520001191123;;;;;;;
2022-09-02 17:00:00;310.3272418964325;;;;;;;
2022-09-02 18:00:00;249.9300271480856;;;;;;;
2022-09-02 19:00:00;360.8062679549695;;;;;;;
2022-09-02 20:00:00;285.9894069589937;;;;;;;
2022-09-02 21:00:00;279.2660679125817;;;;;;;
2022-09-02 22:00:00;368.7240002506164;;;;;;;
2022-09-02 23:00:00;363.0173382519121;;;;;;;
2022-09-03 00:00:00;361.8031822641694;;;;;;;
2022-09-03 01:00:00;292.4813155568661;;;;;;;
2022-09-03 02:00:00;306.9194160387307;;;;;;;
2022-09-03 03:00:00;306.5075174088789;;;;;;;
2022-09-03 04:00:00;345.5874121020558;;;;;;;
2022-09-03 05:00:00;381.3583005680482;;;;;;;
2022-09-03 06:00:00;326.3636150516668;;;;;;;
2022-09-03 07:00:00;400.9047488087537;;;;;;;
2022-09-03 08:00:00;350.9075464404095;;;;;;;
2022-09-03 09:00:00;298.3913557332706;;;;;;;
2022-09-03 10:00:00;347.7304381605228;;;;;;;
2022-09-03 11:00:00;388.4274086490923;;;;;;;
2022-09-03 12:00:00;401.9902392588663;;;;;;;
2022-09-03 13:00:00;364.3473540432014;;;;;;;
2022-09-03 14:00:00;310.4754273218672;;;;;;;
2022-09-03 15:00:00;299.231347519514;;;;;;;
2022-09-03 16:00:00;336.0097112506436;;;;;;;
2022-09-03 17:00:00;386.9444313031878;;;;;;;
2022-09-03 18:00:00;329.4080197181277;;;;;;;
2022-09-03 19:00:00;330.3712586587933;;;;;;;
2022-09-03 20:00:00;311.6688039995067;;;;;;;
2022-09-03 21:00:00;294.0725867041367;;;;;;;
2022-09-03 22:00:00;301.7624722951837;;;;;;;
2022-09-03 23:00:00;315.5670915177316;;;;;;;
2022-09-04 00:00:00;388.9915301468892;;;;;;;
2022-09-04 01:00:00;298.163364425854;;;;;;;
2022-09-04 02:00:00;311.7251349547842;;;;;;;
2022-09-04 03:00:00;269.1371600539234;;;;;;;
2022-09-04 04:00:00;342.5307343911889;;;;;;;
2022-09-04 05:00:00;372.6881877846118;;;;;;;
2022-09-04 06:00:00;384.6490785167531;;;;;;;
2022-09-04 07:00:00;318.7189402786021;;;;;;;
2022-09-04 08:00:00;335.9301376394845;;;;;;;
2022-09-04 09:00:00;302.1607153456827;;;;;;;
2022-09-04 10:00:00;333.7805062826055;;;;;;;
2022-09-04 11:00:00;323.8499962965138;;;;;;;
2022-09-04 12:00:00;311.9873606463805;;;;;;;
2022-09-04 13:00:00;315.6750800111934;;;;;;;
2022-09-04 14:00:00;330.2501929386823;;;;;;;
2022-09-04 15:00:00;295.6378109942121;;;;;;;
2022-09-04 16:00:00;298.0342530573831;;;;;;;
2022-09-04 17:00:00;388.4933666990738;;;;;;;
2022-09-04 18:00:00;435.0337641393312;;;;;;;
2022-09-04 19:00:00;253.4105492615815;;;;;;;
2022-09-04 20:00:00;250.8541169052205;;;;;;;
2022-09-04 21:00:00;264.8794669978979;;;;;;;
2022-09-04 22:00:00;304.4924983217875;;;;;;;
2022-09-04 23:00:00;350.8419515505462;;;;;;;
2022-09-05 00:00:00;336.7141111710412;;;;;;;
2022-09-05 01:00:00;317.2653014357043;;;;;;;
2022-09-05 02:00:00;333.8230421830141;;;;;;;
2022-09-05 03:00:00;277.1766118271404;;;;;;;
2022-09-05 04:00:00;297.9588195543373;;;;;;;
2022-09-05 05:00:00;308.3520821114173;;;;;;;
2022-09-05 06:00:00;235.7883301214189;;;;;;;
2022-09-05 07:00:00;255.408065630457;;;;;;;
2022-09-05 08:00:00;257.2519016958561;;;;;;;
2022-09-05 09:00:00;344.7333254438517;;;;;;;
2022-09-05 10:00:00;320.6669872418619;;;;;;;
2022-09-05 11:00:00;337.633068717354;;;;;;;
2022-09-05 12:00:00;223.9378546485914;;;;;;;
2022-09-05 13:00:00;240.4577340575483;;;;;;;
2022-09-05 14:00:00;340.0526420350004;;;;;;;
2022-09-05 15:00:00;180.3744782370946;;;;;;;
2022-09-05 16:00:00;366.0981204046312;;;;;;;
2022-09-05 17:00:00;224.6958106036152;;;;;;;
2022-09-05 18:00:00;348.4093243191982;;;;;;;
2022-09-05 19:00:00;268.060527520703;;;;;;;
2022-09-05 20:00:00;357.9457424933174;;;;;;;
2022-09-05 21:00:00;458.1194021177721;;;;;;;
2022-09-05 22:00:00;203.8255913035766;;;;;;;
2022-09-05 23:00:00;341.5447088218344;;;;;;;
2022-09-06 00:00:00;225.3988647401941;;;;;;;
2022-09-06 01:00:00;329.0832619022432;;;;;;;
2022-09-06 02:00:00;299.6916131811644;;;;;;;
2022-09-06 03:00:00;315.3052670555708;;;;;;;
2022-09-06 04:00:00;266.9887807261994;;;;;;;
2022-09-06 05:00:00;345.4956905344987;;;;;;;
2022-09-06 06:00:00;242.091165760593;;;;;;;
2022-09-06 07:00:00;366.8871621720181;;;;;;;
2022-09-06 08:00:00;290.2981159192809;;;;;;;
2022-09-06 09:00:00;244.2097862757138;;;;;;;
2022-09-06 10:00:00;383.2776643936866;;;;;;;
2022-09-06 11:00:00;306.1601174236724;;;;;;;
2022-09-06 12:00:00;397.784605921909;;;;;;;
2022-09-06 13:00:00;365.946266676214;;;;;;;
2022-09-06 14:00:00;272.2562285197303;;;;;;;
2022-09-06 15:00:00;305.3414194886124;;;;;;;
2022-09-06 16:00:00;314.899591980564;;;;;;;
2022-09-06 17:00:00;380.0935688497751;;;;;;;
2022-09-06 18:00:00;329.5819267887705;;;;;;;
2022-09-06 19:00:00;317.4630029784446;;;;;;;
2022-09-06 20:00:00;300.0113780558622;;;;;;;
2022-09-06 21:00:00;306.9388466460946;;;;;;;
2022-09-06 22:00:00;369.8078031185925;;;;;;;
2022-09-06 23:00:00;309.4562224612864;;;;;;;
2022-09-07 00:00:00;290.9593519724895;;;;;;;
2022-09-07 01:00:00;283.0953390767541;;;;;;;
2022-09-07 02:00:00;283.5936894502572;;;;;;;
2022-09-07 03:00:00;244.2373751188626;;;;;;;
2022-09-07 04:00:00;274.4724237177301;;;;;;;
2022-09-07 05:00:00;378.8000061498781;;;;;;;
2022-09-07 06:00:00;299.6996346084946;;;;;;;
2022-09-07 07:00:00;341.9638441622386;;;;;;;
2022-09-07 08:00:00;194.2882422826315;;;;;;;
2022-09-07 09:00:00;335.649788058;;;;;;;
2022-09-07 10:00:00;301.7987421730915;;;;;;;
2022-09-07 11:00:00;286.9490438072348;;;;;;;
2022-09-07 12:00:00;317.6795330706505;;;;;;;
2022-09-07 13:00:00;286.2816748496187;;;;;;;
2022-09-07 14:00:00;210.7521394167701;;;;;;;
2022-09-07 15:00:00;352.0698457259073;;;;;;;
2022-09-07 16:00:00;320.5585496586291;;;;;;;
2022-09-07 17:00:00;294.7196995627415;;;;;;;
2022-09-07 18:00:00;264.4604233493694;;;;;;;
2022-09-07 19:00:00;241.093738756085;;;;;;;
2022-09-07 20:00:00;319.6712970218708;;;;;;;
2022-09-07 21:00:00;384.1361203066764;;;;;;;
2022-09-07 22:00:00;318.7097523095115;;;;;;;
2022-09-07 23:00:00;245.1343486702383;;;;;;;
2022-09-08 00:00:00;319.7280825497617;;;;;;;
2022-09-08 01:00:00;306.8096001430369;;;;;;;
2022-09-08 02:00:00;349.3695934110551;;;;;;;
2022-09-08 03:00:00;337.4322802845245;;;;;;;
2022-09-08 04:00:00;170.764106971478;;;;;;;
2022-09-08 05:00:00;334.5795512065883;;;;;;;
2022-09-08 06:00:00;262.7302541903313;;;;;;;
2022-09-08 07:00:00;243.3265600677744;;;;;;;
2022-09-08 08:00:00;300.5405408001175;;;;;;;
2022-09-08 09:00:00;328.3503595124888;;;;;;;
2022-09-08 10:00:00;233.166297838013;;;;;;;
2022-09-08 11:00:00;341.9714872815103;;;;;;;
2022-09-08 12:00:00;344.6976320466798;;;;;;;
2022-09-08 13:00:00;311.4636715745748;;;;;;;
2022-09-08 14:00:00;269.0329635661403;;;;;;;
2022-09-08 15:00:00;263.8483822085583;;;;;;;
2022-09-08 16:00:00;356.8800298968501;;;;;;;
2022-09-08 17:00:00;239.1746989579356;;;;;;;
2022-09-08 18:00:00;358.6679250479798;;;;;;;
2022-09-08 19:00:00;301.6202949504791;;;;;;;
2022-09-08 20:00:00;304.8383051965554;;;;;;;
2022-09-08 21:00:00;230.0416093896997;;;;;;;
2022-09-08 22:00:00;302.4777484165631;;;;;;;
2022-09-08 23:00:00;337.7501784186198;;;;;;;
2022-09-09 00:00:00;247.2847183501606;;;;;;;
2022-09-09 01:00:00;332.4173598014208;;;;;;;
2022-09-09 02:00:00;313.4138355968776;;;;;;;
2022-09-09 03:00:00;279.4187936970594;;;;;;;
2022-09-09 04:00:00;348.9348692646111;;;;;;;
2022-09-09 05:00:00;207.1157978655825;;;;;;;
2022-09-09 06:00:00;325.3677594441889;;;;;;;
2022-09-09 07:00:00;384.4142070187594;;;;;;;
2022-09-09 08:00:00;376.0870969253802;;;;;;;
2022-09-09 09:00:00;327.3684874825432;;;;;;;
2022-09-09 10:00:00;295.2885513053307;;;;;;;
2022-09-09 11:00:00;279.7877570858914;;;;;;;
2022-09-09 12:00:00;295.2307916336846;;;;;;;
2022-09-09 13:00:00;334.5129797739923;;;;;;;
2022-09-09 14:00:00;271.8341435357951;;;;;;;
2022-09-09 15:00:00;344.4232181647834;;;;;;;
2022-09-09 16:00:00;408.2472869204933;;;;;;;
2022-09-09 17:00:00;306.4133942676344;;;;;;;
2022-09-09 18:00:00;246.914286256068;;;;;;;
2022-09-09 19:00:00;246.8980514720382;;;;;;;
2022-09-09 20:00:00;345.3112538807292;;;;;;;
2022-09-09 21:00:00;306.5125379626008;;;;;;;
2022-09-09 22:00:00;349.9628287293077;;;;;;;
2022-09-09 23:00:00;284.5276154291537;;;;;;;
2022-09-10 00:00:00;347.8191474643317;;;;;;;
2022-09-10 01:00:00;301.9404035588445;;;;;;;
2022-09-10 02:00:00;275.301518471416;;;;;;;
2022-09-10 03:00:00;290.6809400638888;;;;;;;
2022-09-10 04:00:00;253.7497998213017;;;;;;;
2022-09-10 05:00:00;401.575979597237;;;;;;;
2022-09-10 06:00:00;304.8129138546051;;;;;;;
2022-09-10 07:00:00;339.1850368102916;;;;;;;
2022-09-10 08:00:00;284.377540607116;;;;;;;
2022-09-10 09:00:00;260.482604033828;;;;;;;
2022-09-10 10:00:00;298.4339851581545;;;;;;;
2022-09-10 11:00:00;360.3715592419379;;;;;;;
2022-09-10 12:00:00;285.1261946131561;;;;;;;
2022-09-10 13:00:00;268.8980378555428;;;;;;;
2022-09-10 14:00:00;316.49671942407;;;;;;;
2022-09-10 15:00:00;332.4353013910567;;;;;;;
2022-09-10 16:00:00;385.5003985914964;;;;;;;
2022-09-10 17:00:00;325.6957429238237;;;;;;;
2022-09-10 18:00:00;339.160847212583;;;;;;;
2022-09-10 19:00:00;342.6534044605615;;;;;;;
2022-09-10 20:00:00;255.7928844261476;;;;;;;
2022-09-10 21:00:00;264.5927955668802;;;;;;;
2022-09-10 22:00:00;258.9995021613292;;;;;;;
2022-09-10 23:00:00;247.4825520119418;;;;;;;
2022-09-11 00:00:00;346.1878115682742;;;;;;;
2022-09-11 01:00:00;322.7405132921631;;;;;;;
2022-09-11 02:00:00;312.972354314613;;;;;;;
2022-09-11 03:00:00;189.0013362081037;;;;;;;
2022-09-11 04:00:00;404.6433362386991;;;;;;;
2022-09-11 05:00:00;267.7966749290985;;;;;;;
2022-09-11 06:00:00;404.4733488120625;;;;;;;
2022-09-11 07:00:00;242.0501712365497;;;;;;;
2022-09-11 08:00:00;271.5948802678461;;;;;;;
2022-09-11 09:00:00;207.0883049545087;;;;;;;
2022-09-11 10:00:00;326.0842580435653;;;;;;;
2022-09-11 11:00:00;258.1941011443042;;;;;;;
2022-09-11 12:00:00;259.5050027428089;;;;;;;
2022-09-11 13:00:00;245.6097521794408;;;;;;;
2022-09-11 14:00:00;345.3478813880326;;;;;;;
2022-09-11 15:00:00;342.2910043292983;;;;;;;
2022-09-11 16:00:00;393.3493722855039;;;;;;;
2022-09-11 17:00:00;277.4725753759292;;;;;;;
2022-09-11 18:00:00;319.4359315285664;;;;;;;
2022-09-11 19:00:00;249.4686471825113;;;;;;;
2022-09-11 20:00:00;293.7409739055807;;;;;;;
2022-09-11 21:00:00;285.213713328806;;;;;;;
2022-09-11 22:00:00;330.8313849162228;;;;;;;
2022-09-11 23:00:00;356.4666563161374;;;;;;;
2022-09-12 00:00:00;355.2625297693759;;;;;;;
2022-09-12 01:00:00;270.1840281699785;;;;;;;
2022-09-12 02:00:00;355.6058916771599;;;;;;;
2022-09-12 03:00:00;307.239095167932;;;;;;;
2022-09-12 04:00:00;294.2254118225939;;;;;;;
2022-09-12 05:00:00;276.414597261815;;;;;;;
2022-09-12 06:00:00;283.307417095109;;;;;;;
2022-09-12 07:00:00;390.1148747698184;;;;;;;
2022-09-12 08:00:00;323.5459209723176;;;;;;;
2022-09-12 09:00:00;317.3850274403129;;;;;;;
2022-09-12 10:00:00;297.1179951719558;;;;;;;
2022-09-12 11:00:00;422.7597466841162;;;;;;;
2022-09-12 12:00:00;369.8272139495817;;;;;;;
2022-09-12 13:00:00;275.8323403930826;;;;;;;
2022-09-12 14:00:00;296.5905944463235;;;;;;;
2022-09-12 15:00:00;299.344949692901;;;;;;;
2022-09-12 16:00:00;316.051708797944;;;;;;;
2022-09-12 17:00:00;276.7525906307185;;;;;;;
2022-09-12 18:00:00;329.6421820239457;;;;;;;
2022-09-12 19:00:00;376.650535310342;;;;;;;
2022-09-12 20:00:00;248.3416346804613;;;;;;;
2022-09-12 21:00:00;256.9466067177893;;;;;;;
2022-09-12 22:00:00;286.8693165378422;;;;;;;
2022-09-12 23:00:00;289.020218663805;;;;;;;
2022-09-13 00:00:00;401.9984457195717;;;;;;;
2022-09-13 01:00:00;355.7562648818835;;;;;;;
2022-09-13 02:00:00;353.0939361074668;;;;;;;
2022-09-13 03:00:00;297.0196968062701;;;;;;;
2022-09-13 04:00:00;296.0014842652797;;;;;;;
2022-09-13 05:00:00;241.9358628543658;;;;;;;
2022-09-13 06:00:00;345.5513208196166;;;;;;;
2022-09-13 07:00:00;332.0656449598835;;;;;;;
2022-09-13 08:00:00;368.9451447686042;;;;;;;
2022-09-13 09:00:00;299.5033727004848;;;;;;;
2022-09-13 10:00:00;302.7068113715048;;;;;;;
2022-09-13 11:00:00;317.1731838120712;;;;;;;
2022-09-13 12:00:00;350.6618118884586;;;;;;;
2022-09-13 13:00:00;241.0771252708518;;;;;;;
2022-09-13 14:00:00;343.4319147033533;;;;;;;
2022-09-13 15:00:00;308.3334780194027;;;;;;;
2022-09-13 16:00:00;260.1713350670527;;;;;;;
2022-09-13 17:00:00;212.5739400779188;;;;;;;
2022-09-13 18:00:00;302.9529445196287;;;;;;;
2022-09-13 19:00:00;376.4475605727931;;;;;;;
2022-09-13 20:00:00;386.9773780383831;;;;;;;
2022-09-13 21:00:00;325.7711649503961;;;;;;;
2022-09-13 22:00:00;400.3069599813168;;;;;;;
2022-09-13 23:00:00;307.2921708696993;;;;;;;
2022-09-14 00:00:00;353.5105977375455;;;;;;;
2022-09-14 01:00:00;288.3505255330014;;;;;;;
2022-09-14 02:00:00;285.4107185030991;;;;;;;
2022-09-14 03:00:00;277.8528793041553;;;;;;;
2022-09-14 04:00:00;213.6909268469724;;;;;;;
2022-09-14 05:00:00;368.9959398596326;;;;;;;
2022-09-14 06:00:00;279.517293393748;;;;;;;
2022-09-14 07:00:00;272.1034540511629;;;;;;;
2022-09-14 08:00:00;254.5423102979458;;;;;;;
2022-09-14 09:00:00;299.8035459768355;;;;;;;
2022-09-14 10:00:00;391.0973998167428;;;;;;;
2022-09-14 11:00:00;406.420267088911;;;;;;;
2022-09-14 12:00:00;232.232308726217;;;;;;;
2022-09-14 13:00:00;292.8405402378219;;;;;;;
2022-09-14 14:00:00;261.2977252700789;;;;;;;
2022-09-14 15:00:00;355.135926569663;;;;;;;
2022-09-14 16:00:00;322.5801550451783;;;;;;;
2022-09-14 17:00:00;279.7521845564124;;;;;;;
2022-09-14 18:00:00;312.6511788228803;;;;;;;
2022-09-14 19:00:00;287.1356072715527;;;;;;;
2022-09-14 20:00:00;384.1734726120408;;;;;;;
2022-09-14 21:00:00;334.6592217925518;;;;;;;
2022-09-14 22:00:00;340.3592037571606;;;;;;;
2022-09-14 23:00:00;185.5589570516568;;;;;;;
2022-09-15 00:00:00;306.1858177436621;;;;;;;
2022-09-15 01:00:00;405.9299946039571;;;;;;;
2022-09-15 02:00:00;370.8069608575157;;;;;;;
2022-09-15 03:00:00;223.5929440462849;;;;;;;
2022-09-15 04:00:00;294.743667028428;;;;;;;
2022-09-15 05:00:00;253.5426515208489;;;;;;;
2022-09-15 06:00:00;388.666854173203;;;;;;;
2022-09-15 07:00:00;320.6170378411243;;;;;;;
2022-09-15 08:00:00;273.6642521225042;;;;;;;
2022-09-15 09:00:00;310.8689988836247;;;;;;;
2022-09-15 10:00:00;188.321729670408;;;;;;;
2022-09-15 11:00:00;258.9500933484004;;;;;;;
2022-09-15 12:00:00;310.9750423770901;;;;;;;
2022-09-15 13:00:00;348.5174412969482;;;;;;;
2022-09-15 14:00:00;219.2216183559055;;;;;;;
2022-09-15 15:00:00;291.6015173201749;;;;;;;
2022-09-15 16:00:00;356.1263166988095;;;;;;;
2022-09-15 17:00:00;241.9475579488532;;;;;;;
2022-09-15 18:00:00;319.9167200560106;;;;;;;
2022-09-15 19:00:00;312.3450533389066;;;;;;;
2022-09-15 20:00:00;388.8189645321697;;;;;;;
2022-09-15 21:00:00;298.6076939769428;;;;;;;
2022-09-15 22:00:00;301.323315231541;;;;;;;
2022-09-15 23:00:00;348.948168490744;;;;;;;
2022-09-16 00:00:00;247.7514942595955;;;;;;;
2022-09-16 01:00:00;299.0369645273838;;;;;;;
2022-09-16 02:00:00;288.1420313150836;;;;;;;
2022-09-16 03:00:00;302.8398345656637;;;;;;;
2022-09-16 04:00:00;348.6441433542697;;;;;;;
2022-09-16 05:00:00;334.9933402562762;;;;;;;
2022-09-16 06:00:00;274.5509664617755;;;;;;;
2022-09-16 07:00:00;315.6261594762945;;;;;;;
2022-09-16 08:00:00;378.4298549113814;;;;;;;
2022-09-16 09:00:00;270.71506502392;;;;;;;
2022-09-16 10:00:00;316.0189928005169;;;;;;;
2022-09-16 11:00:00;300.3230860912802;;;;;;;
2022-09-16 12:00:00;306.361351889811;;;;;;;
2022-09-16 13:00:00;233.6337959990877;;;;;;;
2022-09-16 14:00:00;374.7333462384112;;;;;;;
2022-09-16 15:00:00;273.3600860936497;;;;;;;
2022-09-16 16:00:00;356.8865173785882;;;;;;;
2022-09-16 17:00:00;280.4570150398076;;;;;;;
2022-09-16 18:00:00;280.2655041537448;;;;;;;
2022-09-16 19:00:00;365.5643216240378;;;;;;;
2022-09-16 20:00:00;355.3932601994786;;;;;;;
2022-09-16 21:00:00;318.9648850700797;;;;;;;
2022-09-16 22:00:00;344.5961111201239;;;;;;;
2022-09-16 23:00:00;295.8975937996859;;;;;;;
2022-09-17 00:00:00;308.8961250160842;;;;;;;
2022-09-17 01:00:00;278.5898137359976;;;;;;;
2022-09-17 02:00:00;351.2262885805305;;;;;;;
2022-09-17 03:00:00;277.1150406856351;;;;;;;
2022-09-17 04:00:00;378.1846572784024;;;;;;;
2022-09-17 05:00:00;294.6319379604757;;;;;;;
2022-09-17 06:00:00;310.2357680210102;;;;;;;
2022-09-17 07:00:00;344.4837235773882;;;;;;;
2022-09-17 08:00:00;310.3914551223044;;;;;;;
2022-09-17 09:00:00;295.4635658006305;;;;;;;
2022-09-17 10:00:00;307.8914541728872;;;;;;;
2022-09-17 11:00:00;350.7509218688517;;;;;;;
2022-09-17 12:00:00;278.532851465917;;;;;;;
2022-09-17 13:00:00;303.427852355241;;;;;;;
2022-09-17 14:00:00;309.7615499478691;;;;;;;
2022-09-17 15:00:00;349.3947182521912;;;;;;;
2022-09-17 16:00:00;304.6522301194392;;;;;;;
2022-09-17 17:00:00;393.176105181383;;;;;;;
2022-09-17 18:00:00;302.0220822574079;;;;;;;
2022-09-17 19:00:00;298.257548002522;;;;;;;
2022-09-17 20:00:00;301.3496883737619;;;;;;;
2022-09-17 21:00:00;248.2018388018047;;;;;;;
2022-09-17 22:00:00;261.1878175297687;;;;;;;
2022-09-17 23:00:00;284.6652790908616;;;;;;;
2022-09-18 00:00:00;361.9784760336507;;;;;;;
2022-09-18 01:00:00;307.7475158065399;;;;;;;
2022-09-18 02:00:00;286.8003940275344;;;;;;;
2022-09-18 03:00:00;366.186516400141;;;;;;;
2022-09-18 04:00:00;381.2475364687681;;;;;;;
2022-09-18 05:00:00;367.5248383078794;;;;;;;
2022-09-18 06:00:00;269.7072172888014;;;;;;;
2022-09-18 07:00:00;286.3084264102241;;;;;;;
2022-09-18 08:00:00;393.4283408879933;;;;;;;
2022-09-18 09:00:00;320.4714303265679;;;;;;;
2022-09-18 10:00:00;296.8683931510191;;;;;;;
2022-09-18 11:00:00;342.6103856903414;;;;;;;
2022-09-18 12:00:00;356.0155927032487;;;;;;;
2022-09-18 13:00:00;282.7732625092374;;;;;;;
2022-09-18 14:00:00;319.4647222295325;;;;;;;
2022-09-18 15:00:00;352.2698967653574;;;;;;;
2022-09-18 16:00:00;255.455528035739;;;;;;;
2022-09-18 17:00:00;309.8570598886397;;;;;;;
2022-09-18 18:00:00;257.5848342781672;;;;;;;
2022-09-18 19:00:00;263.6534174413655;;;;;;;
2022-09-18 20:00:00;283.160617621532;;;;;;;
2022-09-18 21:00:00;331.4191603019963;;;;;;;
2022-09-18 22:00:00;294.3448388979434;;;;;;;
2022-09-18 23:00:00;279.2024874581294;;;;;;;
2022-09-19 00:00:00;311.6760741453807;;;;;;;
2022-09-19 01:00:00;256.0736830584435;;;;;;;
2022-09-19 02:00:00;329.177638263138;;;;;;;
2022-09-19 03:00:00;361.7723494664953;;;;;;;
2022-09-19 04:00:00;305.6098362145635;;;;;;;
2022-09-19 05:00:00;299.8828979681764;;;;;;;
2022-09-19 06:00:00;326.6092083607919;;;;;;;
2022-09-19 07:00:00;215.1782532649586;;;;;;;
2022-09-19 08:00:00;334.188704844194;;;;;;;
2022-09-19 09:00:00;453.1890183176984;;;;;;;
2022-09-19 10:00:00;303.5930466548589;;;;;;;
2022-09-19 11:00:00;303.7577956425736;;;;;;;
2022-09-19 12:00:00;343.7822193901628;;;;;;;
2022-09-19 13:00:00;385.6156610955861;;;;;;;
2022-09-19 14:00:00;354.5156616518152;;;;;;;
2022-09-19 15:00:00;209.2800098198896;;;;;;;
2022-09-19 16:00:00;335.4218855049735;;;;;;;
2022-09-19 17:00:00;428.6029718838554;;;;;;;
2022-09-19 18:00:00;338.1610099413622;;;;;;;
2022-09-19 19:00:00;255.7192810358517;;;;;;;
2022-09-19 20:00:00;322.3591440471063;;;;;;;
2022-09-19 21:00:00;249.8698483018857;;;;;;;
2022-09-19 22:00:00;366.4773492981365;;;;;;;
2022-09-19 23:00:00;264.938396785169;;;;;;;
2022-09-20 00:00:00;312.7286802516103;;;;;;;
2022-09-20 01:00:00;269.4896355480033;;;;;;;
2022-09-20 02:00:00;283.9331489243007;;;;;;;
2022-09-20 03:00:00;378.2307855313252;;;;;;;
2022-09-20 04:00:00;314.0839732813394;;;;;;;
2022-09-20 05:00:00;283.3414377813951;;;;;;;
2022-09-20 06:00:00;256.1541630472965;;;;;;;
2022-09-20 07:00:00;222.4511328054838;;;;;;;
2022-09-20 08:00:00;251.234099177491;;;;;;;
2022-09-20 09:00:00;314.4784071278417;;;;;;;
2022-09-20 10:00:00;354.7599618248533;;;;;;;
2022-09-20 11:00:00;283.2881317612182;;;;;;;
2022-09-20 12:00:00;382.1459981977983;;;;;;;
2022-09-20 13:00:00;275.9975767435545;;;;;;;
2022-09-20 14:00:00;298.2423272949075;;;;;;;
2022-09-20 15:00:00;259.1998984188331;;;;;;;
2022-09-20 16:00:00;355.2483820407161;;;;;;;
2022-09-20 17:00:00;406.5933934672794;;;;;;;
2022-09-20 18:00:00;227.5489669394385;;;;;;;
2022-09-20 19:00:00;293.224946350105;;;;;;;
2022-09-20 20:00:00;367.9608079373071;;;;;;;
2022-09-20 21:00:00;242.1566868652215;;;;;;;
2022-09-20 22:00:00;335.5742885697532;;;;;;;
2022-09-20 23:00:00;365.9516515123778;;;;;;;
2022-09-21 00:00:00;312.9135632898688;;;;;;;
2022-09-21 01:00:00;334.8124825003929;;;;;;;
2022-09-21 02:00:00;390.9772463636625;;;;;;;
2022-09-21 03:00:00;399.6769891200415;;;;;;;
2022-09-21 04:00:00;306.4094983101331;;;;;;;
2022-09-21 05:00:00;284.58590314588;;;;;;;
2022-09-21 06:00:00;266.6040077685101;;;;;;;
2022-09-21 07:00:00;354.6082755735487;;;;;;;
2022-09-21 08:00:00;245.644020544366;;;;;;;
2022-09-21 09:00:00;297.5667429327696;;;;;;;
2022-09-21 10:00:00;314.0483718442752;;;;;;;
2022-09-21 11:00:00;285.9487028020196;;;;;;;
2022-09-21 12:00:00;322.2659245433507;;;;;;;
2022-09-21 13:00:00;428.2588856403518;;;;;;;
2022-09-21 14:00:00;303.6430407999913;;;;;;;
2022-09-21 15:00:00;289.0847013216895;;;;;;;
2022-09-21 16:00:00;356.3882535740379;;;;;;;
2022-09-21 17:00:00;320.3992411458503;;;;;;;
2022-09-21 18:00:00;376.0589195205562;;;;;;;
2022-09-21 19:00:00;316.9246162366922;;;;;;;
2022-09-21 20:00:00;297.7593109296905;;;;;;;
2022-09-21 21:00:00;226.5326001816876;;;;;;;
2022-09-21 22:00:00;234.1405395755604;;;;;;;
2022-09-21 23:00:00;224.1213978537409;;;;;;;
2022-09-22 00:00:00;326.8828699203656;;;;;;;
2022-09-22 01:00:00;246.0859605263284;;;;;;;
2022-09-22 02:00:00;367.5338804675187;;;;;;;
2022-09-22 03:00:00;310.6875396682682;;;;;;;
2022-09-22 04:00:00;297.9558435889389;;;;;;;
2022-09-22 05:00:00;270.1356497778589;;;;;;;
2022-09-22 06:00:00;338.1525526316801;;;;;;;
2022-09-22 07:00:00;271.9615370944427;;;;;;;
2022-09-22 08:00:00;263.5700263248154;;;;;;;
2022-09-22 09:00:00;364.4150212467533;;;;;;;
2022-09-22 10:00:00;325.7361361862301;;;;;;;
2022-09-22 11:00:00;298.3853231054429;;;;;;;
2022-09-22 12:00:00;339.0420962386997;;;;;;;
2022-09-22 13:00:00;309.6986946723453;;;;;;;
2022-09-22 14:00:00;327.0533157753889;;;;;;;
2022-09-22 15:00:00;271.3885840461582;;;;;;;
2022-09-22 16:00:00;405.33559575073;;;;;;;
2022-09-22 17:00:00;282.3942161671422;;;;;;;
2022-09-22 18:00:00;381.472039496326;;;;;;;
2022-09-22 19:00:00;300.5221953409057;;;;;;;
2022-09-22 20:00:00;346.7276939861714;;;;;;;
2022-09-22 21:00:00;343.3468939258441;;;;;;;
2022-09-22 22:00:00;362.489811455268;;;;;;;
2022-09-22 23:00:00;270.2855614985969;;;;;;;
2022-09-23 00:00:00;359.1858962030538;;;;;;;
2022-09-23 01:00:00;394.9455558764778;;;;;;;
2022-09-23 02:00:00;297.2828690438872;;;;;;;
2022-09-23 03:00:00;310.894427789039;;;;;;;
2022-09-23 04:00:00;285.0002454819621;;;;;;;
2022-09-23 05:00:00;293.2122262491052;;;;;;;
2022-09-23 06:00:00;388.6817572811561;;;;;;;
2022-09-23 07:00:00;262.6952223303353;;;;;;;
2022-09-23 08:00:00;265.5769343475225;;;;;;;
2022-09-23 09:00:00;384.0182818755588;;;;;;;
2022-09-23 10:00:00;338.2587768399422;;;;;;;
2022-09-23 11:00:00;407.6539124720351;;;;;;;
2022-09-23 12:00:00;288.3872801586794;;;;;;;
2022-09-23 13:00:00;315.1428378011298;;;;;;;
2022-09-23 14:00:00;278.6337683898669;;;;;;;
2022-09-23 15:00:00;315.9324421309273;;;;;;;
2022-09-23 16:00:00;226.9792774508828;;;;;;;
2022-09-23 17:00:00;341.0611772145551;;;;;;;
2022-09-23 18:00:00;324.2911407869669;;;;;;;
2022-09-23 19:00:00;306.614208216386;;;;;;;
2022-09-23 20:00:00;291.1742866388666;;;;;;;
2022-09-23 21:00:00;267.7743144513813;;;;;;;
2022-09-23 22:00:00;343.0448505537952;;;;;;;
2022-09-23 23:00:00;254.9543556918064;;;;;;;
2022-09-24 00:00:00;333.0325283950055;;;;;;;
2022-09-24 01:00:00;405.5236152212204;;;;;;;
2022-09-24 02:00:00;378.201597261923;;;;;;;
2022-09-24 03:00:00;239.4574502641736;;;;;;;
2022-09-24 04:00:00;284.3836214087746;;;;;;;
2022-09-24 05:00:00;328.8365373712533;;;;;;;
2022-09-24 06:00:00;306.0237569414301;;;;;;;
2022-09-24 07:00:00;244.3621842285957;;;;;;;
2022-09-24 08:00:00;327.1601488130999;;;;;;;
2022-09-24 09:00:00;308.8196111339057;;;;;;;
2022-09-24 10:00:00;398.0949466732952;;;;;;;
2022-09-24 11:00:00;297.5363713070662;;;;;;;
2022-09-24 12:00:00;363.4710915931965;;;;;;;
2022-09-24 13:00:00;250.5007348830555;;;;;;;
2022-09-24 14:00:00;261.5922477074182;;;;;;;
2022-09-24 15:00:00;342.7641308559425;;;;;;;
2022-09-24 16:00:00;359.5614622883986;;;;;;;
2022-09-24 17:00:00;264.868337482025;;;;;;;
2022-09-24 18:00:00;310.401336074139;;;;;;;
2022-09-24 19:00:00;245.1892048482048;;;;;;;
2022-09-24 20:00:00;300.8770537740773;;;;;;;
2022-09-24 21:00:00;348.1113858007913;;;;;;;
2022-09-24 22:00:00;289.1054447872116;;;;;;;
2022-09-24 23:00:00;297.7309419193564;;;;;;;
2022-09-25 00:00:00;256.8701209585292;;;;;;;
2022-09-25 01:00:00;279.2052576254819;;;;;;;
2022-09-25 02:00:00;390.8477426819768;;;;;;;
2022-09-25 03:00:00;312.6675002726918;;;;;;;
2022-09-25 04:00:00;262.7846098050653;;;;;;;
2022-09-25 05:00:00;294.6812170851181;;;;;;;
2022-09-25 06:00:00;235.1754237494675;;;;;;;
2022-09-25 07:00:00;262.2347675951696;;;;;;;
2022-09-25 08:00:00;372.3940843900442;;;;;;;
2022-09-25 09:00:00;302.6741844340156;;;;;;;
2022-09-25 10:00:00;397.0003013522808;;;;;;;
2022-09-25 11:00:00;304.8608826959382;;;;;;;
2022-09-25 12:00:00;307.6151744296278;;;;;;;
2022-09-25 13:00:00;339.0170986647448;;;;;;;
2022-09-25 14:00:00;185.2959059027968;;;;;;;
2022-09-25 15:00:00;318.7919993726618;;;;;;;
2022-09-25 16:00:00;307.01170851739;;;;;;;
2022-09-25 17:00:00;378.2256010440805;;;;;;;
2022-09-25 18:00:00;354.03835319775;;;;;;;
2022-09-25 19:00:00;256.6893618747653;;;;;;;
2022-09-25 20:00:00;366.9104213919762;;;;;;;
2022-09-25 21:00:00;297.1148559185856;;;;;;;
2022-09-25 22:00:00;267.3243410718556;;;;;;;
2022-09-25 23:00:00;318.4284632046915;;;;;;;
2022-09-26 00:00:00;299.8773140393832;;;;;;;
2022-09-26 01:00:00;380.6578015280654;;;;;;;
2022-09-26 02:00:00;325.0866793668889;;;;;;;
2022-09-26 03:00:00;318.8253833939215;;;;;;;
2022-09-26 04:00:00;351.0677247049142;;;;;;;
2022-09-26 05:00:00;359.9855299462353;;;;;;;
2022-09-26 06:00:00;345.6378369034946;;;;;;;
2022-09-26 07:00:00;375.1369909718516;;;;;;;
2022-09-26 08:00:00;337.5227104814575;;;;;;;
2022-09-26 09:00:00;317.0621168508221;;;;;;;
2022-09-26 10:00:00;366.7727949780305;;;;;;;
2022-09-26 11:00:00;305.067408774409;;;;;;;
2022-09-26 12:00:00;310.8267153623423;;;;;;;
2022-09-26 13:00:00;389.152833722358;;;;;;;
2022-09-26 14:00:00;384.5296769229069;;;;;;;
2022-09-26 15:00:00;308.905024090773;;;;;;;
2022-09-26 16:00:00;288.242862652484;;;;;;;
2022-09-26 17:00:00;377.1648148961352;;;;;;;
2022-09-26 18:00:00;346.4178487278461;;;;;;;
2022-09-26 19:00:00;323.9249715340737;;;;;;;
2022-09-26 20:00:00;294.351794011771;;;;;;;
2022-09-26 21:00:00;324.6726041152526;;;;;;;
2022-09-26 22:00:00;308.2772084823973;;;;;;;
2022-09-26 23:00:00;278.4639139653145;;;;;;;
2022-09-27 00:00:00;315.2709367800657;;;;;;;
2022-09-27 01:00:00;321.5980458020683;;;;;;;
2022-09-27 02:00:00;291.8687501444101;;;;;;;
2022-09-27 03:00:00;351.2151886434735;;;;;;;
2022-09-27 04:00:00;369.0766692082447;;;;;;;
2022-09-27 05:00:00;354.2804439303471;;;;;;;
2022-09-27 06:00:00;296.4684272703716;;;;;;;
2022-09-27 07:00:00;344.3488825814552;;;;;;;
2022-09-27 08:00:00;312.9011571118492;;;;;;;
2022-09-27 09:00:00;251.9547929600214;;;;;;;
2022-09-27 10:00:00;340.4940188249544;;;;;;;
2022-09-27 11:00:00;316.0637552370493;;;;;;;
2022-09-27 12:00:00;429.6058815107957;;;;;;;
2022-09-27 13:00:00;376.8909759375109;;;;;;;
2022-09-27 14:00:00;342.2764604830716;;;;;;;
2022-09-27 15:00:00;320.8440008367454;;;;;;;
2022-09-27 16:00:00;316.8798304089047;;;;;;;
2022-09-27 17:00:00;262.7205120065765;;;;;;;
2022-09-27 18:00:00;228.6080987454804;;;;;;;
2022-09-27 19:00:00;268.8039936318762;;;;;;;
2022-09-27 20:00:00;307.070602587439;;;;;;;
2022-09-27 21:00:00;211.6027783909752;;;;;;;
2022-09-27 22:00:00;284.0317920012242;;;;;;;
2022-09-27 23:00:00;297.7968970863408;;;;;;;
2022-09-28 00:00:00;299.2901131134716;;;;;;;
2022-09-28 01:00:00;278.5852113197282;;;;;;;
2022-09-28 02:00:00;293.4405911744865;;;;;;;
2022-09-28 03:00:00;389.2603213512953;;;;;;;
2022-09-28 04:00:00;340.0029945358414;;;;;;;
2022-09-28 05:00:00;283.2904845886845;;;;;;;
2022-09-28 06:00:00;306.1134865235638;;;;;;;
2022-09-28 07:00:00;307.9707908045561;;;;;;;
2022-09-28 08:00:00;273.6568351438593;;;;;;;
2022-09-28 09:00:00;273.6023338028484;;;;;;;
2022-09-28 10:00:00;356.165206811827;;;;;;;
2022-09-28 11:00:00;289.8094124734503;;;;;;;
2022-09-28 12:00:00;258.4984570408063;;;;;;;
2022-09-28 13:00:00;307.2829266189952;;;;;;;
2022-09-28 14:00:00;314.7591063879455;;;;;;;
2022-09-28 15:00:00;217.7653483223591;;;;;;;
2022-09-28 16:00:00;307.3939899810245;;;;;;;
2022-09-28 17:00:00;349.5522091760732;;;;;;;
2022-09-28 18:00:00;330.2180475714671;;;;;;;
2022-09-28 19:00:00;412.7304217932861;;;;;;;
2022-09-28 20:00:00;367.3266035150696;;;;;;;
2022-09-28 21:00:00;376.5042079204799;;;;;;;
2022-09-28 22:00:00;439.1877232184696;;;;;;;
2022-09-28 23:00:00;344.4571981688174;;;;;;;
2022-09-29 00:00:00;316.849580216001;;;;;;;
2022-09-29 01:00:00;354.4587123099777;;;;;;;
2022-09-29 02:00:00;283.339862302405;;;;;;;
2022-09-29 03:00:00;314.2801749629979;;;;;;;
2022-09-29 04:00:00;279.2345207415545;;;;;;;
2022-09-29 05:00:00;327.747878998764;;;;;;;
2022-09-29 06:00:00;279.0405324373579;;;;;;;
2022-09-29 07:00:00;277.4158891831231;;;;;;;
2022-09-29 08:00:00;328.4664424580693;;;;;;;
2022-09-29 09:00:00;302.8955229980842;;;;;;;
2022-09-29 10:00:00;219.861511451289;;;;;;;
2022-09-29 11:00:00;241.7571812196595;;;;;;;
2022-09-29 12:00:00;256.059590679396;;;;;;;
2022-09-29 13:00:00;268.3209164022301;;;;;;;
2022-09-29 14:00:00;328.5105171613183;;;;;;;
2022-09-29 15:00:00;319.4414743377565;;;;;;;
2022-09-29 16:00:00;358.7054525658729;;;;;;;
2022-09-29 17:00:00;344.2087915716639;;;;;;;
2022-09-29 18:00:00;359.0127381907283;;;;;;;
2022-09-29 19:00:00;337.5094319102;;;;;;;
2022-09-29 20:00:00;319.0118998496214;;;;;;;
2022-09-29 21:00:00;360.2861600683929;;;;;;;
2022-09-29 22:00:00;351.9383156356826;;;;;;;
2022-09-29 23:00:00;326.7323815069968;;;;;;;
2022-09-30 00:00:00;368.2527115844821;;;;;;;
2022-09-30 01:00:00;200.4569927067384;;;;;;;
2022-09-30 02:00:00;295.8089655682734;;;;;;;
2022-09-30 03:00:00;295.0978919251204;;;;;;;
2022-09-30 04:00:00;362.760332662286;;;;;;;
2022-09-30 05:00:00;382.1854967236687;;;;;;;
2022-09-30 06:00:00;242.0066600561781;;;;;;;
2022-09-30 07:00:00;374.7521037063784;;;;;;;
2022-09-30 08:00:00;254.9378770081824;;;;;;;
2022-09-30 09:00:00;256.3403240017195;;;;;;;
2022-09-30 10:00:00;298.4151872556376;;;;;;;
2022-09-30 11:00:00;294.5218805042341;;;;;;;
2022-09-30 12:00:00;236.9852167970424;;;;;;;
2022-09-30 13:00:00;339.4338816313584;;;;;;;
2022-09-30 14:00:00;340.803599111164;;;;;;;
2022-09-30 15:00:00;358.1841023987477;;;;;;;
2022-09-30 16:00:00;289.175180794456;;;;;;;
2022-09-30 17:00:00;307.4479744541672;;;;;;;
2022-09-30 18:00:00;307.8727246677594;;;;;;;
2022-09-30 19:00:00;387.594900127749;;;;;;;
2022-09-30 20:00:00;177.7962002727733;;;;;;;
2022-09-30 21:00:00;264.88913888241;;;;;;;
2022-09-30 22:00:00;309.5413757956783;;;;;;;
2022-09-30 23:00:00;258.9218434054401;;;;;;;
2022-10-01 00:00:00;297.3001559638925;;;;;;;
2022-10-01 01:00:00;303.4353434180571;;;;;;;
2022-10-01 02:00:00;278.7725211449286;;;;;;;
2022-10-01 03:00:00;312.2752056346323;;;;;;;
2022-10-01 04:00:00;338.4258298939916;;;;;;;
2022-10-01 05:00:00;298.3232953561858;;;;;;;
2022-10-01 06:00:00;288.2594175598793;;;;;;;
2022-10-01 07:00:00;301.5940479607201;;;;;;;
2022-10-01 08:00:00;308.9393296113059;;;;;;;
2022-10-01 09:00:00;228.5462880511042;;;;;;;
2022-10-01 10:00:00;330.6970299729021;;;;;;;
2022-10-01 11:00:00;288.3611800435211;;;;;;;
2022-10-01 12:00:00;367.81027436029;;;;;;;
2022-10-01 13:00:00;336.7048573962466;;;;;;;
2022-10-01 14:00:00;363.5668005029609;;;;;;;
2022-10-01 15:00:00;262.3811780806132;;;;;;;
2022-10-01 16:00:00;292.0547116293232;;;;;;;
2022-10-01 17:00:00;251.6433818963881;;;;;;;
2022-10-01 18:00:00;276.5686337459189;;;;;;;
2022-10-01 19:00:00;367.372807911029;;;;;;;
2022-10-01 20:00:00;378.292948528108;;;;;;;
2022-10-01 21:00:00;256.0193773768338;;;;;;;
2022-10-01 22:00:00;288.0236067747533;;;;;;;
2022-10-01 23:00:00;305.7494024176106;;;;;;;
2022-10-02 00:00:00;336.4521179577192;;;;;;;
2022-10-02 01:00:00;227.6420629459745;;;;;;;
2022-10-02 02:00:00;234.9169025562137;;;;;;;
2022-10-02 03:00:00;331.9993748741747;;;;;;;
2022-10-02 04:00:00;218.8632607423231;;;;;;;
2022-10-02 05:00:00;288.5562065393985;;;;;;;
2022-10-02 06:00:00;316.8041896780369;;;;;;;
2022-10-02 07:00:00;328.5681665427792;;;;;;;
2022-10-02 08:00:00;302.709643673138;;;;;;;
2022-10-02 09:00:00;292.3158986266304;;;;;;;
2022-10-02 10:00:00;348.4662002116708;;;;;;;
2022-10-02 11:00:00;322.5157796356037;;;;;;;
2022-10-02 12:00:00;279.2675068945652;;;;;;;
2022-10-02 13:00:00;311.0343865006146;;;;;;;
2022-10-02 14:00:00;327.0605470997389;;;;;;;
2022-10-02 15:00:00;388.9978973157081;;;;;;;
2022-10-02 16:00:00;345.7639587504544;;;;;;;
2022-10-02 17:00:00;365.6308303791421;;;;;;;
2022-10-02 18:00:00;280.9566272919669;;;;;;;
2022-10-02 19:00:00;284.966088255663;;;;;;;
2022-10-02 20:00:00;298.3644202220943;;;;;;;
2022-10-02 21:00:00;302.6236061366242;;;;;;;
2022-10-02 22:00:00;262.519374167166;;;;;;;
2022-10-02 23:00:00;368.0143348240815;;;;;;;
2022-10-03 00:00:00;350.2653432048446;;;;;;;
2022-10-03 01:00:00;295.1031159391277;;;;;;;
2022-10-03 02:00:00;339.0549778199696;;;;;;;
2022-10-03 03:00:00;319.6252038816146;;;;;;;
2022-10-03 04:00:00;342.6790477190186;;;;;;;
2022-10-03 05:00:00;246.9183539522213;;;;;;;
2022-10-03 06:00:00;302.5267184979396;;;;;;;
2022-10-03 07:00:00;306.5917604172511;;;;;;;
2022-10-03 08:00:00;338.2167299638199;;;;;;;
2022-10-03 09:00:00;280.1294368692731;;;;;;;
2022-10-03 10:00:00;193.3059147840442;;;;;;;
2022-10-03 11:00:00;259.1014069498167;;;;;;;
2022-10-03 12:00:00;306.4521436999843;;;;;;;
2022-10-03 13:00:00;312.2480798254167;;;;;;;
2022-10-03 14:00:00;387.3978557587916;;;;;;;
2022-10-03 15:00:00;336.3194720445168;;;;;;;
2022-10-03 16:00:00;313.0667269883887;;;;;;;
2022-10-03 17:00:00;307.781604316314;;;;;;;
2022-10-03 18:00:00;360.5103126377359;;;;;;;
2022-10-03 19:00:00;281.9075348110131;;;;;;;
2022-10-03 20:00:00;302.7761850104837;;;;;;;
2022-10-03 21:00:00;258.750752643646;;;;;;;
2022-10-03 22:00:00;375.1111305907629;;;;;;;
2022-10-03 23:00:00;327.4933865338308;;;;;;;
2022-10-04 00:00:00;276.4604420506621;;;;;;;
2022-10-04 01:00:00;303.9744503952282;;;;;;;
2022-10-04 02:00:00;332.9283699945463;;;;;;;
2022-10-04 03:00:00;297.6528071067635;;;;;;;
2022-10-04 04:00:00;284.4888138915151;;;;;;;
2022-10-04 05:00:00;278.9308324758233;;;;;;;
2022-10-04 06:00:00;325.0096615745999;;;;;;;
2022-10-04 07:00:00;292.673235208369;;;;;;;
2022-10-04 08:00:00;288.2332984620987;;;;;;;
2022-10-04 09:00:00;247.3008784310535;;;;;;;
2022-10-04 10:00:00;312.8862733791709;;;;;;;
2022-10-04 11:00:00;300.8768861812652;;;;;;;
2022-10-04 12:00:00;294.3622027381391;;;;;;;
2022-10-04 13:00:00;318.5058195411802;;;;;;;
2022-10-04 14:00:00;343.9861272634519;;;;;;;
2022-10-04 15:00:00;341.8318015639024;;;;;;;
2022-10-04 16:00:00;334.9268603252057;;;;;;;
2022-10-04 17:00:00;298.11898985297;;;;;;;
2022-10-04 18:00:00;282.9797670881072;;;;;;;
2022-10-04 19:00:00;260.8543103124914;;;;;;;
2022-10-04 20:00:00;281.7662202445778;;;;;;;
2022-10-04 21:00:00;310.1959413762688;;;;;;;
2022-10-04 22:00:00;272.8064259880259;;;;;;;
2022-10-04 23:00:00;313.7406664887286;;;;;;;
2022-10-05 00:00:00;264.4942294012163;;;;;;;
2022-10-05 01:00:00;232.2265090325782;;;;;;;
2022-10-05 02:00:00;347.2987413347328;;;;;;;
2022-10-05 03:00:00;287.274971994938;;;;;;;
2022-10-05 04:00:00;270.4521136081156;;;;;;;
2022-10-05 05:00:00;258.5378557993645;;;;;;;
2022-10-05 06:00:00;328.9100805826735;;;;;;;
2022-10-05 07:00:00;373.0699312097836;;;;;;;
2022-10-05 08:00:00;290.5846575874006;;;;;;;
2022-10-05 09:00:00;299.2837656167331;;;;;;;
2022-10-05 10:00:00;359.000160387895;;;;;;;
2022-10-05 11:00:00;225.2929507527779;;;;;;;
2022-10-05 12:00:00;400.5325664586018;;;;;;;
2022-10-05 13:00:00;422.6726069502623;;;;;;;
2022-10-05 14:00:00;183.7301564750817;;;;;;;
2022-10-05 15:00:00;304.7608884263873;;;;;;;
2022-10-05 16:00:00;275.9304646913613;;;;;;;
2022-10-05 17:00:00;297.0008578007065;;;;;;;
2022-10-05 18:00:00;289.8743300726392;;;;;;;
2022-10-05 19:00:00;346.9439757153223;;;;;;;
2022-10-05 20:00:00;304.0619053318061;;;;;;;
2022-10-05 21:00:00;267.0249234814534;;;;;;;
2022-10-05 22:00:00;301.2961958096321;;;;;;;
2022-10-05 23:00:00;333.1665254366291;;;;;;;
2022-10-06 00:00:00;254.3683542830618;;;;;;;
2022-10-06 01:00:00;232.9111810151654;;;;;;;
2022-10-06 02:00:00;401.7329371649353;;;;;;;
2022-10-06 03:00:00;279.4804464703674;;;;;;;
2022-10-06 04:00:00;302.9121526219606;;;;;;;
2022-10-06 05:00:00;290.8295391017051;;;;;;;
2022-10-06 06:00:00;334.7115614710142;;;;;;;
2022-10-06 07:00:00;391.5287406841355;;;;;;;
2022-10-06 08:00:00;336.1889881318459;;;;;;;
2022-10-06 09:00:00;238.8433412753366;;;;;;;
2022-10-06 10:00:00;245.0711701915659;;;;;;;
2022-10-06 11:00:00;290.7752889537973;;;;;;;
2022-10-06 12:00:00;296.8402729600258;;;;;;;
2022-10-06 13:00:00;229.3984419358754;;;;;;;
2022-10-06 14:00:00;347.2957165020419;;;;;;;
2022-10-06 15:00:00;258.8870339360329;;;;;;;
2022-10-06 16:00:00;378.5625354740257;;;;;;;
2022-10-06 17:00:00;393.7482890339445;;;;;;;
2022-10-06 18:00:00;297.7671826179966;;;;;;;
2022-10-06 19:00:00;329.6494247076275;;;;;;;
2022-10-06 20:00:00;252.131027333129;;;;;;;
2022-10-06 21:00:00;338.2183178388415;;;;;;;
2022-10-06 22:00:00;286.171855582067;;;;;;;
2022-10-06 23:00:00;258.8445956251811;;;;;;;
2022-10-07 00:00:00;295.8613050992703;;;;;;;
2022-10-07 01:00:00;287.6770379150097;;;;;;;
2022-10-07 02:00:00;294.1993156282732;;;;;;;
2022-10-07 03:00:00;353.342487072291;;;;;;;
2022-10-07 04:00:00;272.851822540467;;;;;;;
2022-10-07 05:00:00;389.7766330965652;;;;;;;
2022-10-07 06:00:00;247.8112960172774;;;;;;;
2022-10-07 07:00:00;384.228409802703;;;;;;;
2022-10-07 08:00:00;262.1257017375379;;;;;;;
2022-10-07 09:00:00;309.2373148846006;;;;;;;
2022-10-07 10:00:00;286.5428255768803;;;;;;;
2022-10-07 11:00:00;293.3378380855833;;;;;;;
2022-10-07 12:00:00;346.4614057850441;;;;;;;
2022-10-07 13:00:00;378.865258410674;;;;;;;
2022-10-07 14:00:00;364.5159152520573;;;;;;;
2022-10-07 15:00:00;290.5019640217722;;;;;;;
2022-10-07 16:00:00;317.8324091397976;;;;;;;
2022-10-07 17:00:00;273.0016577563496;;;;;;;
2022-10-07 18:00:00;263.2836765876846;;;;;;;
2022-10-07 19:00:00;256.1043867586177;;;;;;;
2022-10-07 20:00:00;288.9841369265735;;;;;;;
2022-10-07 21:00:00;320.8641876570865;;;;;;;
2022-10-07 22:00:00;220.5901532690986;;;;;;;
2022-10-07 23:00:00;307.1338504079947;;;;;;;
2022-10-08 00:00:00;379.6167417117156;;;;;;;
2022-10-08 01:00:00;361.3327469799374;;;;;;;
2022-10-08 02:00:00;282.1360824226205;;;;;;;
2022-10-08 03:00:00;244.4796879455084;;;;;;;
2022-10-08 04:00:00;330.61706707109;;;;;;;
2022-10-08 05:00:00;201.7726878526676;;;;;;;
2022-10-08 06:00:00;360.7873107864606;;;;;;;
2022-10-08 07:00:00;299.3754336287768;;;;;;;
2022-10-08 08:00:00;394.2431929715688;;;;;;;
2022-10-08 09:00:00;229.1658191755339;;;;;;;
2022-10-08 10:00:00;351.8795562601118;;;;;;;
2022-10-08 11:00:00;304.6214503165327;;;;;;;
2022-10-08 12:00:00;293.9260105776599;;;;;;;
2022-10-08 13:00:00;245.7336554356918;;;;;;;
2022-10-08 14:00:00;336.9226444854057;;;;;;;
2022-10-08 15:00:00;340.6521252613716;;;;;;;
2022-10-08 16:00:00;392.1011275584805;;;;;;;
2022-10-08 17:00:00;356.050442651935;;;;;;;
2022-10-08 18:00:00;281.7319443531773;;;;;;;
2022-10-08 19:00:00;262.7124777284823;;;;;;;
2022-10-08 20:00:00;245.7963797662487;;;;;;;
2022-10-08 21:00:00;377.6311002324654;;;;;;;
2022-10-08 22:00:00;273.1827556057139;;;;;;;
2022-10-08 23:00:00;377.9561050119528;;;;;;;
2022-10-09 00:00:00;333.6438039038383;;;;;;;
2022-10-09 01:00:00;324.589389755733;;;;;;;
2022-10-09 02:00:00;295.0478877526629;;;;;;;
2022-10-09 03:00:00;339.9346874625202;;;;;;;
2022-10-09 04:00:00;308.5665917673439;;;;;;;
2022-10-09 05:00:00;292.1555390782645;;;;;;;
2022-10-09 06:00:00;341.5738266473107;;;;;;;
2022-10-09 07:00:00;302.605074009538;;;;;;;
2022-10-09 08:00:00;272.2474568783706;;;;;;;
2022-10-09 09:00:00;337.1118740083853;;;;;;;
2022-10-09 10:00:00;306.3158574129262;;;;;;;
2022-10-09 11:00:00;331.9661516089076;;;;;;;
2022-10-09 12:00:00;288.2285606782467;;;;;;;
2022-10-09 13:00:00;253.1899820893747;;;;;;;
2022-10-09 14:00:00;389.7789973930526;;;;;;;
2022-10-09 15:00:00;381.0357205282101;;;;;;;
2022-10-09 16:00:00;350.2854462296899;;;;;;;
2022-10-09 17:00:00;291.2927567251152;;;;;;;
2022-10-09 18:00:00;295.3517753440921;;;;;;;
2022-10-09 19:00:00;373.4141523389645;;;;;;;
2022-10-09 20:00:00;292.8692089648953;;;;;;;
2022-10-09 21:00:00;279.9383717554644;;;;;;;
2022-10-09 22:00:00;396.1422461056816;;;;;;;
2022-10-09 23:00:00;307.0724275144693;;;;;;;
2022-10-10 00:00:00;391.3262555833198;;;;;;;
2022-10-10 01:00:00;244.4092174475872;;;;;;;
2022-10-10 02:00:00;333.3242904019531;;;;;;;
2022-10-10 03:00:00;405.3673278723775;;;;;;;
2022-10-10 04:00:00;310.6645372562872;;;;;;;
2022-10-10 05:00:00;297.0364538885918;;;;;;;
2022-10-10 06:00:00;255.1092175111147;;;;;;;
2022-10-10 07:00:00;359.497081996278;;;;;;;
2022-10-10 08:00:00;273.5560402077247;;;;;;;
2022-10-10 09:00:00;304.8859012817951;;;;;;;
2022-10-10 10:00:00;252.0124914396968;;;;;;;
2022-10-10 11:00:00;381.5127849134915;;;;;;;
2022-10-10 12:00:00;362.8625093729944;;;;;;;
2022-10-10 13:00:00;307.8190212660651;;;;;;;
2022-10-10 14:00:00;255.7402958702323;;;;;;;
2022-10-10 15:00:00;380.5391168498159;;;;;;;
2022-10-10 16:00:00;292.3077795420696;;;;;;;
2022-10-10 17:00:00;258.0109420410116;;;;;;;
2022-10-10 18:00:00;227.5350003614186;;;;;;;
2022-10-10 19:00:00;279.3162883029117;;;;;;;
2022-10-10 20:00:00;241.799806728339;;;;;;;
2022-10-10 21:00:00;280.3900134562121;;;;;;;
2022-10-10 22:00:00;343.8194139349375;;;;;;;
2022-10-10 23:00:00;291.8685136785305;;;;;;;
2022-10-11 00:00:00;325.7858793736032;;;;;;;
2022-10-11 01:00:00;275.7269110247141;;;;;;;
2022-10-11 02:00:00;312.3076869954871;;;;;;;
2022-10-11 03:00:00;398.3999975178369;;;;;;;
2022-10-11 04:00:00;293.1171293999273;;;;;;;
2022-10-11 05:00:00;327.1190210877424;;;;;;;
2022-10-11 06:00:00;236.6553674921857;;;;;;;
2022-10-11 07:00:00;379.8060700101366;;;;;;;
2022-10-11 08:00:00;287.1454421633053;;;;;;;
2022-10-11 09:00:00;358.0213594820859;;;;;;;
2022-10-11 10:00:00;303.5696612972177;;;;;;;
2022-10-11 11:00:00;337.6571077614506;;;;;;;
2022-10-11 12:00:00;340.4143649079082;;;;;;;
2022-10-11 13:00:00;288.2944159164918;;;;;;;
2022-10-11 14:00:00;359.9407525818975;;;;;;;
2022-10-11 15:00:00;274.0730036304115;;;;;;;
2022-10-11 16:00:00;345.3747500284332;;;;;;;
2022-10-11 17:00:00;291.1816644818063;;;;;;;
2022-10-11 18:00:00;325.5012403664498;;;;;;;
2022-10-11 19:00:00;287.8512425897791;;;;;;;
2022-10-11 20:00:00;311.6028392389346;;;;;;;
2022-10-11 21:00:00;259.4264345850744;;;;;;;
2022-10-11 22:00:00;320.769145528763;;;;;;;
2022-10-11 23:00:00;311.3343121078394;;;;;;;
2022-10-12 00:00:00;284.2251676097209;;;;;;;
2022-10-12 01:00:00;306.7314283385655;;;;;;;
2022-10-12 02:00:00;315.5011439471609;;;;;;;
2022-10-12 03:00:00;280.6898854790173;;;;;;;
2022-10-12 04:00:00;303.3108701168961;;;;;;;
2022-10-12 05:00:00;262.6341039706041;;;;;;;
2022-10-12 06:00:00;418.1090891052004;;;;;;;
2022-10-12 07:00:00;358.4196408449237;;;;;;;
2022-10-12 08:00:00;321.9538801970532;;;;;;;
2022-10-12 09:00:00;363.661744136486;;;;;;;
2022-10-12 10:00:00;217.4615575481782;;;;;;;
2022-10-12 11:00:00;190.6267851043727;;;;;;;
2022-10-12 12:00:00;290.7601516625586;;;;;;;
2022-10-12 13:00:00;245.3290800709607;;;;;;;
2022-10-12 14:00:00;298.3075645640612;;;;;;;
2022-10-12 15:00:00;318.8252776051784;;;;;;;
2022-10-12 16:00:00;351.9847874576135;;;;;;;
2022-10-12 17:00:00;256.4772408283297;;;;;;;
2022-10-12 18:00:00;327.8242472636881;;;;;;;
2022-10-12 19:00:00;309.9518973975464;;;;;;;
2022-10-12 20:00:00;325.4061985919711;;;;;;;
2022-10-12 21:00:00;285.1707241625262;;;;;;;
2022-10-12 22:00:00;373.4516234009776;;;;;;;
2022-10-12 23:00:00;304.4822811115459;;;;;;;
2022-10-13 00:00:00;391.593333187391;;;;;;;
2022-10-13 01:00:00;272.6160986627843;;;;;;;
2022-10-13 02:00:00;343.7460488913699;;;;;;;
2022-10-13 03:00:00;306.5161425971349;;;;;;;
2022-10-13 04:00:00;294.0794827840738;;;;;;;
2022-10-13 05:00:00;338.6191045757208;;;;;;;
2022-10-13 06:00:00;295.4048714502939;;;;;;;
2022-10-13 07:00:00;185.7886999812022;;;;;;;
2022-10-13 08:00:00;167.1897580615903;;;;;;;
2022-10-13 09:00:00;368.3153550867122;;;;;;;
2022-10-13 10:00:00;366.3592692736764;;;;;;;
2022-10-13 11:00:00;396.843066004354;;;;;;;
2022-10-13 12:00:00;308.4711395688716;;;;;;;
2022-10-13 13:00:00;249.3155697872473;;;;;;;
2022-10-13 14:00:00;289.8187158169347;;;;;;;
2022-10-13 15:00:00;309.8143349474009;;;;;;;
2022-10-13 16:00:00;262.5651513481372;;;;;;;
2022-10-13 17:00:00;385.7660686022945;;;;;;;
2022-10-13 18:00:00;413.1807906943;;;;;;;
2022-10-13 19:00:00;331.4730297216481;;;;;;;
2022-10-13 20:00:00;308.7803234463775;;;;;;;
2022-10-13 21:00:00;249.2073739443987;;;;;;;
2022-10-13 22:00:00;381.0274851554705;;;;;;;
2022-10-13 23:00:00;312.8243964572661;;;;;;;
2022-10-14 00:00:00;295.8692192138163;;;;;;;
2022-10-14 01:00:00;331.6072616506967;;;;;;;
2022-10-14 02:00:00;282.1116125060773;;;;;;;
2022-10-14 03:00:00;316.0982496632097;;;;;;;
2022-10-14 04:00:00;242.3644642539022;;;;;;;
2022-10-14 05:00:00;359.7171749739306;;;;;;;
2022-10-14 06:00:00;304.4404167241883;;;;;;;
2022-10-14 07:00:00;363.0441621024551;;;;;;;
2022-10-14 08:00:00;299.9530814835591;;;;;;;
2022-10-14 09:00:00;302.9656562487955;;;;;;;
2022-10-14 10:00:00;253.0417054510417;;;;;;;
2022-10-14 11:00:00;344.5314594024311;;;;;;;
2022-10-14 12:00:00;268.65178654666;;;;;;;
2022-10-14 13:00:00;286.7178993820845;;;;;;;
2022-10-14 14:00:00;309.332903160772;;;;;;;
2022-10-14 15:00:00;314.908232334134;;;;;;;
2022-10-14 16:00:00;230.1339662590938;;;;;;;
2022-10-14 17:00:00;298.5766261019669;;;;;;;
2022-10-14 18:00:00;346.1771572077393;;;;;;;
2022-10-14 19:00:00;291.7322180836684;;;;;;;
2022-10-14 20:00:00;298.8584202095452;;;;;;;
2022-10-14 21:00:00;316.8187682097671;;;;;;;
2022-10-14 22:00:00;303.4406833892215;;;;;;;
2022-10-14 23:00:00;261.4759782441109;;;;;;;
2022-10-15 00:00:00;307.5981284960171;;;;;;;
2022-10-15 01:00:00;355.4020083000757;;;;;;;
2022-10-15 02:00:00;260.5174854928766;;;;;;;
2022-10-15 03:00:00;291.9111148638816;;;;;;;
2022-10-15 04:00:00;245.186785452765;;;;;;;
2022-10-15 05:00:00;352.9575230891355;;;;;;;
2022-10-15 06:00:00;304.9995796257448;;;;;;;
2022-10-15 07:00:00;269.8413089118652;;;;;;;
2022-10-15 08:00:00;313.5647669549066;;;;;;;
2022-10-15 09:00:00;253.4461200655503;;;;;;;
2022-10-15 10:00:00;261.3377268036696;;;;;;;
2022-10-15 11:00:00;241.5448602296653;;;;;;;
2022-10-15 12:00:00;259.7936075354608;;;;;;;
2022-10-15 13:00:00;372.2548064670818;;;;;;;
2022-10-15 14:00:00;275.2730205829603;;;;;;;
2022-10-15 15:00:00;330.9137395288292;;;;;;;
2022-10-15 16:00:00;270.486083848527;;;;;;;
2022-10-15 17:00:00;344.5211032989217;;;;;;;
2022-10-15 18:00:00;261.6816601175278;;;;;;;
2022-10-15 19:00:00;311.1042088780375;;;;;;;
2022-10-15 20:00:00;311.7362336516184;;;;;;;
2022-10-15 21:00:00;417.2773755082399;;;;;;;
2022-10-15 22:00:00;338.5314200355681;;;;;;;
2022-10-15 23:00:00;281.7779340639119;;;;;;;
2022-10-16 00:00:00;341.0655570050865;;;;;;;
2022-10-16 01:00:00;408.4798974541459;;;;;;;
2022-10-16 02:00:00;233.6811875629054;;;;;;;
2022-10-16 03:00:00;270.1993483979089;;;;;;;
2022-10-16 04:00:00;298.2940163025833;;;;;;;
2022-10-16 05:00:00;289.9344940293229;;;;;;;
2022-10-16 06:00:00;293.8468569788322;;;;;;;
2022-10-16 07:00:00;248.7775327384959;;;;;;;
2022-10-16 08:00:00;374.4175607251896;;;;;;;
2022-10-16 09:00:00;243.2857411701996;;;;;;;
2022-10-16 10:00:00;299.9959189805205;;;;;;;
2022-10-16 11:00:00;357.8031721599987;;;;;;;
2022-10-16 12:00:00;307.8839659662797;;;;;;;
2022-10-16 13:00:00;263.8476323774777;;;;;;;
2022-10-16 14:00:00;246.7156861445785;;;;;;;
2022-10-16 15:00:00;298.6140496344603;;;;;;;
2022-10-16 16:00:00;274.1637150892958;;;;;;;
2022-10-16 17:00:00;318.8055352651377;;;;;;;
2022-10-16 18:00:00;244.267291340058;;;;;;;
2022-10-16 19:00:00;347.0032023518931;;;;;;;
2022-10-16 20:00:00;314.6449698046701;;;;;;;
2022-10-16 21:00:00;318.0913344865983;;;;;;;
2022-10-16 22:00:00;376.1396894471737;;;;;;;
2022-10-16 23:00:00;288.973828879686;;;;;;;
2022-10-17 00:00:00;275.6117628387802;;;;;;;
2022-10-17 01:00:00;283.8721161110278;;;;;;;
2022-10-17 02:00:00;300.3525040135313;;;;;;;
2022-10-17 03:00:00;305.0642190613725;;;;;;;
2022-10-17 04:00:00;270.7460535590774;;;;;;;
2022-10-17 05:00:00;215.4280389747725;;;;;;;
2022-10-17 06:00:00;283.2613396145397;;;;;;;
2022-10-17 07:00:00;325.9775869795689;;;;;;;
2022-10-17 08:00:00;315.6057050934549;;;;;;;
2022-10-17 09:00:00;364.934829957133;;;;;;;
2022-10-17 10:00:00;400.004520746132;;;;;;;
2022-10-17 11:00:00;344.5118259613495;;;;;;;
2022-10-17 12:00:00;373.4231152367708;;;;;;;
2022-10-17 13:00:00;344.8570114255671;;;;;;;
2022-10-17 14:00:00;388.6110760864816;;;;;;;
2022-10-17 15:00:00;395.15032297611;;;;;;;
2022-10-17 16:00:00;353.4113925863816;;;;;;;
2022-10-17 17:00:00;342.055167063508;;;;;;;
2022-10-17 18:00:00;299.7630574703893;;;;;;;
2022-10-17 19:00:00;307.3665754913575;;;;;;;
2022-10-17 20:00:00;293.611152958414;;;;;;;
2022-10-17 21:00:00;338.1058288617318;;;;;;;
2022-10-17 22:00:00;275.8654683365281;;;;;;;
2022-10-17 23:00:00;300.4183982634415;;;;;;;
2022-10-18 00:00:00;200.0217534584542;;;;;;;
2022-10-18 01:00:00;389.2230247541386;;;;;;;
2022-10-18 02:00:00;299.0559216752225;;;;;;;
2022-10-18 03:00:00;330.4199043876685;;;;;;;
2022-10-18 04:00:00;376.9149067237124;;;;;;;
2022-10-18 05:00:00;323.2157292293473;;;;;;;
2022-10-18 06:00:00;376.2912506962464;;;;;;;
2022-10-18 07:00:00;251.6768159323377;;;;;;;
2022-10-18 08:00:00;420.5049701823993;;;;;;;
2022-10-18 09:00:00;359.7182424333374;;;;;;;
2022-10-18 10:00:00;318.9897790646102;;;;;;;
2022-10-18 11:00:00;375.3975255804577;;;;;;;
2022-10-18 12:00:00;255.0682542691694;;;;;;;
2022-10-18 13:00:00;295.8947128852133;;;;;;;
2022-10-18 14:00:00;376.286921998145;;;;;;;
2022-10-18 15:00:00;222.6664552590054;;;;;;;
2022-10-18 16:00:00;335.2854418175748;;;;;;;
2022-10-18 17:00:00;333.9733827966895;;;;;;;
2022-10-18 18:00:00;400.6419219985637;;;;;;;
2022-10-18 19:00:00;235.8468274999531;;;;;;;
2022-10-18 20:00:00;383.9593688080813;;;;;;;
2022-10-18 21:00:00;283.3289920524189;;;;;;;
2022-10-18 22:00:00;288.546368803306;;;;;;;
2022-10-18 23:00:00;252.5923017853034;;;;;;;
2022-10-19 00:00:00;258.8159845423787;;;;;;;
2022-10-19 01:00:00;328.0047917370609;;;;;;;
2022-10-19 02:00:00;257.6802982058137;;;;;;;
2022-10-19 03:00:00;343.6280720945662;;;;;;;
2022-10-19 04:00:00;278.5275708304794;;;;;;;
2022-10-19 05:00:00;253.0084707990659;;;;;;;
2022-10-19 06:00:00;284.797857374138;;;;;;;
2022-10-19 07:00:00;324.9050597234321;;;;;;;
2022-10-19 08:00:00;296.4171691135191;;;;;;;
2022-10-19 09:00:00;310.871419410396;;;;;;;
2022-10-19 10:00:00;341.5832292860038;;;;;;;
2022-10-19 11:00:00;359.5007190491497;;;;;;;
2022-10-19 12:00:00;294.8981788610961;;;;;;;
2022-10-19 13:00:00;260.8400967995167;;;;;;;
2022-10-19 14:00:00;312.8145458168941;;;;;;;
2022-10-19 15:00:00;331.11900210532;;;;;;;
2022-10-19 16:00:00;241.517406168301;;;;;;;
2022-10-19 17:00:00;267.9666440058799;;;;;;;
2022-10-19 18:00:00;275.9193367608581;;;;;;;
2022-10-19 19:00:00;299.6428997329074;;;;;;;
2022-10-19 20:00:00;273.9779432555098;;;;;;;
2022-10-19 21:00:00;342.0858130574701;;;;;;;
2022-10-19 22:00:00;234.8179414737044;;;;;;;
2022-10-19 23:00:00;235.9969876295515;;;;;;;
2022-10-20 00:00:00;293.7943352502606;;;;;;;
2022-10-20 01:00:00;301.1353226750053;;;;;;;
2022-10-20 02:00:00;241.7995399553873;;;;;;;
2022-10-20 03:00:00;281.1356358141611;;;;;;;
2022-10-20 04:00:00;290.6788366853935;;;;;;;
2022-10-20 05:00:00;291.0381881258285;;;;;;;
2022-10-20 06:00:00;316.3305056496584;;;;;;;
2022-10-20 07:00:00;278.5919249745002;;;;;;;
2022-10-20 08:00:00;377.8450610090754;;;;;;;
2022-10-20 09:00:00;331.9334275327276;;;;;;;
2022-10-20 10:00:00;271.8401877935285;;;;;;;
2022-10-20 11:00:00;313.6689598891918;;;;;;;
2022-10-20 12:00:00;315.0377204744208;;;;;;;
2022-10-20 13:00:00;365.6384674693358;;;;;;;
2022-10-20 14:00:00;281.4309906067767;;;;;;;
2022-10-20 15:00:00;344.8831956894047;;;;;;;
2022-10-20 16:00:00;311.2260613963794;;;;;;;
2022-10-20 17:00:00;378.4820421102983;;;;;;;
2022-10-20 18:00:00;369.1721944697119;;;;;;;
2022-10-20 19:00:00;318.422713008591;;;;;;;
2022-10-20 20:00:00;297.1163360558431;;;;;;;
2022-10-20 21:00:00;332.7871111760139;;;;;;;
2022-10-20 22:00:00;300.912766796552;;;;;;;
2022-10-20 23:00:00;387.2382178840058;;;;;;;
2022-10-21 00:00:00;312.9247561574048;;;;;;;
2022-10-21 01:00:00;290.465485474549;;;;;;;
2022-10-21 02:00:00;287.9615604232546;;;;;;;
2022-10-21 03:00:00;253.0083882503046;;;;;;;
2022-10-21 04:00:00;335.1045732650347;;;;;;;
2022-10-21 05:00:00;271.2418301698137;;;;;;;
2022-10-21 06:00:00;360.2303269755591;;;;;;;
2022-10-21 07:00:00;249.301640301665;;;;;;;
2022-10-21 08:00:00;315.1873892056587;;;;;;;
2022-10-21 09:00:00;362.64624762034;;;;;;;
2022-10-21 10:00:00;209.4358804869957;;;;;;;
2022-10-21 11:00:00;402.917004800384;;;;;;;
2022-10-21 12:00:00;289.5542148810886;;;;;;;
2022-10-21 13:00:00;315.8301098544682;;;;;;;
2022-10-21 14:00:00;335.7953643166499;;;;;;;
2022-10-21 15:00:00;342.9713712834068;;;;;;;
2022-10-21 16:00:00;321.9905226243179;;;;;;;
2022-10-21 17:00:00;355.555633550972;;;;;;;
2022-10-21 18:00:00;333.3653864078905;;;;;;;
2022-10-21 19:00:00;390.9762607010371;;;;;;;
2022-10-21 20:00:00;333.5164793732544;;;;;;;
2022-10-21 21:00:00;400.4289659674724;;;;;;;
2022-10-21 22:00:00;351.0877550732611;;;;;;;
2022-10-21 23:00:00;225.5107910784663;;;;;;;
2022-10-22 00:00:00;430.4202894337483;;;;;;;
2022-10-22 01:00:00;282.6389772469872;;;;;;;
2022-10-22 02:00:00;378.6665688107155;;;;;;;
2022-10-22 03:00:00;310.5273402063067;;;;;;;
2022-10-22 04:00:00;358.511108469261;;;;;;;
2022-10-22 05:00:00;277.3439615108242;;;;;;;
2022-10-22 06:00:00;338.3142678844811;;;;;;;
2022-10-22 07:00:00;297.5381415216916;;;;;;;
2022-10-22 08:00:00;382.5384573096915;;;;;;;
2022-10-22 09:00:00;329.6352993987934;;;;;;;
2022-10-22 10:00:00;352.7051791314145;;;;;;;
2022-10-22 11:00:00;208.8870644193929;;;;;;;
2022-10-22 12:00:00;305.314378195086;;;;;;;
2022-10-22 13:00:00;328.3308990040841;;;;;;;
2022-10-22 14:00:00;319.6584091150462;;;;;;;
2022-10-22 15:00:00;353.8749499193841;;;;;;;
2022-10-22 16:00:00;292.3090545006382;;;;;;;
2022-10-22 17:00:00;311.5476844264711;;;;;;;
2022-10-22 18:00:00;364.0845591674423;;;;;;;
2022-10-22 19:00:00;203.5699040997707;;;;;;;
2022-10-22 20:00:00;336.6258519223555;;;;;;;
2022-10-22 21:00:00;293.794520148991;;;;;;;
2022-10-22 22:00:00;266.9594676137547;;;;;;;
2022-10-22 23:00:00;324.8974992304471;;;;;;;
2022-10-23 00:00:00;366.2290376376282;;;;;;;
2022-10-23 01:00:00;357.4929556428004;;;;;;;
2022-10-23 02:00:00;303.0160701132811;;;;;;;
2022-10-23 03:00:00;349.9122638833929;;;;;;;
2022-10-23 04:00:00;349.5562900635078;;;;;;;
2022-10-23 05:00:00;305.2309368092496;;;;;;;
2022-10-23 06:00:00;277.130479193026;;;;;;;
2022-10-23 07:00:00;279.814132485948;;;;;;;
2022-10-23 08:00:00;348.1545570940114;;;;;;;
2022-10-23 09:00:00;307.3290191233257;;;;;;;
2022-10-23 10:00:00;260.7491577377531;;;;;;;
2022-10-23 11:00:00;231.1190726089761;;;;;;;
2022-10-23 12:00:00;347.8751853554995;;;;;;;
2022-10-23 13:00:00;283.9178224302382;;;;;;;
2022-10-23 14:00:00;324.6118843475203;;;;;;;
2022-10-23 15:00:00;366.7976078530873;;;;;;;
2022-10-23 16:00:00;248.5598486321548;;;;;;;
2022-10-23 17:00:00;307.1902788098064;;;;;;;
2022-10-23 18:00:00;301.3653679475462;;;;;;;
2022-10-23 19:00:00;326.9015990659295;;;;;;;
2022-10-23 20:00:00;366.7722353125436;;;;;;;
2022-10-23 21:00:00;247.6075310704199;;;;;;;
2022-10-23 22:00:00;335.7187572124732;;;;;;;
2022-10-23 23:00:00;357.1394410426684;;;;;;;
2022-10-24 00:00:00;300.6377958619655;;;;;;;
2022-10-24 01:00:00;302.9077914358973;;;;;;;
2022-10-24 02:00:00;328.6972957958282;;;;;;;
2022-10-24 03:00:00;325.2812988178766;;;;;;;
2022-10-24 04:00:00;336.3012010751937;;;;;;;
2022-10-24 05:00:00;335.32361143581;;;;;;;
2022-10-24 06:00:00;263.7280256951246;;;;;;;
2022-10-24 07:00:00;355.2254066911525;;;;;;;
2022-10-24 08:00:00;363.4144822104894;;;;;;;
2022-10-24 09:00:00;317.9171996508076;;;;;;;
2022-10-24 10:00:00;239.9664999117124;;;;;;;
2022-10-24 11:00:00;303.960964252726;;;;;;;
2022-10-24 12:00:00;318.3033248848266;;;;;;;
2022-10-24 13:00:00;256.1832852481725;;;;;;;
2022-10-24 14:00:00;292.5765629333085;;;;;;;
2022-10-24 15:00:00;243.8999432249501;;;;;;;
2022-10-24 16:00:00;337.4582159819931;;;;;;;
2022-10-24 17:00:00;316.9834279686892;;;;;;;
2022-10-24 18:00:00;232.9320820238343;;;;;;;
2022-10-24 19:00:00;325.5897071081098;;;;;;;
2022-10-24 20:00:00;306.6627217080215;;;;;;;
2022-10-24 21:00:00;333.2421475776295;;;;;;;
2022-10-24 22:00:00;291.1200949617281;;;;;;;
2022-10-24 23:00:00;272.1015695359645;;;;;;;
2022-10-25 00:00:00;273.5227978424873;;;;;;;
2022-10-25 01:00:00;284.3171798897641;;;;;;;
2022-10-25 02:00:00;310.1576675085055;;;;;;;
2022-10-25 03:00:00;316.1485064619343;;;;;;;
2022-10-25 04:00:00;300.4363212267032;;;;;;;
2022-10-25 05:00:00;289.6454065066171;;;;;;;
2022-10-25 06:00:00;292.981793231478;;;;;;;
2022-10-25 07:00:00;425.6243152162421;;;;;;;
2022-10-25 08:00:00;273.5283406022583;;;;;;;
2022-10-25 09:00:00;283.3985223196082;;;;;;;
2022-10-25 10:00:00;462.0949363422831;;;;;;;
2022-10-25 11:00:00;328.8162434596067;;;;;;;
2022-10-25 12:00:00;245.2633638501362;;;;;;;
2022-10-25 13:00:00;348.3788124336054;;;;;;;
2022-10-25 14:00:00;267.0652073776584;;;;;;;
2022-10-25 15:00:00;351.458092161525;;;;;;;
2022-10-25 16:00:00;299.4972226120084;;;;;;;
2022-10-25 17:00:00;288.8810272939859;;;;;;;
2022-10-25 18:00:00;383.9377457419942;;;;;;;
2022-10-25 19:00:00;335.5611801269626;;;;;;;
2022-10-25 20:00:00;354.4238781125397;;;;;;;
2022-10-25 21:00:00;329.4613971184513;;;;;;;
2022-10-25 22:00:00;288.6653629823543;;;;;;;
2022-10-25 23:00:00;337.6466719782118;;;;;;;
2022-10-26 00:00:00;365.3830257527341;;;;;;;
2022-10-26 01:00:00;315.535176079154;;;;;;;
2022-10-26 02:00:00;392.8672929756447;;;;;;;
2022-10-26 03:00:00;348.7406750537022;;;;;;;
2022-10-26 04:00:00;319.118753284246;;;;;;;
2022-10-26 05:00:00;320.9514475892452;;;;;;;
2022-10-26 06:00:00;315.6511152712953;;;;;;;
2022-10-26 07:00:00;251.2360406136791;;;;;;;
2022-10-26 08:00:00;305.1056337312388;;;;;;;
2022-10-26 09:00:00;319.5457482293067;;;;;;;
2022-10-26 10:00:00;289.9810307673226;;;;;;;
2022-10-26 11:00:00;324.950052563877;;;;;;;
2022-10-26 12:00:00;310.2728323295938;;;;;;;
2022-10-26 13:00:00;345.1779371548334;;;;;;;
2022-10-26 14:00:00;340.047860846218;;;;;;;
2022-10-26 15:00:00;317.0390050939316;;;;;;;
2022-10-26 16:00:00;245.8556947257056;;;;;;;
2022-10-26 17:00:00;392.360691489291;;;;;;;
2022-10-26 18:00:00;302.7016222438169;;;;;;;
2022-10-26 19:00:00;305.5317846336917;;;;;;;
2022-10-26 20:00:00;293.3938721856329;;;;;;;
2022-10-26 21:00:00;286.6256112818701;;;;;;;
2022-10-26 22:00:00;380.9172632677817;;;;;;;
2022-10-26 23:00:00;373.5865879896161;;;;;;;
2022-10-27 00:00:00;329.9009082659358;;;;;;;
2022-10-27 01:00:00;304.2971045777984;;;;;;;
2022-10-27 02:00:00;338.0068443068008;;;;;;;
2022-10-27 03:00:00;312.7079588396961;;;;;;;
2022-10-27 04:00:00;300.4593764932675;;;;;;;
2022-10-27 05:00:00;324.9699505006712;;;;;;;
2022-10-27 06:00:00;288.8178452644047;;;;;;;
2022-10-27 07:00:00;320.987528682051;;;;;;;
2022-10-27 08:00:00;318.7586709854885;;;;;;;
2022-10-27 09:00:00;337.2561201548684;;;;;;;
2022-10-27 10:00:00;280.5609183609117;;;;;;;
2022-10-27 11:00:00;342.2294274280518;;;;;;;
2022-10-27 12:00:00;267.2381311606679;;;;;;;
2022-10-27 13:00:00;282.7214381776218;;;;;;;
2022-10-27 14:00:00;284.7460872248269;;;;;;;
2022-10-27 15:00:00;259.5490006825342;;;;;;;
2022-10-27 16:00:00;356.4035844423507;;;;;;;
2022-10-27 17:00:00;264.3274107966604;;;;;;;
2022-10-27 18:00:00;276.8597416530561;;;;;;;
2022-10-27 19:00:00;367.52600970271;;;;;;;
2022-10-27 20:00:00;282.8134788612634;;;;;;;
2022-10-27 21:00:00;300.555884019622;;;;;;;
2022-10-27 22:00:00;262.3336160035618;;;;;;;
2022-10-27 23:00:00;347.9271337797168;;;;;;;
2022-10-28 00:00:00;348.5666581318478;;;;;;;
2022-10-28 01:00:00;343.5659788042466;;;;;;;
2022-10-28 02:00:00;334.2217536490482;;;;;;;
2022-10-28 03:00:00;312.6983151651223;;;;;;;
2022-10-28 04:00:00;284.9570991844597;;;;;;;
2022-10-28 05:00:00;271.4757370760419;;;;;;;
2022-10-28 06:00:00;369.1264547573012;;;;;;;
2022-10-28 07:00:00;344.7656169558419;;;;;;;
2022-10-28 08:00:00;277.1201023075915;;;;;;;
2022-10-28 09:00:00;311.1322226361394;;;;;;;
2022-10-28 10:00:00;295.3611874927296;;;;;;;
2022-10-28 11:00:00;256.943639044398;;;;;;;
2022-10-28 12:00:00;317.5260392455172;;;;;;;
2022-10-28 13:00:00;290.0085164177734;;;;;;;
2022-10-28 14:00:00;265.0936229550437;;;;;;;
2022-10-28 15:00:00;240.6634451793751;;;;;;;
2022-10-28 16:00:00;236.7353357647038;;;;;;;
2022-10-28 17:00:00;292.0528797456849;;;;;;;
2022-10-28 18:00:00;305.336540397545;;;;;;;
2022-10-28 19:00:00;268.6767988581296;;;;;;;
2022-10-28 20:00:00;339.4738467713718;;;;;;;
2022-10-28 21:00:00;306.2434437706634;;;;;;;
2022-10-28 22:00:00;336.0475586995336;;;;;;;
2022-10-28 23:00:00;300.7986054815468;;;;;;;
2022-10-29 00:00:00;272.7678498722013;;;;;;;
2022-10-29 01:00:00;314.5785377580758;;;;;;;
2022-10-29 02:00:00;250.7055069806524;;;;;;;
2022-10-29 03:00:00;334.3103029460909;;;;;;;
2022-10-29 04:00:00;265.8074879636393;;;;;;;
2022-10-29 05:00:00;351.8835600071515;;;;;;;
2022-10-29 06:00:00;293.5824630538954;;;;;;;
2022-10-29 07:00:00;358.578065062752;;;;;;;
2022-10-29 08:00:00;257.2028587604157;;;;;;;
2022-10-29 09:00:00;277.8407901293563;;;;;;;
2022-10-29 10:00:00;326.956902406713;;;;;;;
2022-10-29 11:00:00;363.5867813158353;;;;;;;
2022-10-29 12:00:00;386.6027222186443;;;;;;;
2022-10-29 13:00:00;311.2034073048311;;;;;;;
2022-10-29 14:00:00;394.5422079807402;;;;;;;
2022-10-29 15:00:00;295.846015865175;;;;;;;
2022-10-29 16:00:00;360.2590611982124;;;;;;;
2022-10-29 17:00:00;265.5740498795847;;;;;;;
2022-10-29 18:00:00;328.7785357193915;;;;;;;
2022-10-29 19:00:00;200.64697995611;;;;;;;
2022-10-29 20:00:00;257.2507441818644;;;;;;;
2022-10-29 21:00:00;330.9346939481268;;;;;;;
2022-10-29 22:00:00;248.3968074529884;;;;;;;
2022-10-29 23:00:00;329.0916445235854;;;;;;;
2022-10-30 00:00:00;351.3373141446068;;;;;;;
2022-10-30 01:00:00;286.0267500819847;;;;;;;
2022-10-30 02:00:00;264.3320278169307;;;;;;;
2022-10-30 03:00:00;287.2855485681966;;;;;;;
2022-10-30 04:00:00;264.4777302607792;;;;;;;
2022-10-30 05:00:00;304.5887564337326;;;;;;;
2022-10-30 06:00:00;314.0205758715887;;;;;;;
2022-10-30 07:00:00;295.0877014345434;;;;;;;
2022-10-30 08:00:00;386.9622806387174;;;;;;;
2022-10-30 09:00:00;275.9092730948398;;;;;;;
2022-10-30 10:00:00;373.8365914234101;;;;;;;
2022-10-30 11:00:00;260.9784758286129;;;;;;;
2022-10-30 12:00:00;312.6606656253829;;;;;;;
2022-10-30 13:00:00;364.171714443827;;;;;;;
2022-10-30 14:00:00;361.7709757938678;;;;;;;
2022-10-30 15:00:00;289.7874446181589;;;;;;;
2022-10-30 16:00:00;335.0354756826243;;;;;;;
2022-10-30 17:00:00;328.8239344886691;;;;;;;
2022-10-30 18:00:00;284.2351130559377;;;;;;;
2022-10-30 19:00:00;337.8598701766439;;;;;;;
2022-10-30 20:00:00;395.6902655641838;;;;;;;
2022-10-30 21:00:00;331.1677644416894;;;;;;;
2022-10-30 22:00:00;335.559093683089;;;;;;;
2022-10-30 23:00:00;340.46737087404;;;;;;;
2022-10-31 00:00:00;241.505747631635;;;;;;;
2022-10-31 01:00:00;330.6353627885939;;;;;;;
2022-10-31 02:00:00;262.1141521517496;;;;;;;
2022-10-31 03:00:00;281.9179040995319;;;;;;;
2022-10-31 04:00:00;409.5825259385916;;;;;;;
2022-10-31 05:00:00;297.5348446622725;;;;;;;
2022-10-31 06:00:00;274.9456845877554;;;;;;;
2022-10-31 07:00:00;362.7556795455394;;;;;;;
2022-10-31 08:00:00;265.3190756120704;;;;;;;
2022-10-31 09:00:00;288.5273624647263;;;;;;;
2022-10-31 10:00:00;367.2311592552777;;;;;;;
2022-10-31 11:00:00;311.2684220375227;;;;;;;
2022-10-31 12:00:00;236.83769905899;;;;;;;
2022-10-31 13:00:00;334.5214402344521;;;;;;;
2022-10-31 14:00:00;290.891219230679;;;;;;;
2022-10-31 15:00:00;380.7221097413014;;;;;;;
2022-10-31 16:00:00;281.1617036118523;;;;;;;
2022-10-31 17:00:00;358.0534782174906;;;;;;;
2022-10-31 18:00:00;391.6636555746826;;;;;;;
2022-10-31 19:00:00;269.8068117930366;;;;;;;
2022-10-31 20:00:00;300.320657722873;;;;;;;
2022-10-31 21:00:00;327.3136770555996;;;;;;;
2022-10-31 22:00:00;269.5097815294023;;;;;;;
2022-10-31 23:00:00;321.8240198018106;;;;;;;
2022-11-01 00:00:00;298.8496736508217;;;;;;;
2022-11-01 01:00:00;297.9149877876931;;;;;;;
2022-11-01 02:00:00;311.554703062286;;;;;;;
2022-11-01 03:00:00;312.5904803051223;;;;;;;
2022-11-01 04:00:00;316.8871842939797;;;;;;;
2022-11-01 05:00:00;281.5031814393077;;;;;;;
2022-11-01 06:00:00;283.5284349192323;;;;;;;
2022-11-01 07:00:00;303.7827291343592;;;;;;;
2022-11-01 08:00:00;307.2078959204995;;;;;;;
2022-11-01 09:00:00;288.9249383782356;;;;;;;
2022-11-01 10:00:00;324.3127392830265;;;;;;;
2022-11-01 11:00:00;225.0927180271096;;;;;;;
2022-11-01 12:00:00;275.3960572436283;;;;;;;
2022-11-01 13:00:00;296.2977282589521;;;;;;;
2022-11-01 14:00:00;269.5668707228413;;;;;;;
2022-11-01 15:00:00;384.8671317968556;;;;;;;
2022-11-01 16:00:00;310.1593724450036;;;;;;;
2022-11-01 17:00:00;317.4851349220287;;;;;;;
2022-11-01 18:00:00;286.8659691844908;;;;;;;
2022-11-01 19:00:00;308.5522955231745;;;;;;;
2022-11-01 20:00:00;252.9054949652508;;;;;;;
2022-11-01 21:00:00;301.4060594089642;;;;;;;
2022-11-01 22:00:00;265.8140190240366;;;;;;;
2022-11-01 23:00:00;296.4148345043951;;;;;;;
2022-11-02 00:00:00;190.5230127081194;;;;;;;
2022-11-02 01:00:00;256.9532653918897;;;;;;;
2022-11-02 02:00:00;377.1997441207345;;;;;;;
2022-11-02 03:00:00;347.8086720770953;;;;;;;
2022-11-02 04:00:00;370.4780493164899;;;;;;;
2022-11-02 05:00:00;373.6643861078602;;;;;;;
2022-11-02 06:00:00;340.5059902467942;;;;;;;
2022-11-02 07:00:00;288.2745438173972;;;;;;;
2022-11-02 08:00:00;261.1635031657143;;;;;;;
2022-11-02 09:00:00;362.4848404969135;;;;;;;
2022-11-02 10:00:00;312.2798007468614;;;;;;;
2022-11-02 11:00:00;424.9886445827885;;;;;;;
2022-11-02 12:00:00;292.3464594605989;;;;;;;
2022-11-02 13:00:00;400.8121847784952;;;;;;;
2022-11-02 14:00:00;302.010335036673;;;;;;;
2022-11-02 15:00:00;371.2671539943738;;;;;;;
2022-11-02 16:00:00;387.9983443178908;;;;;;;
2022-11-02 17:00:00;261.8269652668266;;;;;;;
2022-11-02 18:00:00;286.7839761947207;;;;;;;
2022-11-02 19:00:00;261.361679595251;;;;;;;
2022-11-02 20:00:00;252.2239394589835;;;;;;;
2022-11-02 21:00:00;340.2313191567118;;;;;;;
2022-11-02 22:00:00;300.1622106154179;;;;;;;
2022-11-02 23:00:00;311.7137338352399;;;;;;;
2022-11-03 00:00:00;335.0897279367857;;;;;;;
2022-11-03 01:00:00;223.1152274517793;;;;;;;
2022-11-03 02:00:00;368.9808039802675;;;;;;;
2022-11-03 03:00:00;293.0889187119163;;;;;;;
2022-11-03 04:00:00;333.9838279340829;;;;;;;
2022-11-03 05:00:00;338.0808338173399;;;;;;;
2022-11-03 06:00:00;372.8792040414132;;;;;;;
2022-11-03 07:00:00;304.4197095211958;;;;;;;
2022-11-03 08:00:00;210.7631558542365;;;;;;;
2022-11-03 09:00:00;311.9346226994746;;;;;;;
2022-11-03 10:00:00;318.5956440900156;;;;;;;
2022-11-03 11:00:00;261.3022212258564;;;;;;;
2022-11-03 12:00:00;316.1268034711587;;;;;;;
2022-11-03 13:00:00;292.5357201842825;;;;;;;
2022-11-03 14:00:00;246.9904098184971;;;;;;;
2022-11-03 15:00:00;340.4362839402663;;;;;;;
2022-11-03 16:00:00;283.1316188103664;;;;;;;
2022-11-03 17:00:00;290.4313134745396;;;;;;;
2022-11-03 18:00:00;287.8240636919028;;;;;;;
2022-11-03 19:00:00;366.6014453730447;;;;;;;
2022-11-03 20:00:00;307.3861123258192;;;;;;;
2022-11-03 21:00:00;312.9539715735863;;;;;;;
2022-11-03 22:00:00;288.8420433245075;;;;;;;
2022-11-03 23:00:00;330.7579390799347;;;;;;;
2022-11-04 00:00:00;371.8827589755128;;;;;;;
2022-11-04 01:00:00;339.3403004223769;;;;;;;
2022-11-04 02:00:00;341.1498987321097;;;;;;;
2022-11-04 03:00:00;337.4089461033932;;;;;;;
2022-11-04 04:00:00;245.2512100244316;;;;;;;
2022-11-04 05:00:00;268.6388486727404;;;;;;;
2022-11-04 06:00:00;299.7744133857257;;;;;;;
2022-11-04 07:00:00;275.6095662508067;;;;;;;
2022-11-04 08:00:00;259.8976297251766;;;;;;;
2022-11-04 09:00:00;222.4291308846405;;;;;;;
2022-11-04 10:00:00;246.8152653307142;;;;;;;
2022-11-04 11:00:00;297.3834214855902;;;;;;;
2022-11-04 12:00:00;306.0634484126409;;;;;;;
2022-11-04 13:00:00;272.4924565745913;;;;;;;
2022-11-04 14:00:00;312.9458710524416;;;;;;;
2022-11-04 15:00:00;289.1576299392629;;;;;;;
2022-11-04 16:00:00;359.8789182155105;;;;;;;
2022-11-04 17:00:00;301.7860742125421;;;;;;;
2022-11-04 18:00:00;341.5889550464948;;;;;;;
2022-11-04 19:00:00;318.7119460115678;;;;;;;
2022-11-04 20:00:00;244.2385329308457;;;;;;;
2022-11-04 21:00:00;305.0784485705523;;;;;;;
2022-11-04 22:00:00;251.9604472606005;;;;;;;
2022-11-04 23:00:00;304.2683094132534;;;;;;;
2022-11-05 00:00:00;274.7157295481974;;;;;;;
2022-11-05 01:00:00;327.0045980683612;;;;;;;
2022-11-05 02:00:00;247.0089488689132;;;;;;;
2022-11-05 03:00:00;309.96637803352;;;;;;;
2022-11-05 04:00:00;335.8401961791733;;;;;;;
2022-11-05 05:00:00;351.3900833925723;;;;;;;
2022-11-05 06:00:00;273.8325554573913;;;;;;;
2022-11-05 07:00:00;310.1078360342907;;;;;;;
2022-11-05 08:00:00;317.8273871591505;;;;;;;
2022-11-05 09:00:00;381.0596066543595;;;;;;;
2022-11-05 10:00:00;240.5614970283453;;;;;;;
2022-11-05 11:00:00;267.0158615650656;;;;;;;
2022-11-05 12:00:00;439.3907632794889;;;;;;;
2022-11-05 13:00:00;296.614615202521;;;;;;;
2022-11-05 14:00:00;221.5561108279437;;;;;;;
2022-11-05 15:00:00;282.2582775579893;;;;;;;
2022-11-05 16:00:00;180.8289601132659;;;;;;;
2022-11-05 17:00:00;320.4612712856232;;;;;;;
2022-11-05 18:00:00;346.8523809377018;;;;;;;
2022-11-05 19:00:00;266.9898895178906;;;;;;;
2022-11-05 20:00:00;287.4461920944035;;;;;;;
2022-11-05 21:00:00;352.1350837264608;;;;;;;
2022-11-05 22:00:00;228.0871910663013;;;;;;;
2022-11-05 23:00:00;247.9731330881922;;;;;;;
2022-11-06 00:00:00;298.7014540476733;;;;;;;
2022-11-06 01:00:00;274.3815159716576;;;;;;;
2022-11-06 02:00:00;295.6510578290621;;;;;;;
2022-11-06 03:00:00;250.6555974269459;;;;;;;
2022-11-06 04:00:00;319.2268915850569;;;;;;;
2022-11-06 05:00:00;302.3610034026175;;;;;;;
2022-11-06 06:00:00;334.7627228265381;;;;;;;
2022-11-06 07:00:00;318.5813849532309;;;;;;;
2022-11-06 08:00:00;318.8732212478202;;;;;;;
2022-11-06 09:00:00;242.1862931175056;;;;;;;
2022-11-06 10:00:00;332.1369479937734;;;;;;;
2022-11-06 11:00:00;293.9345528405564;;;;;;;
2022-11-06 12:00:00;301.5553847454299;;;;;;;
2022-11-06 13:00:00;357.9160818741717;;;;;;;
2022-11-06 14:00:00;275.9078007392539;;;;;;;
2022-11-06 15:00:00;371.9693406474077;;;;;;;
2022-11-06 16:00:00;376.2973558425476;;;;;;;
2022-11-06 17:00:00;344.2079850086876;;;;;;;
2022-11-06 18:00:00;263.7907251201813;;;;;;;
2022-11-06 19:00:00;207.856387988687;;;;;;;
2022-11-06 20:00:00;359.3343300832404;;;;;;;
2022-11-06 21:00:00;314.4517693918341;;;;;;;
2022-11-06 22:00:00;274.7126373116084;;;;;;;
2022-11-06 23:00:00;363.7289863960287;;;;;;;
2022-11-07 00:00:00;269.3143233492044;;;;;;;
2022-11-07 01:00:00;289.6066357420955;;;;;;;
2022-11-07 02:00:00;333.635375447794;;;;;;;
2022-11-07 03:00:00;257.6213370082472;;;;;;;
2022-11-07 04:00:00;304.2052120997047;;;;;;;
2022-11-07 05:00:00;359.8122796550751;;;;;;;
2022-11-07 06:00:00;319.0783078881961;;;;;;;
2022-11-07 07:00:00;367.1557326421015;;;;;;;
2022-11-07 08:00:00;361.8751368345195;;;;;;;
2022-11-07 09:00:00;309.6433232518133;;;;;;;
2022-11-07 10:00:00;200.8767007852874;;;;;;;
2022-11-07 11:00:00;257.9846163287577;;;;;;;
2022-11-07 12:00:00;344.6974123706656;;;;;;;
2022-11-07 13:00:00;237.3640526410153;;;;;;;
2022-11-07 14:00:00;294.1281870888655;;;;;;;
2022-11-07 15:00:00;324.9873334632917;;;;;;;
2022-11-07 16:00:00;377.4615977389809;;;;;;;
2022-11-07 17:00:00;282.6076349316237;;;;;;;
2022-11-07 18:00:00;279.4312225078428;;;;;;;
2022-11-07 19:00:00;306.8512234299025;;;;;;;
2022-11-07 20:00:00;325.564103387285;;;;;;;
2022-11-07 21:00:00;302.1284026237512;;;;;;;
2022-11-07 22:00:00;357.9626588169485;;;;;;;
2022-11-07 23:00:00;272.2099227073252;;;;;;;
2022-11-08 00:00:00;314.8589053365245;;;;;;;
2022-11-08 01:00:00;329.9389180720261;;;;;;;
2022-11-08 02:00:00;290.7164614716536;;;;;;;
2022-11-08 03:00:00;348.2406891136764;;;;;;;
2022-11-08 04:00:00;316.1949026275254;;;;;;;
2022-11-08 05:00:00;345.880963090456;;;;;;;
2022-11-08 06:00:00;318.2893250267904;;;;;;;
2022-11-08 07:00:00;326.7467262962978;;;;;;;
2022-11-08 08:00:00;279.9459931164212;;;;;;;
2022-11-08 09:00:00;280.0211516030851;;;;;;;
2022-11-08 10:00:00;366.0873165927624;;;;;;;
2022-11-08 11:00:00;338.7673339140482;;;;;;;
2022-11-08 12:00:00;261.826258333719;;;;;;;
2022-11-08 13:00:00;317.6750546599824;;;;;;;
2022-11-08 14:00:00;199.1585640352557;;;;;;;
2022-11-08 15:00:00;282.6577173149616;;;;;;;
2022-11-08 16:00:00;353.8689403503686;;;;;;;
2022-11-08 17:00:00;303.4784861526467;;;;;;;
2022-11-08 18:00:00;314.7546024289949;;;;;;;
2022-11-08 19:00:00;169.3464073767614;;;;;;;
2022-11-08 20:00:00;291.0866373084559;;;;;;;
2022-11-08 21:00:00;324.977665705741;;;;;;;
2022-11-08 22:00:00;330.8703509320214;;;;;;;
2022-11-08 23:00:00;353.9305513976921;;;;;;;
2022-11-09 00:00:00;299.5299075129846;;;;;;;
2022-11-09 01:00:00;301.5991095855898;;;;;;;
2022-11-09 02:00:00;247.4838661431678;;;;;;;
2022-11-09 03:00:00;299.7960256062266;;;;;;;
2022-11-09 04:00:00;250.7565133601261;;;;;;;
2022-11-09 05:00:00;223.5567330123339;;;;;;;
2022-11-09 06:00:00;258.9399766588342;;;;;;;
2022-11-09 07:00:00;379.2762096184262;;;;;;;
2022-11-09 08:00:00;296.7322707831262;;;;;;;
2022-11-09 09:00:00;319.4850145781481;;;;;;;
2022-11-09 10:00:00;285.461870484302;;;;;;;
2022-11-09 11:00:00;226.2159178709653;;;;;;;
2022-11-09 12:00:00;352.713088318401;;;;;;;
2022-11-09 13:00:00;208.510297272273;;;;;;;
2022-11-09 14:00:00;283.5460199392512;;;;;;;
2022-11-09 15:00:00;306.7505924707159;;;;;;;
2022-11-09 16:00:00;319.9773463697924;;;;;;;
2022-11-09 17:00:00;275.5814726243154;;;;;;;
2022-11-09 18:00:00;224.0164209113753;;;;;;;
2022-11-09 19:00:00;272.1194821274901;;;;;;;
2022-11-09 20:00:00;274.5474555083302;;;;;;;
2022-11-09 21:00:00;273.4184668681357;;;;;;;
2022-11-09 22:00:00;354.2879083474917;;;;;;;
2022-11-09 23:00:00;252.9820746677497;;;;;;;
2022-11-10 00:00:00;323.2475470238801;;;;;;;
2022-11-10 01:00:00;316.6281401861656;;;;;;;
2022-11-10 02:00:00;353.8423759595169;;;;;;;
2022-11-10 03:00:00;303.1079813336964;;;;;;;
2022-11-10 04:00:00;345.986982077458;;;;;;;
2022-11-10 05:00:00;301.2945731433016;;;;;;;
2022-11-10 06:00:00;329.4369410977762;;;;;;;
2022-11-10 07:00:00;239.5589042785264;;;;;;;
2022-11-10 08:00:00;186.8876147417168;;;;;;;
2022-11-10 09:00:00;326.7997197869324;;;;;;;
2022-11-10 10:00:00;329.2880485072885;;;;;;;
2022-11-10 11:00:00;331.3441338919796;;;;;;;
2022-11-10 12:00:00;284.9313119322394;;;;;;;
2022-11-10 13:00:00;378.3964818082732;;;;;;;
2022-11-10 14:00:00;287.9493716984192;;;;;;;
2022-11-10 15:00:00;328.8100137254533;;;;;;;
2022-11-10 16:00:00;336.8710706270176;;;;;;;
2022-11-10 17:00:00;389.0212290273749;;;;;;;
2022-11-10 18:00:00;294.5764778009709;;;;;;;
2022-11-10 19:00:00;278.9809727108019;;;;;;;
2022-11-10 20:00:00;239.7813896329454;;;;;;;
2022-11-10 21:00:00;381.3027378640084;;;;;;;
2022-11-10 22:00:00;328.8346893893853;;;;;;;
2022-11-10 23:00:00;330.3030259303331;;;;;;;
2022-11-11 00:00:00;453.8764848793815;;;;;;;
2022-11-11 01:00:00;324.3640077568272;;;;;;;
2022-11-11 02:00:00;248.8661826171431;;;;;;;
2022-11-11 03:00:00;300.1958357867586;;;;;;;
2022-11-11 04:00:00;264.0615840465294;;;;;;;
2022-11-11 05:00:00;290.9189382563963;;;;;;;
2022-11-11 06:00:00;290.6071236101088;;;;;;;
2022-11-11 07:00:00;282.0507053575458;;;;;;;
2022-11-11 08:00:00;244.6462562918572;;;;;;;
2022-11-11 09:00:00;383.1646894960666;;;;;;;
2022-11-11 10:00:00;323.1486736202384;;;;;;;
2022-11-11 11:00:00;298.8240766373361;;;;;;;
2022-11-11 12:00:00;344.4331467234097;;;;;;;
2022-11-11 13:00:00;331.1383797923445;;;;;;;
2022-11-11 14:00:00;322.0743446051329;;;;;;;
2022-11-11 15:00:00;341.0631960422223;;;;;;;
2022-11-11 16:00:00;315.4979088760293;;;;;;;
2022-11-11 17:00:00;340.3776697047716;;;;;;;
2022-11-11 18:00:00;344.223195465327;;;;;;;
2022-11-11 19:00:00;316.8332744573994;;;;;;;
2022-11-11 20:00:00;299.05963722021;;;;;;;
2022-11-11 21:00:00;380.283528255231;;;;;;;
2022-11-11 22:00:00;287.1132034096956;;;;;;;
2022-11-11 23:00:00;327.4383956311258;;;;;;;
2022-11-12 00:00:00;328.4866287173747;;;;;;;
2022-11-12 01:00:00;281.0053184192136;;;;;;;
2022-11-12 02:00:00;271.8073016842541;;;;;;;
2022-11-12 03:00:00;292.8681891012787;;;;;;;
2022-11-12 04:00:00;286.4490781109585;;;;;;;
2022-11-12 05:00:00;241.6377832293505;;;;;;;
2022-11-12 06:00:00;279.0597392489032;;;;;;;
2022-11-12 07:00:00;321.6351106978055;;;;;;;
2022-11-12 08:00:00;368.014796783134;;;;;;;
2022-11-12 09:00:00;335.0040036107112;;;;;;;
2022-11-12 10:00:00;188.6850319227431;;;;;;;
2022-11-12 11:00:00;339.0360990621605;;;;;;;
2022-11-12 12:00:00;283.3901819722749;;;;;;;
2022-11-12 13:00:00;330.3039059428951;;;;;;;
2022-11-12 14:00:00;308.6285493172612;;;;;;;
2022-11-12 15:00:00;300.3450321730351;;;;;;;
2022-11-12 16:00:00;304.5413352630027;;;;;;;
2022-11-12 17:00:00;308.2439983802332;;;;;;;
2022-11-12 18:00:00;371.6548283522761;;;;;;;
2022-11-12 19:00:00;308.3722332819749;;;;;;;
2022-11-12 20:00:00;359.645217375258;;;;;;;
2022-11-12 21:00:00;352.8890436134807;;;;;;;
2022-11-12 22:00:00;340.2303308568502;;;;;;;
2022-11-12 23:00:00;226.3983430108275;;;;;;;
2022-11-13 00:00:00;361.0878674265598;;;;;;;
2022-11-13 01:00:00;288.0410677697615;;;;;;;
2022-11-13 02:00:00;342.488805393141;;;;;;;
2022-11-13 03:00:00;264.1659478163528;;;;;;;
2022-11-13 04:00:00;254.3055982269753;;;;;;;
2022-11-13 05:00:00;400.9742288267264;;;;;;;
2022-11-13 06:00:00;264.8873426588612;;;;;;;
2022-11-13 07:00:00;362.4552435462412;;;;;;;
2022-11-13 08:00:00;314.7781537389984;;;;;;;
2022-11-13 09:00:00;289.7938393501724;;;;;;;
2022-11-13 10:00:00;307.2045907646828;;;;;;;
2022-11-13 11:00:00;248.9231021547623;;;;;;;
2022-11-13 12:00:00;308.6462193306206;;;;;;;
2022-11-13 13:00:00;259.0531309357726;;;;;;;
2022-11-13 14:00:00;290.9386365872976;;;;;;;
2022-11-13 15:00:00;352.2114185888393;;;;;;;
2022-11-13 16:00:00;321.0769000619938;;;;;;;
2022-11-13 17:00:00;240.5225068778169;;;;;;;
2022-11-13 18:00:00;348.7871105553601;;;;;;;
2022-11-13 19:00:00;308.954944668578;;;;;;;
2022-11-13 20:00:00;284.1309110012197;;;;;;;
2022-11-13 21:00:00;343.9246125220465;;;;;;;
2022-11-13 22:00:00;301.5271534584168;;;;;;;
2022-11-13 23:00:00;255.206204946576;;;;;;;
2022-11-14 00:00:00;395.0091073345268;;;;;;;
2022-11-14 01:00:00;308.482311168673;;;;;;;
2022-11-14 02:00:00;305.5086462638801;;;;;;;
2022-11-14 03:00:00;290.4904197035485;;;;;;;
2022-11-14 04:00:00;364.0260568802046;;;;;;;
2022-11-14 05:00:00;284.9338174420208;;;;;;;
2022-11-14 06:00:00;237.6086143380012;;;;;;;
2022-11-14 07:00:00;277.7986674063366;;;;;;;
2022-11-14 08:00:00;370.8369087231143;;;;;;;
2022-11-14 09:00:00;347.8891360590868;;;;;;;
2022-11-14 10:00:00;297.4534699623729;;;;;;;
2022-11-14 11:00:00;372.993264119128;;;;;;;
2022-11-14 12:00:00;343.9833421311981;;;;;;;
2022-11-14 13:00:00;296.9165348605935;;;;;;;
2022-11-14 14:00:00;301.5873238823262;;;;;;;
2022-11-14 15:00:00;324.5622431139365;;;;;;;
2022-11-14 16:00:00;270.6908828158388;;;;;;;
2022-11-14 17:00:00;309.4933233445859;;;;;;;
2022-11-14 18:00:00;323.597073418986;;;;;;;
2022-11-14 19:00:00;231.0214901689332;;;;;;;
2022-11-14 20:00:00;300.5012503006178;;;;;;;
2022-11-14 21:00:00;295.2247424285487;;;;;;;
2022-11-14 22:00:00;356.9791194150918;;;;;;;
2022-11-14 23:00:00;223.713221259972;;;;;;;
2022-11-15 00:00:00;291.5852468616751;;;;;;;
2022-11-15 01:00:00;286.9344475446894;;;;;;;
2022-11-15 02:00:00;353.8245559147144;;;;;;;
2022-11-15 03:00:00;307.2640807517679;;;;;;;
2022-11-15 04:00:00;392.609908479643;;;;;;;
2022-11-15 05:00:00;340.0061538944741;;;;;;;
2022-11-15 06:00:00;290.2529903665908;;;;;;;
2022-11-15 07:00:00;320.4027230260645;;;;;;;
2022-11-15 08:00:00;292.8581317086797;;;;;;;
2022-11-15 09:00:00;349.1539819276543;;;;;;;
2022-11-15 10:00:00;247.4801415613124;;;;;;;
2022-11-15 11:00:00;271.0708837490469;;;;;;;
2022-11-15 12:00:00;330.4249835113171;;;;;;;
2022-11-15 13:00:00;366.1504091466434;;;;;;;
2022-11-15 14:00:00;207.1291669667436;;;;;;;
2022-11-15 15:00:00;373.0496810286466;;;;;;;
2022-11-15 16:00:00;302.7830817096765;;;;;;;
2022-11-15 17:00:00;221.8863730373229;;;;;;;
2022-11-15 18:00:00;170.0262176229357;;;;;;;
2022-11-15 19:00:00;238.332051691123;;;;;;;
2022-11-15 20:00:00;308.3701609798915;;;;;;;
2022-11-15 21:00:00;306.2271369391843;;;;;;;
2022-11-15 22:00:00;338.660166441515;;;;;;;
2022-11-15 23:00:00;283.7921560986593;;;;;;;
2022-11-16 00:00:00;257.8793861473437;;;;;;;
2022-11-16 01:00:00;290.1201499605757;;;;;;;
2022-11-16 02:00:00;310.8435916422837;;;;;;;
2022-11-16 03:00:00;319.9904825189026;;;;;;;
2022-11-16 04:00:00;272.6728811491487;;;;;;;
2022-11-16 05:00:00;351.1048210773657;;;;;;;
2022-11-16 06:00:00;280.456079593456;;;;;;;
2022-11-16 07:00:00;268.9358297894706;;;;;;;
2022-11-16 08:00:00;284.1213429323245;;;;;;;
2022-11-16 09:00:00;359.149003582644;;;;;;;
2022-11-16 10:00:00;303.1235422999161;;;;;;;
2022-11-16 11:00:00;277.0640007975914;;;;;;;
2022-11-16 12:00:00;352.2489124998492;;;;;;;
2022-11-16 13:00:00;408.6921006496733;;;;;;;
2022-11-16 14:00:00;319.0120541152652;;;;;;;
2022-11-16 15:00:00;366.5255406633909;;;;;;;
2022-11-16 16:00:00;357.3507213083057;;;;;;;
2022-11-16 17:00:00;281.1870894822616;;;;;;;
2022-11-16 18:00:00;310.5199515905268;;;;;;;
2022-11-16 19:00:00;249.7836796008949;;;;;;;
2022-11-16 20:00:00;299.7765069577795;;;;;;;
2022-11-16 21:00:00;280.2336919155209;;;;;;;
2022-11-16 22:00:00;290.5933749437074;;;;;;;
2022-11-16 23:00:00;274.4947050371376;;;;;;;
2022-11-17 00:00:00;295.9651401993132;;;;;;;
2022-11-17 01:00:00;333.9760052069963;;;;;;;
2022-11-17 02:00:00;303.7407752597948;;;;;;;
2022-11-17 03:00:00;222.7911115225563;;;;;;;
2022-11-17 04:00:00;274.6698125328248;;;;;;;
2022-11-17 05:00:00;238.7953617657435;;;;;;;
2022-11-17 06:00:00;320.6069216321794;;;;;;;
2022-11-17 07:00:00;332.6345468356858;;;;;;;
2022-11-17 08:00:00;321.1862728315828;;;;;;;
2022-11-17 09:00:00;272.7545464049036;;;;;;;
2022-11-17 10:00:00;320.7365289196056;;;;;;;
2022-11-17 11:00:00;287.47447613706;;;;;;;
2022-11-17 12:00:00;256.4790285469903;;;;;;;
2022-11-17 13:00:00;343.7044151895684;;;;;;;
2022-11-17 14:00:00;347.2347952328499;;;;;;;
2022-11-17 15:00:00;353.3060956707875;;;;;;;
2022-11-17 16:00:00;281.0614188325765;;;;;;;
2022-11-17 17:00:00;363.9980623145959;;;;;;;
2022-11-17 18:00:00;286.3857336747997;;;;;;;
2022-11-17 19:00:00;339.6019783426101;;;;;;;
2022-11-17 20:00:00;285.5817300399208;;;;;;;
2022-11-17 21:00:00;298.8931956964107;;;;;;;
2022-11-17 22:00:00;196.9594688243692;;;;;;;
2022-11-17 23:00:00;295.2777678776936;;;;;;;
2022-11-18 00:00:00;313.5102262100936;;;;;;;
2022-11-18 01:00:00;290.261033776673;;;;;;;
2022-11-18 02:00:00;390.7585366651504;;;;;;;
2022-11-18 03:00:00;255.3544412682797;;;;;;;
2022-11-18 04:00:00;283.1382953523786;;;;;;;
2022-11-18 05:00:00;267.3048847518677;;;;;;;
2022-11-18 06:00:00;283.1292143676634;;;;;;;
2022-11-18 07:00:00;357.1343048173407;;;;;;;
2022-11-18 08:00:00;377.8541305082301;;;;;;;
2022-11-18 09:00:00;276.7726963560485;;;;;;;
2022-11-18 10:00:00;275.7420868397601;;;;;;;
2022-11-18 11:00:00;255.6020590929211;;;;;;;
2022-11-18 12:00:00;369.8863598288282;;;;;;;
2022-11-18 13:00:00;361.2906845214007;;;;;;;
2022-11-18 14:00:00;304.367545061287;;;;;;;
2022-11-18 15:00:00;244.5155825394181;;;;;;;
2022-11-18 16:00:00;248.6647846918974;;;;;;;
2022-11-18 17:00:00;317.2002734918344;;;;;;;
2022-11-18 18:00:00;334.7695622262116;;;;;;;
2022-11-18 19:00:00;213.4303923271459;;;;;;;
2022-11-18 20:00:00;294.377903778044;;;;;;;
2022-11-18 21:00:00;384.3613533352798;;;;;;;
2022-11-18 22:00:00;299.1934933187723;;;;;;;
2022-11-18 23:00:00;378.3925773371336;;;;;;;
2022-11-19 00:00:00;339.3952901603902;;;;;;;
2022-11-19 01:00:00;258.981719338293;;;;;;;
2022-11-19 02:00:00;295.7065250704845;;;;;;;
2022-11-19 03:00:00;303.3138548892853;;;;;;;
2022-11-19 04:00:00;265.0947873271082;;;;;;;
2022-11-19 05:00:00;264.2895754291637;;;;;;;
2022-11-19 06:00:00;379.1873066589663;;;;;;;
2022-11-19 07:00:00;263.9419740178089;;;;;;;
2022-11-19 08:00:00;359.3158269391125;;;;;;;
2022-11-19 09:00:00;289.0346505696651;;;;;;;
2022-11-19 10:00:00;308.0948450135234;;;;;;;
2022-11-19 11:00:00;335.3497718714511;;;;;;;
2022-11-19 12:00:00;281.515599477854;;;;;;;
2022-11-19 13:00:00;335.6309064602733;;;;;;;
2022-11-19 14:00:00;214.3450282798416;;;;;;;
2022-11-19 15:00:00;329.6835116129527;;;;;;;
2022-11-19 16:00:00;194.7626717508488;;;;;;;
2022-11-19 17:00:00;298.7603010350605;;;;;;;
2022-11-19 18:00:00;348.9149157322045;;;;;;;
2022-11-19 19:00:00;338.1542486442862;;;;;;;
2022-11-19 20:00:00;249.0476208376577;;;;;;;
2022-11-19 21:00:00;255.0204925690752;;;;;;;
2022-11-19 22:00:00;277.3350017238733;;;;;;;
2022-11-19 23:00:00;317.923368419438;;;;;;;
2022-11-20 00:00:00;215.0175597456199;;;;;;;
2022-11-20 01:00:00;308.6708447227601;;;;;;;
2022-11-20 02:00:00;323.7323548073762;;;;;;;
2022-11-20 03:00:00;296.1534770616616;;;;;;;
2022-11-20 04:00:00;333.6553522954405;;;;;;;
2022-11-20 05:00:00;319.6634775993832;;;;;;;
2022-11-20 06:00:00;284.1555459154396;;;;;;;
2022-11-20 07:00:00;219.4593695594394;;;;;;;
2022-11-20 08:00:00;315.4737075856627;;;;;;;
2022-11-20 09:00:00;265.0686312848919;;;;;;;
2022-11-20 10:00:00;282.4534754829921;;;;;;;
2022-11-20 11:00:00;331.5121627198966;;;;;;;
2022-11-20 12:00:00;375.0381704845535;;;;;;;
2022-11-20 13:00:00;307.5186115074122;;;;;;;
2022-11-20 14:00:00;334.9888564700919;;;;;;;
2022-11-20 15:00:00;242.2710994990451;;;;;;;
2022-11-20 16:00:00;320.6748105465218;;;;;;;
2022-11-20 17:00:00;306.505126332657;;;;;;;
2022-11-20 18:00:00;366.3114441479025;;;;;;;
2022-11-20 19:00:00;284.2110214726703;;;;;;;
2022-11-20 20:00:00;298.0741124569995;;;;;;;
2022-11-20 21:00:00;358.405528522588;;;;;;;
2022-11-20 22:00:00;305.0146300708851;;;;;;;
2022-11-20 23:00:00;257.8422332982833;;;;;;;
2022-11-21 00:00:00;427.6613462435669;;;;;;;
2022-11-21 01:00:00;259.2455467898156;;;;;;;
2022-11-21 02:00:00;306.2827133025003;;;;;;;
2022-11-21 03:00:00;325.3681030876124;;;;;;;
2022-11-21 04:00:00;321.6998063775603;;;;;;;
2022-11-21 05:00:00;300.4816085144812;;;;;;;
2022-11-21 06:00:00;300.712798551555;;;;;;;
2022-11-21 07:00:00;298.3852099983255;;;;;;;
2022-11-21 08:00:00;257.5131944937498;;;;;;;
2022-11-21 09:00:00;409.0386850224644;;;;;;;
2022-11-21 10:00:00;299.0783601695262;;;;;;;
2022-11-21 11:00:00;336.9775309831776;;;;;;;
2022-11-21 12:00:00;293.7588891250701;;;;;;;
2022-11-21 13:00:00;292.8258951746122;;;;;;;
2022-11-21 14:00:00;288.1550838017999;;;;;;;
2022-11-21 15:00:00;237.3828709974295;;;;;;;
2022-11-21 16:00:00;301.8326813759107;;;;;;;
2022-11-21 17:00:00;290.4021584980716;;;;;;;
2022-11-21 18:00:00;363.6344458536665;;;;;;;
2022-11-21 19:00:00;253.7662338527375;;;;;;;
2022-11-21 20:00:00;282.5089354493495;;;;;;;
2022-11-21 21:00:00;267.60328891008;;;;;;;
2022-11-21 22:00:00;376.2071265323124;;;;;;;
2022-11-21 23:00:00;268.9501612889943;;;;;;;
2022-11-22 00:00:00;335.3709003122759;;;;;;;
2022-11-22 01:00:00;354.2926813715211;;;;;;;
2022-11-22 02:00:00;302.5052925999615;;;;;;;
2022-11-22 03:00:00;245.4104130017308;;;;;;;
2022-11-22 04:00:00;245.9976113461299;;;;;;;
2022-11-22 05:00:00;349.1710532301685;;;;;;;
2022-11-22 06:00:00;250.8020265706478;;;;;;;
2022-11-22 07:00:00;327.4714740825752;;;;;;;
2022-11-22 08:00:00;314.5892794506969;;;;;;;
2022-11-22 09:00:00;326.7804960998627;;;;;;;
2022-11-22 10:00:00;331.16238951859;;;;;;;
2022-11-22 11:00:00;265.9688611762425;;;;;;;
2022-11-22 12:00:00;264.0269857935658;;;;;;;
2022-11-22 13:00:00;342.4516844560397;;;;;;;
2022-11-22 14:00:00;280.0873583020752;;;;;;;
2022-11-22 15:00:00;181.6976498999655;;;;;;;
2022-11-22 16:00:00;339.3817977367857;;;;;;;
2022-11-22 17:00:00;261.2094160302929;;;;;;;
2022-11-22 18:00:00;330.9559918769264;;;;;;;
2022-11-22 19:00:00;373.9010155050656;;;;;;;
2022-11-22 20:00:00;310.0619762081827;;;;;;;
2022-11-22 21:00:00;355.4805353569034;;;;;;;
2022-11-22 22:00:00;316.4194031144426;;;;;;;
2022-11-22 23:00:00;382.9293718099271;;;;;;;
2022-11-23 00:00:00;260.0103599633023;;;;;;;
2022-11-23 01:00:00;308.9032067286852;;;;;;;
2022-11-23 02:00:00;340.5140709589459;;;;;;;
2022-11-23 03:00:00;300.4506157664949;;;;;;;
2022-11-23 04:00:00;362.7388120021777;;;;;;;
2022-11-23 05:00:00;289.2408630542614;;;;;;;
2022-11-23 06:00:00;405.2879292865038;;;;;;;
2022-11-23 07:00:00;407.7386836811044;;;;;;;
2022-11-23 08:00:00;322.3703883171636;;;;;;;
2022-11-23 09:00:00;334.9209535879444;;;;;;;
2022-11-23 10:00:00;364.56911512458;;;;;;;
2022-11-23 11:00:00;254.2070901346174;;;;;;;
2022-11-23 12:00:00;248.4171662924429;;;;;;;
2022-11-23 13:00:00;367.5729221049731;;;;;;;
2022-11-23 14:00:00;321.9953722618596;;;;;;;
2022-11-23 15:00:00;298.7761432299134;;;;;;;
2022-11-23 16:00:00;309.8003609027716;;;;;;;
2022-11-23 17:00:00;198.5895387743437;;;;;;;
2022-11-23 18:00:00;300.4436310078223;;;;;;;
2022-11-23 19:00:00;274.3484889653017;;;;;;;
2022-11-23 20:00:00;351.8760957585896;;;;;;;
2022-11-23 21:00:00;355.446434288688;;;;;;;
2022-11-23 22:00:00;336.0380446590624;;;;;;;
2022-11-23 23:00:00;327.6306954020677;;;;;;;
2022-11-24 00:00:00;239.8184404577971;;;;;;;
2022-11-24 01:00:00;336.6858180554318;;;;;;;
2022-11-24 02:00:00;338.4837588983756;;;;;;;
2022-11-24 03:00:00;367.0521061699121;;;;;;;
2022-11-24 04:00:00;407.5536840962912;;;;;;;
2022-11-24 05:00:00;230.7619495157366;;;;;;;
2022-11-24 06:00:00;291.261852715117;;;;;;;
2022-11-24 07:00:00;274.8486064467471;;;;;;;
2022-11-24 08:00:00;317.2873867303284;;;;;;;
2022-11-24 09:00:00;309.906069118951;;;;;;;
2022-11-24 10:00:00;298.4246341556699;;;;;;;
2022-11-24 11:00:00;356.9576090666659;;;;;;;
2022-11-24 12:00:00;258.1867993882574;;;;;;;
2022-11-24 13:00:00;260.9839394406662;;;;;;;
2022-11-24 14:00:00;261.7677987315109;;;;;;;
2022-11-24 15:00:00;292.567770420055;;;;;;;
2022-11-24 16:00:00;252.2867677395346;;;;;;;
2022-11-24 17:00:00;307.0309614321462;;;;;;;
2022-11-24 18:00:00;301.60679304289;;;;;;;
2022-11-24 19:00:00;272.7958024266466;;;;;;;
2022-11-24 20:00:00;349.820651870736;;;;;;;
2022-11-24 21:00:00;306.5239343478896;;;;;;;
2022-11-24 22:00:00;358.5833467600635;;;;;;;
2022-11-24 23:00:00;300.2354422941523;;;;;;;
2022-11-25 00:00:00;308.1618564869415;;;;;;;
2022-11-25 01:00:00;283.1753553039242;;;;;;;
2022-11-25 02:00:00;308.9574137490436;;;;;;;
2022-11-25 03:00:00;342.3266178574589;;;;;;;
2022-11-25 04:00:00;290.2014370892275;;;;;;;
2022-11-25 05:00:00;333.3348252329189;;;;;;;
2022-11-25 06:00:00;271.578837574613;;;;;;;
2022-11-25 07:00:00;344.4986872879766;;;;;;;
2022-11-25 08:00:00;282.3809543816246;;;;;;;
2022-11-25 09:00:00;348.7960061747065;;;;;;;
2022-11-25 10:00:00;312.1131847076485;;;;;;;
2022-11-25 11:00:00;379.8453929278844;;;;;;;
2022-11-25 12:00:00;255.7440633862368;;;;;;;
2022-11-25 13:00:00;240.8005716796134;;;;;;;
2022-11-25 14:00:00;280.6963715094189;;;;;;;
2022-11-25 15:00:00;245.0485528001199;;;;;;;
2022-11-25 16:00:00;245.1355878950949;;;;;;;
2022-11-25 17:00:00;338.1197072022558;;;;;;;
2022-11-25 18:00:00;309.090456132479;;;;;;;
2022-11-25 19:00:00;287.0306506181453;;;;;;;
2022-11-25 20:00:00;291.3321017765472;;;;;;;
2022-11-25 21:00:00;281.5768845641163;;;;;;;
2022-11-25 22:00:00;385.8493176507358;;;;;;;
2022-11-25 23:00:00;275.1622638713164;;;;;;;
2022-11-26 00:00:00;247.9470285999323;;;;;;;
2022-11-26 01:00:00;346.2152176826397;;;;;;;
2022-11-26 02:00:00;299.2748466911092;;;;;;;
2022-11-26 03:00:00;403.8684319580786;;;;;;;
2022-11-26 04:00:00;284.8722483365444;;;;;;;
2022-11-26 05:00:00;348.5317678711145;;;;;;;
2022-11-26 06:00:00;359.4903214816208;;;;;;;
2022-11-26 07:00:00;285.0981715606424;;;;;;;
2022-11-26 08:00:00;274.8182595889119;;;;;;;
2022-11-26 09:00:00;343.6782780921818;;;;;;;
2022-11-26 10:00:00;335.9550799339594;;;;;;;
2022-11-26 11:00:00;243.8423832561373;;;;;;;
2022-11-26 12:00:00;256.9332039182474;;;;;;;
2022-11-26 13:00:00;191.6126164867898;;;;;;;
2022-11-26 14:00:00;336.905894292981;;;;;;;
2022-11-26 15:00:00;297.1374645612813;;;;;;;
2022-11-26 16:00:00;301.7617339872072;;;;;;;
2022-11-26 17:00:00;230.8137504272662;;;;;;;
2022-11-26 18:00:00;258.3404452556284;;;;;;;
2022-11-26 19:00:00;287.1105417338404;;;;;;;
2022-11-26 20:00:00;278.0933563724511;;;;;;;
2022-11-26 21:00:00;314.7510490236129;;;;;;;
2022-11-26 22:00:00;336.3529529680162;;;;;;;
2022-11-26 23:00:00;414.5776589336625;;;;;;;
2022-11-27 00:00:00;308.355678392721;;;;;;;
2022-11-27 01:00:00;361.0308047910056;;;;;;;
2022-11-27 02:00:00;270.77968635579;;;;;;;
2022-11-27 03:00:00;231.579126257604;;;;;;;
2022-11-27 04:00:00;292.9401150642707;;;;;;;
2022-11-27 05:00:00;235.1617798243673;;;;;;;
2022-11-27 06:00:00;309.9650485078888;;;;;;;
2022-11-27 07:00:00;273.0769877799028;;;;;;;
2022-11-27 08:00:00;218.6204964652601;;;;;;;
2022-11-27 09:00:00;389.8231253074058;;;;;;;
2022-11-27 10:00:00;284.3454099759333;;;;;;;
2022-11-27 11:00:00;233.3108251956372;;;;;;;
2022-11-27 12:00:00;350.9528893377802;;;;;;;
2022-11-27 13:00:00;275.4819716204346;;;;;;;
2022-11-27 14:00:00;359.8600107208582;;;;;;;
2022-11-27 15:00:00;275.2602160545292;;;;;;;
2022-11-27 16:00:00;284.1906451612199;;;;;;;
2022-11-27 17:00:00;325.2819776159571;;;;;;;
2022-11-27 18:00:00;336.8053394678354;;;;;;;
2022-11-27 19:00:00;344.9363171096874;;;;;;;
2022-11-27 20:00:00;305.1209923458563;;;;;;;
2022-11-27 21:00:00;333.8082510282364;;;;;;;
2022-11-27 22:00:00;343.876007084363;;;;;;;
2022-11-27 23:00:00;318.5892549133042;;;;;;;
2022-11-28 00:00:00;302.6660337617178;;;;;;;
2022-11-28 01:00:00;242.2332613267837;;;;;;;
2022-11-28 02:00:00;337.0815972995156;;;;;;;
2022-11-28 03:00:00;311.2408710133599;;;;;;;
2022-11-28 04:00:00;290.0955866914795;;;;;;;
2022-11-28 05:00:00;368.5632868307451;;;;;;;
2022-11-28 06:00:00;243.043337985673;;;;;;;
2022-11-28 07:00:00;385.5555198546403;;;;;;;
2022-11-28 08:00:00;308.2510050449741;;;;;;;
2022-11-28 09:00:00;324.0148305819972;;;;;;;
2022-11-28 10:00:00;290.9571787909017;;;;;;;
2022-11-28 11:00:00;231.9443942478064;;;;;;;
2022-11-28 12:00:00;302.8074485185454;;;;;;;
2022-11-28 13:00:00;324.8140241320639;;;;;;;
2022-11-28 14:00:00;340.6562106733955;;;;;;;
2022-11-28 15:00:00;300.097036915404;;;;;;;
2022-11-28 16:00:00;207.5665918775269;;;;;;;
2022-11-28 17:00:00;237.7625690012187;;;;;;;
2022-11-28 18:00:00;404.4829459582636;;;;;;;
2022-11-28 19:00:00;258.5986838691897;;;;;;;
2022-11-28 20:00:00;375.488924924994;;;;;;;
2022-11-28 21:00:00;265.9495640150542;;;;;;;
2022-11-28 22:00:00;300.8197085906995;;;;;;;
2022-11-28 23:00:00;338.2893882732014;;;;;;;
2022-11-29 00:00:00;271.2333289981044;;;;;;;
2022-11-29 01:00:00;383.1513980991635;;;;;;;
2022-11-29 02:00:00;312.7975605009058;;;;;;;
2022-11-29 03:00:00;330.664412616636;;;;;;;
2022-11-29 04:00:00;296.8693236426558;;;;;;;
2022-11-29 05:00:00;339.8440999720976;;;;;;;
2022-11-29 06:00:00;382.5286976075623;;;;;;;
2022-11-29 07:00:00;303.1936191056599;;;;;;;
2022-11-29 08:00:00;389.5302784373434;;;;;;;
2022-11-29 09:00:00;280.9107722380729;;;;;;;
2022-11-29 10:00:00;344.7327601804205;;;;;;;
2022-11-29 11:00:00;331.9756307628731;;;;;;;
2022-11-29 12:00:00;259.7099692397206;;;;;;;
2022-11-29 13:00:00;319.2035198371635;;;;;;;
2022-11-29 14:00:00;309.6260467886875;;;;;;;
2022-11-29 15:00:00;269.7024769324656;;;;;;;
2022-11-29 16:00:00;325.8930024144772;;;;;;;
2022-11-29 17:00:00;316.0710808751972;;;;;;;
2022-11-29 18:00:00;305.9168207138943;;;;;;;
2022-11-29 19:00:00;306.1028310277993;;;;;;;
2022-11-29 20:00:00;305.1085071473554;;;;;;;
2022-11-29 21:00:00;292.2257622484078;;;;;;;
2022-11-29 22:00:00;315.7715954035535;;;;;;;
2022-11-29 23:00:00;279.4114358911815;;;;;;;
2022-11-30 00:00:00;432.5407495340421;;;;;;;
2022-11-30 01:00:00;243.9016199523668;;;;;;;
2022-11-30 02:00:00;282.1568662961839;;;;;;;
2022-11-30 03:00:00;285.8216058806935;;;;;;;
2022-11-30 04:00:00;403.948214578533;;;;;;;
2022-11-30 05:00:00;248.0397790139968;;;;;;;
2022-11-30 06:00:00;329.0439847621068;;;;;;;
2022-11-30 07:00:00;320.8079799033266;;;;;;;
2022-11-30 08:00:00;324.7610157893046;;;;;;;
2022-11-30 09:00:00;366.6415548397578;;;;;;;
2022-11-30 10:00:00;365.6898651999682;;;;;;;
2022-11-30 11:00:00;288.3632400128781;;;;;;;
2022-11-30 12:00:00;318.285304706941;;;;;;;
2022-11-30 13:00:00;222.8036916129952;;;;;;;
2022-11-30 14:00:00;313.8815085100339;;;;;;;
2022-11-30 15:00:00;272.4490492143602;;;;;;;
2022-11-30 16:00:00;300.6375471044125;;;;;;;
2022-11-30 17:00:00;231.0954573913795;;;;;;;
2022-11-30 18:00:00;328.0674189944991;;;;;;;
2022-11-30 19:00:00;230.576006760872;;;;;;;
2022-11-30 20:00:00;316.163637023632;;;;;;;
2022-11-30 21:00:00;252.3834789158961;;;;;;;
2022-11-30 22:00:00;269.8672237741757;;;;;;;
2022-11-30 23:00:00;362.8554016397721;;;;;;;
2022-12-01 00:00:00;336.559391868572;;;;;;;
2022-12-01 01:00:00;362.5988983173575;;;;;;;
2022-12-01 02:00:00;381.6441935928578;;;;;;;
2022-12-01 03:00:00;273.4302871588993;;;;;;;
2022-12-01 04:00:00;378.8255864432817;;;;;;;
2022-12-01 05:00:00;241.2956330628112;;;;;;;
2022-12-01 06:00:00;343.8978917779592;;;;;;;
2022-12-01 07:00:00;286.3970783812016;;;;;;;
2022-12-01 08:00:00;266.1252341745311;;;;;;;
2022-12-01 09:00:00;337.7912058170564;;;;;;;
2022-12-01 10:00:00;353.123125111485;;;;;;;
2022-12-01 11:00:00;351.7460457081219;;;;;;;
2022-12-01 12:00:00;319.2522406659795;;;;;;;
2022-12-01 13:00:00;315.4061700850383;;;;;;;
2022-12-01 14:00:00;333.7270575912039;;;;;;;
2022-12-01 15:00:00;323.3767413206851;;;;;;;
2022-12-01 16:00:00;334.3992524496209;;;;;;;
2022-12-01 17:00:00;318.7483966603415;;;;;;;
2022-12-01 18:00:00;348.3832949158222;;;;;;;
2022-12-01 19:00:00;233.7938420852125;;;;;;;
2022-12-01 20:00:00;303.1941972757468;;;;;;;
2022-12-01 21:00:00;245.0840178543731;;;;;;;
2022-12-01 22:00:00;322.1212607880184;;;;;;;
2022-12-01 23:00:00;385.4578104652086;;;;;;;
2022-12-02 00:00:00;287.290272912856;;;;;;;
2022-12-02 01:00:00;315.1878801012991;;;;;;;
2022-12-02 02:00:00;344.3797434689916;;;;;;;
2022-12-02 03:00:00;213.3571788482109;;;;;;;
2022-12-02 04:00:00;285.0622334983858;;;;;;;
2022-12-02 05:00:00;326.1951681742916;;;;;;;
2022-12-02 06:00:00;174.8850642406232;;;;;;;
2022-12-02 07:00:00;263.9675886337664;;;;;;;
2022-12-02 08:00:00;360.3560381176485;;;;;;;
2022-12-02 09:00:00;355.8160037873573;;;;;;;
2022-12-02 10:00:00;326.649935267619;;;;;;;
2022-12-02 11:00:00;350.2118061901454;;;;;;;
2022-12-02 12:00:00;319.263576502041;;;;;;;
2022-12-02 13:00:00;335.0505619859293;;;;;;;
2022-12-02 14:00:00;294.6403099536116;;;;;;;
2022-12-02 15:00:00;314.6571784827298;;;;;;;
2022-12-02 16:00:00;279.9469845474263;;;;;;;
2022-12-02 17:00:00;367.9006597358567;;;;;;;
2022-12-02 18:00:00;379.87349184664;;;;;;;
2022-12-02 19:00:00;373.3021305536681;;;;;;;
2022-12-02 20:00:00;290.3510752117462;;;;;;;
2022-12-02 21:00:00;265.0362179415257;;;;;;;
2022-12-02 22:00:00;368.5265112466815;;;;;;;
2022-12-02 23:00:00;334.5176169359976;;;;;;;
2022-12-03 00:00:00;324.5282191900949;;;;;;;
2022-12-03 01:00:00;279.8884510114035;;;;;;;
2022-12-03 02:00:00;329.0319929422263;;;;;;;
2022-12-03 03:00:00;258.9353981891957;;;;;;;
2022-12-03 04:00:00;338.7001532564085;;;;;;;
2022-12-03 05:00:00;373.2545270067279;;;;;;;
2022-12-03 06:00:00;384.9528435644131;;;;;;;
2022-12-03 07:00:00;342.1546286185517;;;;;;;
2022-12-03 08:00:00;245.1686818497884;;;;;;;
2022-12-03 09:00:00;318.4389887721894;;;;;;;
2022-12-03 10:00:00;408.549823866757;;;;;;;
2022-12-03 11:00:00;268.9871294754257;;;;;;;
2022-12-03 12:00:00;306.5387315324684;;;;;;;
2022-12-03 13:00:00;374.8614594199511;;;;;;;
2022-12-03 14:00:00;337.9147983727835;;;;;;;
2022-12-03 15:00:00;424.3453413022609;;;;;;;
2022-12-03 16:00:00;275.2845699424533;;;;;;;
2022-12-03 17:00:00;263.3669294397986;;;;;;;
2022-12-03 18:00:00;366.0747421394775;;;;;;;
2022-12-03 19:00:00;253.8043449174459;;;;;;;
2022-12-03 20:00:00;300.1557333402847;;;;;;;
2022-12-03 21:00:00;306.2388043631098;;;;;;;
2022-12-03 22:00:00;357.3466166172075;;;;;;;
2022-12-03 23:00:00;337.7818391748221;;;;;;;
2022-12-04 00:00:00;330.4887731995013;;;;;;;
2022-12-04 01:00:00;290.614487276374;;;;;;;
2022-12-04 02:00:00;365.6515754608335;;;;;;;
2022-12-04 03:00:00;496.0529600100725;;;;;;;
2022-12-04 04:00:00;341.354728657048;;;;;;;
2022-12-04 05:00:00;313.9083790866422;;;;;;;
2022-12-04 06:00:00;249.0730211822939;;;;;;;
2022-12-04 07:00:00;279.7098688042463;;;;;;;
2022-12-04 08:00:00;299.3697377220277;;;;;;;
2022-12-04 09:00:00;284.4828005435127;;;;;;;
2022-12-04 10:00:00;308.538428103987;;;;;;;
2022-12-04 11:00:00;391.7711957950044;;;;;;;
2022-12-04 12:00:00;367.1436974866115;;;;;;;
2022-12-04 13:00:00;301.915651085279;;;;;;;
2022-12-04 14:00:00;253.2290150085762;;;;;;;
2022-12-04 15:00:00;371.3283480149004;;;;;;;
2022-12-04 16:00:00;307.0085637731547;;;;;;;
2022-12-04 17:00:00;229.1873945393111;;;;;;;
2022-12-04 18:00:00;342.3358412893828;;;;;;;
2022-12-04 19:00:00;356.8686429444368;;;;;;;
2022-12-04 20:00:00;196.7400061962332;;;;;;;
2022-12-04 21:00:00;271.0310479797157;;;;;;;
2022-12-04 22:00:00;304.1600673348304;;;;;;;
2022-12-04 23:00:00;343.3602277427576;;;;;;;
2022-12-05 00:00:00;285.3574715573005;;;;;;;
2022-12-05 01:00:00;270.6790549030041;;;;;;;
2022-12-05 02:00:00;343.0196286175296;;;;;;;
2022-12-05 03:00:00;287.5576063094221;;;;;;;
2022-12-05 04:00:00;334.4316721407822;;;;;;;
2022-12-05 05:00:00;257.71816665988;;;;;;;
2022-12-05 06:00:00;246.5460113959111;;;;;;;
2022-12-05 07:00:00;344.3232577591154;;;;;;;
2022-12-05 08:00:00;320.9993887915535;;;;;;;
2022-12-05 09:00:00;352.0794857500466;;;;;;;
2022-12-05 10:00:00;284.5759216923582;;;;;;;
2022-12-05 11:00:00;272.397280834373;;;;;;;
2022-12-05 12:00:00;372.4116740927683;;;;;;;
2022-12-05 13:00:00;238.6302312431349;;;;;;;
2022-12-05 14:00:00;367.3428978596206;;;;;;;
2022-12-05 15:00:00;370.5460317841072;;;;;;;
2022-12-05 16:00:00;349.1861516929414;;;;;;;
2022-12-05 17:00:00;277.3751092497682;;;;;;;
2022-12-05 18:00:00;271.4036183098613;;;;;;;
2022-12-05 19:00:00;299.5392778432505;;;;;;;
2022-12-05 20:00:00;249.2040012750982;;;;;;;
2022-12-05 21:00:00;264.6687900517471;;;;;;;
2022-12-05 22:00:00;339.1952526025734;;;;;;;
2022-12-05 23:00:00;339.4093464493645;;;;;;;
2022-12-06 00:00:00;260.5917657237503;;;;;;;
2022-12-06 01:00:00;340.6514085192301;;;;;;;
2022-12-06 02:00:00;330.3606548707768;;;;;;;
2022-12-06 03:00:00;379.3319432766549;;;;;;;
2022-12-06 04:00:00;335.6880681584355;;;;;;;
2022-12-06 05:00:00;358.3946998569069;;;;;;;
2022-12-06 06:00:00;331.4172142719356;;;;;;;
2022-12-06 07:00:00;354.7458278858593;;;;;;;
2022-12-06 08:00:00;249.571547970655;;;;;;;
2022-12-06 09:00:00;303.6362736545057;;;;;;;
2022-12-06 10:00:00;307.4758075724512;;;;;;;
2022-12-06 11:00:00;297.9761158849333;;;;;;;
2022-12-06 12:00:00;329.8773977123166;;;;;;;
2022-12-06 13:00:00;338.7148735702341;;;;;;;
2022-12-06 14:00:00;327.4821660111597;;;;;;;
2022-12-06 15:00:00;301.0754261901473;;;;;;;
2022-12-06 16:00:00;275.151854650676;;;;;;;
2022-12-06 17:00:00;360.1856889886241;;;;;;;
2022-12-06 18:00:00;325.5093529552122;;;;;;;
2022-12-06 19:00:00;262.028127026821;;;;;;;
2022-12-06 20:00:00;300.2986434420868;;;;;;;
2022-12-06 21:00:00;228.4080327461489;;;;;;;
2022-12-06 22:00:00;310.9252578937569;;;;;;;
2022-12-06 23:00:00;300.0809505355831;;;;;;;
2022-12-07 00:00:00;282.6332782869497;;;;;;;
2022-12-07 01:00:00;382.7981205902819;;;;;;;
2022-12-07 02:00:00;255.6472700763955;;;;;;;
2022-12-07 03:00:00;342.055761133326;;;;;;;
2022-12-07 04:00:00;410.7315038815548;;;;;;;
2022-12-07 05:00:00;359.26163231436;;;;;;;
2022-12-07 06:00:00;307.8211538022776;;;;;;;
2022-12-07 07:00:00;256.6718739861788;;;;;;;
2022-12-07 08:00:00;246.0946500216462;;;;;;;
2022-12-07 09:00:00;290.1913484192794;;;;;;;
2022-12-07 10:00:00;277.4125380541508;;;;;;;
2022-12-07 11:00:00;275.9026348046198;;;;;;;
2022-12-07 12:00:00;294.1457760781286;;;;;;;
2022-12-07 13:00:00;304.5408080141027;;;;;;;
2022-12-07 14:00:00;331.794588621464;;;;;;;
2022-12-07 15:00:00;251.8596768553576;;;;;;;
2022-12-07 16:00:00;277.633224995193;;;;;;;
2022-12-07 17:00:00;301.8767106572849;;;;;;;
2022-12-07 18:00:00;300.2152456157412;;;;;;;
2022-12-07 19:00:00;394.4808804547155;;;;;;;
2022-12-07 20:00:00;320.0588559003186;;;;;;;
2022-12-07 21:00:00;234.4256169176501;;;;;;;
2022-12-07 22:00:00;328.6848622228867;;;;;;;
2022-12-07 23:00:00;334.599106557516;;;;;;;
2022-12-08 00:00:00;303.4793008291879;;;;;;;
2022-12-08 01:00:00;252.9916363655884;;;;;;;
2022-12-08 02:00:00;390.8451344455002;;;;;;;
2022-12-08 03:00:00;259.6495733928681;;;;;;;
2022-12-08 04:00:00;339.9392939469312;;;;;;;
2022-12-08 05:00:00;318.5651952450752;;;;;;;
2022-12-08 06:00:00;337.1575138694994;;;;;;;
2022-12-08 07:00:00;388.469980652036;;;;;;;
2022-12-08 08:00:00;335.3402360436563;;;;;;;
2022-12-08 09:00:00;283.366408470374;;;;;;;
2022-12-08 10:00:00;360.5942319724053;;;;;;;
2022-12-08 11:00:00;280.0059466514208;;;;;;;
2022-12-08 12:00:00;316.8722107104373;;;;;;;
2022-12-08 13:00:00;249.2947484875427;;;;;;;
2022-12-08 14:00:00;261.347668939489;;;;;;;
2022-12-08 15:00:00;311.6682851496542;;;;;;;
2022-12-08 16:00:00;326.3608386085928;;;;;;;
2022-12-08 17:00:00;230.3059121442799;;;;;;;
2022-12-08 18:00:00;332.3547993500442;;;;;;;
2022-12-08 19:00:00;271.2688411777242;;;;;;;
2022-12-08 20:00:00;368.652437359659;;;;;;;
2022-12-08 21:00:00;292.9557594950095;;;;;;;
2022-12-08 22:00:00;257.1565087488238;;;;;;;
2022-12-08 23:00:00;312.8010956156356;;;;;;;
2022-12-09 00:00:00;266.7777533390287;;;;;;;
2022-12-09 01:00:00;368.1540469743287;;;;;;;
2022-12-09 02:00:00;309.3089191567939;;;;;;;
2022-12-09 03:00:00;302.2476412078088;;;;;;;
2022-12-09 04:00:00;336.739537909056;;;;;;;
2022-12-09 05:00:00;262.6621484050677;;;;;;;
2022-12-09 06:00:00;249.4770694000603;;;;;;;
2022-12-09 07:00:00;328.2288325978097;;;;;;;
2022-12-09 08:00:00;258.2676851175744;;;;;;;
2022-12-09 09:00:00;258.2519373307409;;;;;;;
2022-12-09 10:00:00;348.1036496224237;;;;;;;
2022-12-09 11:00:00;333.6434359693993;;;;;;;
2022-12-09 12:00:00;251.1158485421622;;;;;;;
2022-12-09 13:00:00;280.5609607885785;;;;;;;
2022-12-09 14:00:00;267.3578212705168;;;;;;;
2022-12-09 15:00:00;391.6924777345839;;;;;;;
2022-12-09 16:00:00;351.3165444695343;;;;;;;
2022-12-09 17:00:00;289.7602145319235;;;;;;;
2022-12-09 18:00:00;336.0155189505941;;;;;;;
2022-12-09 19:00:00;246.3672527889473;;;;;;;
2022-12-09 20:00:00;278.0784851607402;;;;;;;
2022-12-09 21:00:00;314.149206032621;;;;;;;
2022-12-09 22:00:00;330.2645034818131;;;;;;;
2022-12-09 23:00:00;304.7629345000622;;;;;;;
2022-12-10 00:00:00;320.7903249800613;;;;;;;
2022-12-10 01:00:00;312.9185572541492;;;;;;;
2022-12-10 02:00:00;301.6955325574843;;;;;;;
2022-12-10 03:00:00;295.5453431466555;;;;;;;
2022-12-10 04:00:00;289.5087651411964;;;;;;;
2022-12-10 05:00:00;320.0445166706182;;;;;;;
2022-12-10 06:00:00;328.3431445356995;;;;;;;
2022-12-10 07:00:00;318.4867284946324;;;;;;;
2022-12-10 08:00:00;254.6060830987271;;;;;;;
2022-12-10 09:00:00;262.9414130361928;;;;;;;
2022-12-10 10:00:00;327.7895047274583;;;;;;;
2022-12-10 11:00:00;377.5591431488738;;;;;;;
2022-12-10 12:00:00;316.3552783156675;;;;;;;
2022-12-10 13:00:00;290.1859335844582;;;;;;;
2022-12-10 14:00:00;319.6920692547074;;;;;;;
2022-12-10 15:00:00;256.5441650886709;;;;;;;
2022-12-10 16:00:00;370.0096608182674;;;;;;;
2022-12-10 17:00:00;317.9409179301435;;;;;;;
2022-12-10 18:00:00;278.226428438573;;;;;;;
2022-12-10 19:00:00;301.5462380431296;;;;;;;
2022-12-10 20:00:00;284.8337149151847;;;;;;;
2022-12-10 21:00:00;370.1361652322769;;;;;;;
2022-12-10 22:00:00;299.9018681007888;;;;;;;
2022-12-10 23:00:00;316.4921498292434;;;;;;;
2022-12-11 00:00:00;335.9010110995951;;;;;;;
2022-12-11 01:00:00;274.9181969682622;;;;;;;
2022-12-11 02:00:00;318.2710165433189;;;;;;;
2022-12-11 03:00:00;322.0161142534858;;;;;;;
2022-12-11 04:00:00;237.1864893851278;;;;;;;
2022-12-11 05:00:00;321.0075807339488;;;;;;;
2022-12-11 06:00:00;307.1612980447871;;;;;;;
2022-12-11 07:00:00;315.3138018950179;;;;;;;
2022-12-11 08:00:00;310.9372781891563;;;;;;;
2022-12-11 09:00:00;321.3078981686149;;;;;;;
2022-12-11 10:00:00;371.3272152351124;;;;;;;
2022-12-11 11:00:00;254.5638489908146;;;;;;;
2022-12-11 12:00:00;293.4109684888347;;;;;;;
2022-12-11 13:00:00;340.2105249714588;;;;;;;
2022-12-11 14:00:00;331.5957460236406;;;;;;;
2022-12-11 15:00:00;330.5973616488889;;;;;;;
2022-12-11 16:00:00;437.0300605214561;;;;;;;
2022-12-11 17:00:00;337.7756947511651;;;;;;;
2022-12-11 18:00:00;361.7515207585627;;;;;;;
2022-12-11 19:00:00;295.0384354226035;;;;;;;
2022-12-11 20:00:00;263.2204869559002;;;;;;;
2022-12-11 21:00:00;294.7023035033334;;;;;;;
2022-12-11 22:00:00;342.3140391965909;;;;;;;
2022-12-11 23:00:00;328.1581429778891;;;;;;;
2022-12-12 00:00:00;327.9922204031508;;;;;;;
2022-12-12 01:00:00;299.340317691952;;;;;;;
2022-12-12 02:00:00;291.9426280292487;;;;;;;
2022-12-12 03:00:00;300.9402675620318;;;;;;;
2022-12-12 04:00:00;342.8946561242685;;;;;;;
2022-12-12 05:00:00;348.2878932440206;;;;;;;
2022-12-12 06:00:00;262.602106553975;;;;;;;
2022-12-12 07:00:00;344.6514116033299;;;;;;;
2022-12-12 08:00:00;279.0956402815158;;;;;;;
2022-12-12 09:00:00;331.0388386589193;;;;;;;
2022-12-12 10:00:00;300.3785222660704;;;;;;;
2022-12-12 11:00:00;381.9253987672469;;;;;;;
2022-12-12 12:00:00;289.8887322357998;;;;;;;
2022-12-12 13:00:00;317.5705977266787;;;;;;;
2022-12-12 14:00:00;337.4257843927738;;;;;;;
2022-12-12 15:00:00;268.739055938156;;;;;;;
2022-12-12 16:00:00;305.904289682916;;;;;;;
2022-12-12 17:00:00;296.916742653797;;;;;;;
2022-12-12 18:00:00;285.447153242078;;;;;;;
2022-12-12 19:00:00;288.8844069059091;;;;;;;
2022-12-12 20:00:00;360.8736234851839;;;;;;;
2022-12-12 21:00:00;281.5159677493921;;;;;;;
2022-12-12 22:00:00;335.5614830715289;;;;;;;
2022-12-12 23:00:00;323.8792166842762;;;;;;;
2022-12-13 00:00:00;244.4747143524207;;;;;;;
2022-12-13 01:00:00;333.3699665454965;;;;;;;
2022-12-13 02:00:00;243.7077003394043;;;;;;;
2022-12-13 03:00:00;338.4231646552496;;;;;;;
2022-12-13 04:00:00;285.7543579484897;;;;;;;
2022-12-13 05:00:00;309.6725004620728;;;;;;;
2022-12-13 06:00:00;249.239247032061;;;;;;;
2022-12-13 07:00:00;314.9619615118143;;;;;;;
2022-12-13 08:00:00;352.2880060777621;;;;;;;
2022-12-13 09:00:00;271.847058202291;;;;;;;
2022-12-13 10:00:00;281.1162323907628;;;;;;;
2022-12-13 11:00:00;330.3753946421878;;;;;;;
2022-12-13 12:00:00;331.5350855910681;;;;;;;
2022-12-13 13:00:00;196.3562975448878;;;;;;;
2022-12-13 14:00:00;402.7843598680275;;;;;;;
2022-12-13 15:00:00;333.8053172496586;;;;;;;
2022-12-13 16:00:00;341.616223766032;;;;;;;
2022-12-13 17:00:00;302.62509997879;;;;;;;
2022-12-13 18:00:00;223.2095587907553;;;;;;;
2022-12-13 19:00:00;340.5864646548926;;;;;;;
2022-12-13 20:00:00;283.0637520568725;;;;;;;
2022-12-13 21:00:00;334.5187531658061;;;;;;;
2022-12-13 22:00:00;299.1335603437322;;;;;;;
2022-12-13 23:00:00;320.3275986016043;;;;;;;
2022-12-14 00:00:00;273.3301869355554;;;;;;;
2022-12-14 01:00:00;349.3856135628194;;;;;;;
2022-12-14 02:00:00;254.1522707030355;;;;;;;
2022-12-14 03:00:00;413.462233814622;;;;;;;
2022-12-14 04:00:00;413.1086851687024;;;;;;;
2022-12-14 05:00:00;385.0295789325702;;;;;;;
2022-12-14 06:00:00;368.4571693163421;;;;;;;
2022-12-14 07:00:00;305.3618991846442;;;;;;;
2022-12-14 08:00:00;363.40351236991;;;;;;;
2022-12-14 09:00:00;304.8224389742725;;;;;;;
2022-12-14 10:00:00;237.2125285939008;;;;;;;
2022-12-14 11:00:00;379.0218158208198;;;;;;;
2022-12-14 12:00:00;361.6534776287086;;;;;;;
2022-12-14 13:00:00;307.830417228438;;;;;;;
2022-12-14 14:00:00;252.4447791777995;;;;;;;
2022-12-14 15:00:00;282.0889196540197;;;;;;;
2022-12-14 16:00:00;224.7965549594574;;;;;;;
2022-12-14 17:00:00;353.1291249543199;;;;;;;
2022-12-14 18:00:00;234.9025725474942;;;;;;;
2022-12-14 19:00:00;322.591165080799;;;;;;;
2022-12-14 20:00:00;270.1431527413773;;;;;;;
2022-12-14 21:00:00;243.0957703959753;;;;;;;
2022-12-14 22:00:00;320.3422454176671;;;;;;;
2022-12-14 23:00:00;293.7984839684719;;;;;;;
2022-12-15 00:00:00;348.1701337298564;;;;;;;
2022-12-15 01:00:00;250.4767561191598;;;;;;;
2022-12-15 02:00:00;274.1504894906165;;;;;;;
2022-12-15 03:00:00;198.5152763863289;;;;;;;
2022-12-15 04:00:00;207.9466942150437;;;;;;;
2022-12-15 05:00:00;392.7072293220612;;;;;;;
2022-12-15 06:00:00;405.9479617826057;;;;;;;
2022-12-15 07:00:00;313.5861356443846;;;;;;;
2022-12-15 08:00:00;271.0647233001334;;;;;;;
2022-12-15 09:00:00;295.438485415186;;;;;;;
2022-12-15 10:00:00;349.8117420898178;;;;;;;
2022-12-15 11:00:00;285.4204525835929;;;;;;;
2022-12-15 12:00:00;320.3087858225769;;;;;;;
2022-12-15 13:00:00;308.6925344626566;;;;;;;
2022-12-15 14:00:00;282.895595322533;;;;;;;
2022-12-15 15:00:00;284.8728464677844;;;;;;;
2022-12-15 16:00:00;322.892253439097;;;;;;;
2022-12-15 17:00:00;263.9638937695884;;;;;;;
2022-12-15 18:00:00;330.2412420445854;;;;;;;
2022-12-15 19:00:00;287.4065246452035;;;;;;;
2022-12-15 20:00:00;315.1932279837138;;;;;;;
2022-12-15 21:00:00;373.490009898535;;;;;;;
2022-12-15 22:00:00;301.4814470386596;;;;;;;
2022-12-15 23:00:00;351.9564806052699;;;;;;;
2022-12-16 00:00:00;226.1471715546684;;;;;;;
2022-12-16 01:00:00;287.4629356006268;;;;;;;
2022-12-16 02:00:00;310.5688698823375;;;;;;;
2022-12-16 03:00:00;398.5127250244352;;;;;;;
2022-12-16 04:00:00;218.3569539106802;;;;;;;
2022-12-16 05:00:00;304.8208911477421;;;;;;;
2022-12-16 06:00:00;376.8639748427308;;;;;;;
2022-12-16 07:00:00;272.865145923042;;;;;;;
2022-12-16 08:00:00;299.410165366912;;;;;;;
2022-12-16 09:00:00;324.6745714577101;;;;;;;
2022-12-16 10:00:00;317.8441618505257;;;;;;;
2022-12-16 11:00:00;381.9245602765174;;;;;;;
2022-12-16 12:00:00;330.0902091290536;;;;;;;
2022-12-16 13:00:00;370.8832222746199;;;;;;;
2022-12-16 14:00:00;292.5825803505293;;;;;;;
2022-12-16 15:00:00;274.9293865277274;;;;;;;
2022-12-16 16:00:00;298.8124247377784;;;;;;;
2022-12-16 17:00:00;255.5104593711179;;;;;;;
2022-12-16 18:00:00;331.7157094547558;;;;;;;
2022-12-16 19:00:00;291.3824138867773;;;;;;;
2022-12-16 20:00:00;278.1182553146502;;;;;;;
2022-12-16 21:00:00;332.418405601623;;;;;;;
2022-12-16 22:00:00;256.2243176811144;;;;;;;
2022-12-16 23:00:00;345.0299595805846;;;;;;;
2022-12-17 00:00:00;287.0929832334504;;;;;;;
2022-12-17 01:00:00;363.0578750019406;;;;;;;
2022-12-17 02:00:00;291.0641851180925;;;;;;;
2022-12-17 03:00:00;338.6002842887422;;;;;;;
2022-12-17 04:00:00;317.614695464109;;;;;;;
2022-12-17 05:00:00;343.7958993580419;;;;;;;
2022-12-17 06:00:00;314.3850489148343;;;;;;;
2022-12-17 07:00:00;232.1149104346709;;;;;;;
2022-12-17 08:00:00;356.0849252116295;;;;;;;
2022-12-17 09:00:00;305.2164784492843;;;;;;;
2022-12-17 10:00:00;345.9120630610795;;;;;;;
2022-12-17 11:00:00;341.3066834074116;;;;;;;
2022-12-17 12:00:00;273.4090498167138;;;;;;;
2022-12-17 13:00:00;266.8445400053465;;;;;;;
2022-12-17 14:00:00;339.6879801018633;;;;;;;
2022-12-17 15:00:00;295.2157958826169;;;;;;;
2022-12-17 16:00:00;352.7277555646075;;;;;;;
2022-12-17 17:00:00;301.0171077716216;;;;;;;
2022-12-17 18:00:00;356.7630112089365;;;;;;;
2022-12-17 19:00:00;328.9225374484609;;;;;;;
2022-12-17 20:00:00;322.6442440029779;;;;;;;
2022-12-17 21:00:00;291.9329514540571;;;;;;;
2022-12-17 22:00:00;320.0672539595558;;;;;;;
2022-12-17 23:00:00;364.6239178008894;;;;;;;
2022-12-18 00:00:00;306.7691227237141;;;;;;;
2022-12-18 01:00:00;333.9269105312084;;;;;;;
2022-12-18 02:00:00;311.4350881338474;;;;;;;
2022-12-18 03:00:00;315.0650329463343;;;;;;;
2022-12-18 04:00:00;389.2379103997212;;;;;;;
2022-12-18 05:00:00;365.0357600031888;;;;;;;
2022-12-18 06:00:00;312.9680746904378;;;;;;;
2022-12-18 07:00:00;319.233414484855;;;;;;;
2022-12-18 08:00:00;276.7226900623586;;;;;;;
2022-12-18 09:00:00;301.2597133283662;;;;;;;
2022-12-18 10:00:00;323.6381041410967;;;;;;;
2022-12-18 11:00:00;348.7465384519756;;;;;;;
2022-12-18 12:00:00;344.042662930035;;;;;;;
2022-12-18 13:00:00;257.8228562666978;;;;;;;
2022-12-18 14:00:00;354.6091375605469;;;;;;;
2022-12-18 15:00:00;305.1658753472244;;;;;;;
2022-12-18 16:00:00;263.4951786712362;;;;;;;
2022-12-18 17:00:00;371.2827484271805;;;;;;;
2022-12-18 18:00:00;377.169709159514;;;;;;;
2022-12-18 19:00:00;321.5202423944081;;;;;;;
2022-12-18 20:00:00;342.1671336546013;;;;;;;
2022-12-18 21:00:00;344.8883225884583;;;;;;;
2022-12-18 22:00:00;374.037887897246;;;;;;;
2022-12-18 23:00:00;343.0613484011134;;;;;;;
2022-12-19 00:00:00;247.6893462324574;;;;;;;
2022-12-19 01:00:00;402.5246253005863;;;;;;;
2022-12-19 02:00:00;358.7229666154741;;;;;;;
2022-12-19 03:00:00;285.646144213603;;;;;;;
2022-12-19 04:00:00;261.5172876512607;;;;;;;
2022-12-19 05:00:00;332.703953315561;;;;;;;
2022-12-19 06:00:00;296.3751013532892;;;;;;;
2022-12-19 07:00:00;324.5936797954876;;;;;;;
2022-12-19 08:00:00;343.7729334923738;;;;;;;
2022-12-19 09:00:00;283.0055821818432;;;;;;;
2022-12-19 10:00:00;257.5051159520328;;;;;;;
2022-12-19 11:00:00;327.1834618795966;;;;;;;
2022-12-19 12:00:00;284.5390462938608;;;;;;;
2022-12-19 13:00:00;316.0620918182301;;;;;;;
2022-12-19 14:00:00;246.9638505989635;;;;;;;
2022-12-19 15:00:00;297.5848970030849;;;;;;;
2022-12-19 16:00:00;342.4528329960291;;;;;;;
2022-12-19 17:00:00;337.3951350937847;;;;;;;
2022-12-19 18:00:00;272.7103074159739;;;;;;;
2022-12-19 19:00:00;255.0854435187593;;;;;;;
2022-12-19 20:00:00;310.0156407384367;;;;;;;
2022-12-19 21:00:00;335.3121186137476;;;;;;;
2022-12-19 22:00:00;328.0814691691544;;;;;;;
2022-12-19 23:00:00;285.5238699365496;;;;;;;
2022-12-20 00:00:00;323.1011860149781;;;;;;;
2022-12-20 01:00:00;378.9825702961923;;;;;;;
2022-12-20 02:00:00;318.8015267364851;;;;;;;
2022-12-20 03:00:00;233.5182637577288;;;;;;;
2022-12-20 04:00:00;318.7113232276557;;;;;;;
2022-12-20 05:00:00;404.1088981548097;;;;;;;
2022-12-20 06:00:00;249.5588523187006;;;;;;;
2022-12-20 07:00:00;310.663327204738;;;;;;;
2022-12-20 08:00:00;298.7840213022561;;;;;;;
2022-12-20 09:00:00;313.7325858245752;;;;;;;
2022-12-20 10:00:00;318.2961932312637;;;;;;;
2022-12-20 11:00:00;362.1706407482171;;;;;;;
2022-12-20 12:00:00;313.2176426056319;;;;;;;
2022-12-20 13:00:00;368.5397747406633;;;;;;;
2022-12-20 14:00:00;303.8259638367882;;;;;;;
2022-12-20 15:00:00;293.040549243516;;;;;;;
2022-12-20 16:00:00;278.2391507024695;;;;;;;
2022-12-20 17:00:00;224.9848421094284;;;;;;;
2022-12-20 18:00:00;322.0785514526068;;;;;;;
2022-12-20 19:00:00;404.5748342393168;;;;;;;
2022-12-20 20:00:00;330.5430787220292;;;;;;;
2022-12-20 21:00:00;341.1443498386006;;;;;;;
2022-12-20 22:00:00;290.1227044625616;;;;;;;
2022-12-20 23:00:00;297.9490483569901;;;;;;;
2022-12-21 00:00:00;354.9644476101728;;;;;;;
2022-12-21 01:00:00;402.4729388484625;;;;;;;
2022-12-21 02:00:00;378.3141665710793;;;;;;;
2022-12-21 03:00:00;346.6417522582419;;;;;;;
2022-12-21 04:00:00;310.9150498894051;;;;;;;
2022-12-21 05:00:00;319.0137372386113;;;;;;;
2022-12-21 06:00:00;274.3271214284837;;;;;;;
2022-12-21 07:00:00;242.099995054808;;;;;;;
2022-12-21 08:00:00;257.0091616058034;;;;;;;
2022-12-21 09:00:00;311.5946769078411;;;;;;;
2022-12-21 10:00:00;295.7380271597153;;;;;;;
2022-12-21 11:00:00;241.1130293475063;;;;;;;
2022-12-21 12:00:00;307.5527910308264;;;;;;;
2022-12-21 13:00:00;294.5114954016807;;;;;;;
2022-12-21 14:00:00;254.8727570740963;;;;;;;
2022-12-21 15:00:00;292.1107368094068;;;;;;;
2022-12-21 16:00:00;294.3944617698386;;;;;;;
2022-12-21 17:00:00;280.6768915171605;;;;;;;
2022-12-21 18:00:00;352.2750043898905;;;;;;;
2022-12-21 19:00:00;221.0036786695744;;;;;;;
2022-12-21 20:00:00;217.157847425888;;;;;;;
2022-12-21 21:00:00;309.4367576672836;;;;;;;
2022-12-21 22:00:00;313.7439163064876;;;;;;;
2022-12-21 23:00:00;328.0369320332458;;;;;;;
2022-12-22 00:00:00;284.2799130590892;;;;;;;
2022-12-22 01:00:00;266.6994052485234;;;;;;;
2022-12-22 02:00:00;308.9449066548285;;;;;;;
2022-12-22 03:00:00;288.798342333132;;;;;;;
2022-12-22 04:00:00;381.2426314558829;;;;;;;
2022-12-22 05:00:00;294.2425606781283;;;;;;;
2022-12-22 06:00:00;306.8169213914234;;;;;;;
2022-12-22 07:00:00;424.1255243576189;;;;;;;
2022-12-22 08:00:00;300.2488787404769;;;;;;;
2022-12-22 09:00:00;335.0859112240931;;;;;;;
2022-12-22 10:00:00;339.268327605574;;;;;;;
2022-12-22 11:00:00;343.2159805852335;;;;;;;
2022-12-22 12:00:00;322.7144022918253;;;;;;;
2022-12-22 13:00:00;318.2771092097979;;;;;;;
2022-12-22 14:00:00;313.9390948374237;;;;;;;
2022-12-22 15:00:00;282.5624389456141;;;;;;;
2022-12-22 16:00:00;324.386000732325;;;;;;;
2022-12-22 17:00:00;403.3985741112281;;;;;;;
2022-12-22 18:00:00;365.45106132657;;;;;;;
2022-12-22 19:00:00;323.3838833161273;;;;;;;
2022-12-22 20:00:00;348.988532179636;;;;;;;
2022-12-22 21:00:00;268.9609492555928;;;;;;;
2022-12-22 22:00:00;297.1984727000278;;;;;;;
2022-12-22 23:00:00;353.2575858059519;;;;;;;
2022-12-23 00:00:00;378.2779458664177;;;;;;;
2022-12-23 01:00:00;273.5217982833029;;;;;;;
2022-12-23 02:00:00;286.8493791058632;;;;;;;
2022-12-23 03:00:00;410.4841212527025;;;;;;;
2022-12-23 04:00:00;313.7501357223817;;;;;;;
2022-12-23 05:00:00;393.8749119911115;;;;;;;
2022-12-23 06:00:00;318.8809801760536;;;;;;;
2022-12-23 07:00:00;320.7052766603246;;;;;;;
2022-12-23 08:00:00;295.1117901415081;;;;;;;
2022-12-23 09:00:00;353.0119505274085;;;;;;;
2022-12-23 10:00:00;372.2752176690582;;;;;;;
2022-12-23 11:00:00;261.2678270618228;;;;;;;
2022-12-23 12:00:00;292.9332069433137;;;;;;;
2022-12-23 13:00:00;351.7372374945128;;;;;;;
2022-12-23 14:00:00;303.2742170459272;;;;;;;
2022-12-23 15:00:00;286.394862949776;;;;;;;
2022-12-23 16:00:00;356.1196554266801;;;;;;;
2022-12-23 17:00:00;360.4764377718313;;;;;;;
2022-12-23 18:00:00;288.4242340905674;;;;;;;
2022-12-23 19:00:00;319.1365670505581;;;;;;;
2022-12-23 20:00:00;253.2199753436203;;;;;;;
2022-12-23 21:00:00;267.7405905632327;;;;;;;
2022-12-23 22:00:00;315.0446753599773;;;;;;;
2022-12-23 23:00:00;310.7413654729473;;;;;;;
2022-12-24 00:00:00;264.4283790352523;;;;;;;
2022-12-24 01:00:00;276.0683950051942;;;;;;;
2022-12-24 02:00:00;259.8740926378104;;;;;;;
2022-12-24 03:00:00;330.3957532832202;;;;;;;
2022-12-24 04:00:00;218.0003283614495;;;;;;;
2022-12-24 05:00:00;262.3545748731696;;;;;;;
2022-12-24 06:00:00;222.8575295538024;;;;;;;
2022-12-24 07:00:00;328.7237968943414;;;;;;;
2022-12-24 08:00:00;225.6507380143557;;;;;;;
2022-12-24 09:00:00;310.7563229709952;;;;;;;
2022-12-24 10:00:00;385.3461823258522;;;;;;;
2022-12-24 11:00:00;386.9193554273244;;;;;;;
2022-12-24 12:00:00;225.5034868617066;;;;;;;
2022-12-24 13:00:00;323.128333097311;;;;;;;
2022-12-24 14:00:00;263.4033239787216;;;;;;;
2022-12-24 15:00:00;253.931581049335;;;;;;;
2022-12-24 16:00:00;304.0201497483777;;;;;;;
2022-12-24 17:00:00;366.2680009729315;;;;;;;
2022-12-24 18:00:00;337.1040846252097;;;;;;;
2022-12-24 19:00:00;276.107039906845;;;;;;;
2022-12-24 20:00:00;341.9927156458311;;;;;;;
2022-12-24 21:00:00;205.1927500899064;;;;;;;
2022-12-24 22:00:00;274.35317187447;;;;;;;
2022-12-24 23:00:00;271.0618108255939;;;;;;;
2022-12-25 00:00:00;312.917825724935;;;;;;;
2022-12-25 01:00:00;299.8745950592339;;;;;;;
2022-12-25 02:00:00;302.7211027465038;;;;;;;
2022-12-25 03:00:00;301.1786197289387;;;;;;;
2022-12-25 04:00:00;310.3238526738787;;;;;;;
2022-12-25 05:00:00;334.3424273646947;;;;;;;
2022-12-25 06:00:00;316.2121831866019;;;;;;;
2022-12-25 07:00:00;296.0924876285447;;;;;;;
2022-12-25 08:00:00;327.9224880407069;;;;;;;
2022-12-25 09:00:00;347.6103803670383;;;;;;;
2022-12-25 10:00:00;283.4888078791794;;;;;;;
2022-12-25 11:00:00;306.5284714381949;;;;;;;
2022-12-25 12:00:00;363.1882438619383;;;;;;;
2022-12-25 13:00:00;258.1243332607712;;;;;;;
2022-12-25 14:00:00;393.0092355467769;;;;;;;
2022-12-25 15:00:00;247.1573757783978;;;;;;;
2022-12-25 16:00:00;293.2619425121187;;;;;;;
2022-12-25 17:00:00;265.2024911639047;;;;;;;
2022-12-25 18:00:00;410.7880489084337;;;;;;;
2022-12-25 19:00:00;285.9325806085263;;;;;;;
2022-12-25 20:00:00;286.0489738394173;;;;;;;
2022-12-25 21:00:00;292.084305557494;;;;;;;
2022-12-25 22:00:00;313.7195888601046;;;;;;;
2022-12-25 23:00:00;294.0470375178039;;;;;;;
2022-12-26 00:00:00;303.1193506461296;;;;;;;
2022-12-26 01:00:00;145.5549256020131;;;;;;;
2022-12-26 02:00:00;311.9361175888209;;;;;;;
2022-12-26 03:00:00;310.1104177517365;;;;;;;
2022-12-26 04:00:00;357.466278289397;;;;;;;
2022-12-26 05:00:00;370.0151254891601;;;;;;;
2022-12-26 06:00:00;300.5760473661894;;;;;;;
2022-12-26 07:00:00;347.1513500731908;;;;;;;
2022-12-26 08:00:00;258.1796285107669;;;;;;;
2022-12-26 09:00:00;344.8833647894722;;;;;;;
2022-12-26 10:00:00;282.7256530650749;;;;;;;
2022-12-26 11:00:00;254.3230685465116;;;;;;;
2022-12-26 12:00:00;300.6743711648488;;;;;;;
2022-12-26 13:00:00;374.2559470011751;;;;;;;
2022-12-26 14:00:00;317.681647615532;;;;;;;
2022-12-26 15:00:00;378.7103696165717;;;;;;;
2022-12-26 16:00:00;274.5486280270217;;;;;;;
2022-12-26 17:00:00;357.896909098951;;;;;;;
2022-12-26 18:00:00;279.0288902386083;;;;;;;
2022-12-26 19:00:00;319.7379152141086;;;;;;;
2022-12-26 20:00:00;319.3368116691945;;;;;;;
2022-12-26 21:00:00;339.972674733501;;;;;;;
2022-12-26 22:00:00;320.916842797683;;;;;;;
2022-12-26 23:00:00;274.991593196994;;;;;;;
2022-12-27 00:00:00;350.1240921738097;;;;;;;
2022-12-27 01:00:00;389.6204566328488;;;;;;;
2022-12-27 02:00:00;282.2001346304989;;;;;;;
2022-12-27 03:00:00;224.1430453120628;;;;;;;
2022-12-27 04:00:00;332.4490785061266;;;;;;;
2022-12-27 05:00:00;293.9199859086666;;;;;;;
2022-12-27 06:00:00;303.202112749074;;;;;;;
2022-12-27 07:00:00;335.0868803911916;;;;;;;
2022-12-27 08:00:00;288.1110679808972;;;;;;;
2022-12-27 09:00:00;296.8115664971011;;;;;;;
2022-12-27 10:00:00;304.6395118966574;;;;;;;
2022-12-27 11:00:00;377.4700988309939;;;;;;;
2022-12-27 12:00:00;310.6793299907997;;;;;;;
2022-12-27 13:00:00;251.9581516834146;;;;;;;
2022-12-27 14:00:00;253.8043517432158;;;;;;;
2022-12-27 15:00:00;315.7435662016172;;;;;;;
2022-12-27 16:00:00;256.8871655063759;;;;;;;
2022-12-27 17:00:00;236.8049253531889;;;;;;;
2022-12-27 18:00:00;338.7685190798311;;;;;;;
2022-12-27 19:00:00;341.040015032413;;;;;;;
2022-12-27 20:00:00;292.205492713651;;;;;;;
2022-12-27 21:00:00;322.9079536143411;;;;;;;
2022-12-27 22:00:00;318.0117826857912;;;;;;;
2022-12-27 23:00:00;337.2321520756584;;;;;;;
2022-12-28 00:00:00;337.3402709760297;;;;;;;
2022-12-28 01:00:00;188.3948881645853;;;;;;;
2022-12-28 02:00:00;298.1269378485752;;;;;;;
2022-12-28 03:00:00;333.3112682358243;;;;;;;
2022-12-28 04:00:00;290.2421531901283;;;;;;;
2022-12-28 05:00:00;310.9638577328222;;;;;;;
2022-12-28 06:00:00;344.1112815893161;;;;;;;
2022-12-28 07:00:00;313.0386573031166;;;;;;;
2022-12-28 08:00:00;379.2406964837427;;;;;;;
2022-12-28 09:00:00;361.5681981690801;;;;;;;
2022-12-28 10:00:00;303.7838163856615;;;;;;;
2022-12-28 11:00:00;300.0964350967088;;;;;;;
2022-12-28 12:00:00;177.0502379173533;;;;;;;
2022-12-28 13:00:00;294.1370198638605;;;;;;;
2022-12-28 14:00:00;246.5025937470533;;;;;;;
2022-12-28 15:00:00;319.5477457417621;;;;;;;
2022-12-28 16:00:00;316.3763985484119;;;;;;;
2022-12-28 17:00:00;341.5669127221179;;;;;;;
2022-12-28 18:00:00;374.0795633009034;;;;;;;
2022-12-28 19:00:00;308.0656130156822;;;;;;;
2022-12-28 20:00:00;415.0788731652594;;;;;;;
2022-12-28 21:00:00;320.0683595501034;;;;;;;
2022-12-28 22:00:00;248.4999131876013;;;;;;;
2022-12-28 23:00:00;283.2083186523845;;;;;;;
2022-12-29 00:00:00;291.9916148850008;;;;;;;
2022-12-29 01:00:00;336.7546680465197;;;;;;;
2022-12-29 02:00:00;265.33889003335;;;;;;;
2022-12-29 03:00:00;295.4604311178623;;;;;;;
2022-12-29 04:00:00;301.8132363300086;;;;;;;
2022-12-29 05:00:00;288.4948104383899;;;;;;;
2022-12-29 06:00:00;346.9280297827514;;;;;;;
2022-12-29 07:00:00;339.0369189922797;;;;;;;
2022-12-29 08:00:00;363.404460141871;;;;;;;
2022-12-29 09:00:00;293.9271866480343;;;;;;;
2022-12-29 10:00:00;365.0727598384977;;;;;;;
2022-12-29 11:00:00;246.0048844508702;;;;;;;
2022-12-29 12:00:00;244.8734969638669;;;;;;;
2022-12-29 13:00:00;252.9728468011023;;;;;;;
2022-12-29 14:00:00;309.7116762409646;;;;;;;
2022-12-29 15:00:00;365.0658264075752;;;;;;;
2022-12-29 16:00:00;281.3493557033999;;;;;;;
2022-12-29 17:00:00;287.1692519828842;;;;;;;
2022-12-29 18:00:00;299.2626764167034;;;;;;;
2022-12-29 19:00:00;335.8593350405164;;;;;;;
2022-12-29 20:00:00;287.1260187486997;;;;;;;
2022-12-29 21:00:00;284.5376961453431;;;;;;;
2022-12-29 22:00:00;246.8678722637852;;;;;;;
2022-12-29 23:00:00;282.7606650379963;;;;;;;
2022-12-30 00:00:00;363.9098903143455;;;;;;;
2022-12-30 01:00:00;313.5026197500561;;;;;;;
2022-12-30 02:00:00;274.9605114019171;;;;;;;
2022-12-30 03:00:00;366.6323138936341;;;;;;;
2022-12-30 04:00:00;282.1347172941954;;;;;;;
2022-12-30 05:00:00;375.1598211033612;;;;;;;
2022-12-30 06:00:00;374.4013661813632;;;;;;;
2022-12-30 07:00:00;311.8828491035125;;;;;;;
2022-12-30 08:00:00;239.7626403709427;;;;;;;
2022-12-30 09:00:00;415.5003180582095;;;;;;;
2022-12-30 10:00:00;327.2510832651334;;;;;;;
2022-12-30 11:00:00;294.2583446263588;;;;;;;
2022-12-30 12:00:00;353.6416274227691;;;;;;;
2022-12-30 13:00:00;341.8660075630723;;;;;;;
2022-12-30 14:00:00;370.1022231214714;;;;;;;
2022-12-30 15:00:00;278.5562534698259;;;;;;;
2022-12-30 16:00:00;324.0591464295163;;;;;;;
2022-12-30 17:00:00;254.2686610062775;;;;;;;
2022-12-30 18:00:00;340.1973386395983;;;;;;;
2022-12-30 19:00:00;308.2198249639812;;;;;;;
2022-12-30 20:00:00;322.3210849598477;;;;;;;
2022-12-30 21:00:00;302.494770170915;;;;;;;
2022-12-30 22:00:00;297.640285366082;;;;;;;
2022-12-30 23:00:00;269.0047780009247;;;;;;;
2022-12-31 00:00:00;345.9544723126224;;;;;;;
2022-12-31 01:00:00;378.3956367444309;;;;;;;
2022-12-31 02:00:00;283.4590020785702;;;;;;;
2022-12-31 03:00:00;334.9645313444352;;;;;;;
2022-12-31 04:00:00;329.3344642878515;;;;;;;
2022-12-31 05:00:00;309.6600003384397;;;;;;;
2022-12-31 06:00:00;238.4615026025768;;;;;;;
2022-12-31 07:00:00;248.899773399163;;;;;;;
2022-12-31 08:00:00;273.0525005041407;;;;;;;
2022-12-31 09:00:00;210.0502277569344;;;;;;;
2022-12-31 10:00:00;374.6065957519401;;;;;;;
2022-12-31 11:00:00;326.3430479836376;;;;;;;
2022-12-31 12:00:00;307.8943490467339;;;;;;;
2022-12-31 13:00:00;207.6734815567079;;;;;;;
2022-12-31 14:00:00;224.6701224608946;;;;;;;
2022-12-31 15:00:00;309.1756982267411;;;;;;;
2022-12-31 16:00:00;400.7005692027212;;;;;;;
2022-12-31 17:00:00;276.8723670194883;;;;;;;
2022-12-31 18:00:00;349.3581988356324;;;;;;;
2022-12-31 19:00:00;287.0203778490178;;;;;;;
2022-12-31 20:00:00;311.8470169490089;;;;;;;
2022-12-31 21:00:00;365.6367219178862;;;;;;;
2022-12-31 22:00:00;293.2347091479288;;;;;;;
2022-12-31 23:00:00;277.2685271953617;;;;;;;
