Unnamed: 0;Demand;Import limit;Export limit;Import price;Export price;Import emission factor;Export emission factor;Generic production
2022-01-01 00:00:00;0.0;87.06865494706113;;80.67376220617533;;;;
2022-01-01 01:00:00;0.0;87.06865494706113;;121.8336575539294;;;;
2022-01-01 02:00:00;0.0;87.06865494706113;;124.9531854971287;;;;
2022-01-01 03:00:00;0.0;87.06865494706113;;132.3742519670022;;;;
2022-01-01 04:00:00;0.0;87.06865494706113;;143.7327550328589;;;;
2022-01-01 05:00:00;0.0;87.06865494706113;;158.3767847306202;;;;
2022-01-01 06:00:00;0.0;87.06865494706113;;175.4278636550945;;;;
2022-01-01 07:00:00;0.0;87.06865494706113;;193.8154289246201;;;;
2022-01-01 08:00:00;0.0;87.06865494706113;;212.3679529074898;;;;
2022-01-01 09:00:00;0.0;87.06865494706113;;229.8774155771491;;;;
2022-01-01 10:00:00;0.0;87.06865494706113;;245.177740751506;;;;
2022-01-01 11:00:00;0.0;87.06865494706113;;257.2539240689492;;;;
2022-01-01 12:00:00;0.0;87.06865494706113;;265.3041366851022;;;;
2022-01-01 13:00:00;0.0;87.06865494706113;;268.8005721453868;;;;
2022-01-01 14:00:00;0.0;87.06865494706113;;267.5161589594943;;;;
2022-01-01 15:00:00;0.0;87.06865494706113;;261.5300786339743;;;;
2022-01-01 16:00:00;0.0;87.06865494706113;;251.2859895912723;;;;
2022-01-01 17:00:00;0.0;87.06865494706113;;237.5004002798159;;;;
2022-01-01 18:00:00;0.0;87.06865494706113;;221.1716560205824;;;;
2022-01-01 19:00:00;0.0;87.06865494706113;;203.4357928661282;;;;
2022-01-01 20:00:00;0.0;87.06865494706113;;185.5606673139345;;;;
2022-01-01 21:00:00;0.0;87.06865494706113;;168.7998273720708;;;;
2022-01-01 22:00:00;0.0;87.06865494706113;;154.3471239689079;;;;
2022-01-01 23:00:00;0.0;87.06865494706113;;142.3972364730629;;;;
2022-01-02 00:00:00;0.0;87.06865494706113;;134.5570935646359;;;;
2022-01-02 01:00:00;0.0;87.06865494706113;;131.2828874048758;;;;
2022-01-02 02:00:00;0.0;87.06865494706113;;133.5203726460596;;;;
2022-01-02 03:00:00;0.0;87.06865494706113;;140.2504043078867;;;;
2022-01-02 04:00:00;0.0;87.06865494706113;;150.982850714497;;;;
2022-01-02 05:00:00;0.0;87.06865494706113;;164.9451457407715;;;;
2022-01-02 06:00:00;0.0;87.06865494706113;;181.1395253415749;;;;
2022-01-02 07:00:00;0.0;87.06865494706113;;198.4171299939995;;;;
2022-01-02 08:00:00;0.0;87.06865494706113;;215.5580943940174;;;;
2022-01-02 09:00:00;0.0;87.06865494706113;;231.3568850834974;;;;
2022-01-02 10:00:00;0.0;87.06865494706113;;244.7040502151424;;;;
2022-01-02 11:00:00;0.0;87.06865494706113;;254.668676534592;;;;
2022-01-02 12:00:00;0.0;87.06865494706113;;260.5683588929937;;;;
2022-01-02 13:00:00;0.0;87.06865494706113;;261.977219750771;;;;
2022-01-02 14:00:00;0.0;87.06865494706113;;258.7913429351935;;;;
2022-01-02 15:00:00;0.0;87.06865494706113;;251.2053755500447;;;;
2022-01-02 16:00:00;0.0;87.06865494706113;;239.7441304128415;;;;
2022-01-02 17:00:00;0.0;87.06865494706113;;225.1686464213225;;;;
2022-01-02 18:00:00;0.0;87.06865494706113;;208.4557090815984;;;;
2022-01-02 19:00:00;0.0;87.06865494706113;;190.7041738214374;;;;
2022-01-02 20:00:00;0.0;87.06865494706113;;173.0865047639817;;;;
2022-01-02 21:00:00;0.0;87.06865494706113;;156.7485117120813;;;;
2022-01-02 22:00:00;0.0;87.06865494706113;;142.7528061563681;;;;
2022-01-02 23:00:00;0.0;87.06865494706113;;130.2425920385153;;;;
2022-01-03 00:00:00;0.0;87.06865494706113;;121.67579664266;;;;
2022-01-03 01:00:00;0.0;87.06865494706113;;117.3947718660912;;;;
2022-01-03 02:00:00;0.0;87.06865494706113;;119.2070005168109;;;;
2022-01-03 03:00:00;0.0;87.06865494706113;;125.0893353096399;;;;
2022-01-03 04:00:00;0.0;87.06865494706113;;134.6052765549433;;;;
2022-01-03 05:00:00;0.0;87.06865494706113;;147.0799363481643;;;;
2022-01-03 06:00:00;0.0;87.06865494706113;;161.6407192938448;;;;
2022-01-03 07:00:00;0.0;87.06865494706113;;177.2880407027608;;;;
2022-01-03 08:00:00;0.0;87.06865494706113;;192.957469031803;;;;
2022-01-03 09:00:00;0.0;87.06865494706113;;207.5845191143762;;;;
2022-01-03 10:00:00;0.0;87.06865494706113;;220.1755586873212;;;;
2022-01-03 11:00:00;0.0;87.06865494706113;;229.8658047619454;;;;
2022-01-03 12:00:00;0.0;87.06865494706113;;236.0031509396341;;;;
2022-01-03 13:00:00;0.0;87.06865494706113;;238.1702785338755;;;;
2022-01-03 14:00:00;0.0;87.06865494706113;;236.2217161779277;;;;
2022-01-03 15:00:00;0.0;87.06865494706113;;230.2917662751223;;;;
2022-01-03 16:00:00;0.0;87.06865494706113;;220.7823678346032;;;;
2022-01-03 17:00:00;0.0;87.06865494706113;;208.342945607235;;;;
2022-01-03 18:00:00;0.0;87.06865494706113;;193.8113189789172;;;;
2022-01-03 19:00:00;0.0;87.06865494706113;;178.1815990132749;;;;
2022-01-03 20:00:00;0.0;87.06865494706113;;162.5204808144839;;;;
2022-01-03 21:00:00;0.0;87.06865494706113;;147.911505788991;;;;
2022-01-03 22:00:00;0.0;87.06865494706113;;135.3649785411957;;;;
2022-01-03 23:00:00;0.0;87.06865494706113;;124.3588508081497;;;;
2022-01-04 00:00:00;0.0;87.06865494706113;;117.0019065945761;;;;
2022-01-04 01:00:00;0.0;87.06865494706113;;113.6807457120157;;;;
2022-01-04 02:00:00;0.0;87.06865494706113;;115.900700256693;;;;
2022-01-04 03:00:00;0.0;87.06865494706113;;122.0610238870449;;;;
2022-01-04 04:00:00;0.0;87.06865494706113;;131.7670122362595;;;;
2022-01-04 05:00:00;0.0;87.06865494706113;;144.3773177923177;;;;
2022-01-04 06:00:00;0.0;87.06865494706113;;159.0425047408347;;;;
2022-01-04 07:00:00;0.0;87.06865494706113;;174.7577311349376;;;;
2022-01-04 08:00:00;0.0;87.06865494706113;;190.4528802076209;;;;
2022-01-04 09:00:00;0.0;87.06865494706113;;205.0487917309217;;;;
2022-01-04 10:00:00;0.0;87.06865494706113;;217.5347473386408;;;;
2022-01-04 11:00:00;0.0;87.06865494706113;;227.0445491759218;;;;
2022-01-04 12:00:00;0.0;87.06865494706113;;232.9215663763005;;;;
2022-01-04 13:00:00;0.0;87.06865494706113;;234.7510048022139;;;;
2022-01-04 14:00:00;0.0;87.06865494706113;;232.4028339233226;;;;
2022-01-04 15:00:00;0.0;87.06865494706113;;226.0234660808326;;;;
2022-01-04 16:00:00;0.0;87.06865494706113;;216.0575343274688;;;;
2022-01-04 17:00:00;0.0;87.06865494706113;;203.181415570815;;;;
2022-01-04 18:00:00;0.0;87.06865494706113;;188.2701179914485;;;;
2022-01-04 19:00:00;0.0;87.06865494706113;;172.3296819267699;;;;
2022-01-04 20:00:00;0.0;87.06865494706113;;156.4240240196017;;;;
2022-01-04 21:00:00;0.0;87.06865494706113;;141.6181497273978;;;;
2022-01-04 22:00:00;0.0;87.06865494706113;;128.872287986185;;;;
2022-01-04 23:00:00;0.0;87.06865494706113;;119.030702263475;;;;
2022-01-05 00:00:00;0.0;87.06865494706113;;112.6666182270857;;;;
2022-01-05 01:00:00;0.0;87.06865494706113;;110.1472636284407;;;;
2022-01-05 02:00:00;0.0;87.06865494706113;;111.5257570472044;;;;
2022-01-05 03:00:00;0.0;87.06865494706113;;116.6355777342858;;;;
2022-01-05 04:00:00;0.0;87.06865494706113;;125.0249477654932;;;;
2022-01-05 05:00:00;0.0;87.06865494706113;;136.024437924476;;;;
2022-01-05 06:00:00;0.0;87.06865494706113;;148.7870329511245;;;;
2022-01-05 07:00:00;0.0;87.06865494706113;;162.3481670847847;;;;
2022-01-05 08:00:00;0.0;87.06865494706113;;175.7038513599859;;;;
2022-01-05 09:00:00;0.0;87.06865494706113;;187.889317503678;;;;
2022-01-05 10:00:00;0.0;87.06865494706113;;198.0308710580803;;;;
2022-01-05 11:00:00;0.0;87.06865494706113;;205.3981303445825;;;;
2022-01-05 12:00:00;0.0;87.06865494706113;;209.4710169565714;;;;
2022-01-05 13:00:00;0.0;87.06865494706113;;209.9444587607383;;;;
2022-01-05 14:00:00;0.0;87.06865494706113;;206.7726483152585;;;;
2022-01-05 15:00:00;0.0;87.06865494706113;;200.1530574471062;;;;
2022-01-05 16:00:00;0.0;87.06865494706113;;190.5106971082045;;;;
2022-01-05 17:00:00;0.0;87.06865494706113;;178.4969368841083;;;;
2022-01-05 18:00:00;0.0;87.06865494706113;;164.8819368755054;;;;
2022-01-05 19:00:00;0.0;87.06865494706113;;150.5552105966793;;;;
2022-01-05 20:00:00;0.0;87.06865494706113;;136.4144503031162;;;;
2022-01-05 21:00:00;0.0;87.06865494706113;;123.3552647059679;;;;
2022-01-05 22:00:00;0.0;87.06865494706113;;112.2007663989864;;;;
2022-01-05 23:00:00;0.0;87.06865494706113;;104.8754056065384;;;;
2022-01-06 00:00:00;0.0;87.06865494706113;;100.6349617360327;;;;
2022-01-06 01:00:00;0.0;87.06865494706113;;99.832379673464;;;;
2022-01-06 02:00:00;0.0;87.06865494706113;;101.3602916333533;;;;
2022-01-06 03:00:00;0.0;87.06865494706113;;106.3851758427686;;;;
2022-01-06 04:00:00;0.0;87.06865494706113;;114.5391685213709;;;;
2022-01-06 05:00:00;0.0;87.06865494706113;;125.2619056638536;;;;
2022-01-06 06:00:00;0.0;87.06865494706113;;137.8169953518476;;;;
2022-01-06 07:00:00;0.0;87.06865494706113;;151.3686250337163;;;;
2022-01-06 08:00:00;0.0;87.06865494706113;;165.0192115151284;;;;
2022-01-06 09:00:00;0.0;87.06865494706113;;177.8740565167168;;;;
2022-01-06 10:00:00;0.0;87.06865494706113;;189.0820273108135;;;;
2022-01-06 11:00:00;0.0;87.06865494706113;;197.9037975517658;;;;
2022-01-06 12:00:00;0.0;87.06865494706113;;203.75762822389;;;;
2022-01-06 13:00:00;0.0;87.06865494706113;;206.267219086751;;;;
2022-01-06 14:00:00;0.0;87.06865494706113;;205.2694753167036;;;;
2022-01-06 15:00:00;0.0;87.06865494706113;;200.8361304457835;;;;
2022-01-06 16:00:00;0.0;87.06865494706113;;193.2688198823558;;;;
2022-01-06 17:00:00;0.0;87.06865494706113;;183.0944200005762;;;;
2022-01-06 18:00:00;0.0;87.06865494706113;;171.0245109204034;;;;
2022-01-06 19:00:00;0.0;87.06865494706113;;157.9068744148862;;;;
2022-01-06 20:00:00;0.0;87.06865494706113;;144.6712166133466;;;;
2022-01-06 21:00:00;0.0;87.06865494706113;;132.2746472761928;;;;
2022-01-06 22:00:00;0.0;87.06865494706113;;121.632993932778;;;;
2022-01-06 23:00:00;0.0;87.06865494706113;;115.1949844028299;;;;
2022-01-07 00:00:00;0.0;87.06865494706113;;111.957487546054;;;;
2022-01-07 01:00:00;0.0;87.06865494706113;;112.4236376860184;;;;
2022-01-07 02:00:00;0.0;87.06865494706113;;115.2159344535186;;;;
2022-01-07 03:00:00;0.0;87.06865494706113;;121.9889333905849;;;;
2022-01-07 04:00:00;0.0;87.06865494706113;;132.4053375861544;;;;
2022-01-07 05:00:00;0.0;87.06865494706113;;145.8693604256974;;;;
2022-01-07 06:00:00;0.0;87.06865494706113;;161.554527226189;;;;
2022-01-07 07:00:00;0.0;87.06865494706113;;178.4820598786611;;;;
2022-01-07 08:00:00;0.0;87.06865494706113;;195.5679107286271;;;;
2022-01-07 09:00:00;0.0;87.06865494706113;;211.7128909197998;;;;
2022-01-07 10:00:00;0.0;87.06865494706113;;225.8476529083654;;;;
2022-01-07 11:00:00;0.0;87.06865494706113;;237.0397323367337;;;;
2022-01-07 12:00:00;0.0;87.06865494706113;;244.5349033618842;;;;
2022-01-07 13:00:00;0.0;87.06865494706113;;247.8383462835286;;;;
2022-01-07 14:00:00;0.0;87.06865494706113;;246.7384115861113;;;;
2022-01-07 15:00:00;0.0;87.06865494706113;;241.3193225264524;;;;
2022-01-07 16:00:00;0.0;87.06865494706113;;231.9825959458606;;;;
2022-01-07 17:00:00;0.0;87.06865494706113;;219.3931037457825;;;;
2022-01-07 18:00:00;0.0;87.06865494706113;;204.4413213999405;;;;
2022-01-07 19:00:00;0.0;87.06865494706113;;188.1842372922195;;;;
2022-01-07 20:00:00;0.0;87.06865494706113;;171.7733343948089;;;;
2022-01-07 21:00:00;0.0;87.06865494706113;;156.3895170116496;;;;
2022-01-07 22:00:00;0.0;87.06865494706113;;143.1256286155707;;;;
2022-01-07 23:00:00;0.0;87.06865494706113;;133.7446867167611;;;;
2022-01-08 00:00:00;0.0;87.06865494706113;;128.1429322655567;;;;
2022-01-08 01:00:00;0.0;87.06865494706113;;126.8159173736428;;;;
2022-01-08 02:00:00;0.0;87.06865494706113;;129.1369631665869;;;;
2022-01-08 03:00:00;0.0;87.06865494706113;;135.8225034979032;;;;
2022-01-08 04:00:00;0.0;87.06865494706113;;146.410714764021;;;;
2022-01-08 05:00:00;0.0;87.06865494706113;;160.1771339278071;;;;
2022-01-08 06:00:00;0.0;87.06865494706113;;176.1615457964775;;;;
2022-01-08 07:00:00;0.0;87.06865494706113;;193.2639085502743;;;;
2022-01-08 08:00:00;0.0;87.06865494706113;;210.2935548240295;;;;
2022-01-08 09:00:00;0.0;87.06865494706113;;226.0734979680814;;;;
2022-01-08 10:00:00;0.0;87.06865494706113;;239.5136290103698;;;;
2022-01-08 11:00:00;0.0;87.06865494706113;;249.694758865444;;;;
2022-01-08 12:00:00;0.0;87.06865494706113;;255.9189248168695;;;;
2022-01-08 13:00:00;0.0;87.06865494706113;;257.7488778589062;;;;
2022-01-08 14:00:00;0.0;87.06865494706113;;255.0671992035531;;;;
2022-01-08 15:00:00;0.0;87.06865494706113;;248.0551081139056;;;;
2022-01-08 16:00:00;0.0;87.06865494706113;;237.1959556799712;;;;
2022-01-08 17:00:00;0.0;87.06865494706113;;223.2213390409154;;;;
2022-01-08 18:00:00;0.0;87.06865494706113;;207.0786113257656;;;;
2022-01-08 19:00:00;0.0;87.06865494706113;;189.8524008606839;;;;
2022-01-08 20:00:00;0.0;87.06865494706113;;172.7002289144723;;;;
2022-01-08 21:00:00;0.0;87.06865494706113;;156.7590159866397;;;;
2022-01-08 22:00:00;0.0;87.06865494706113;;143.1007085056041;;;;
2022-01-08 23:00:00;0.0;87.06865494706113;;131.8705880764501;;;;
2022-01-09 00:00:00;0.0;87.06865494706113;;124.5537829321451;;;;
2022-01-09 01:00:00;0.0;87.06865494706113;;121.5505459805909;;;;
2022-01-09 02:00:00;0.0;87.06865494706113;;123.7454597285626;;;;
2022-01-09 03:00:00;0.0;87.06865494706113;;130.1842047226584;;;;
2022-01-09 04:00:00;0.0;87.06865494706113;;140.4453700051752;;;;
2022-01-09 05:00:00;0.0;87.06865494706113;;153.8528118455677;;;;
2022-01-09 06:00:00;0.0;87.06865494706113;;169.5240277528175;;;;
2022-01-09 07:00:00;0.0;87.06865494706113;;186.418040678657;;;;
2022-01-09 08:00:00;0.0;87.06865494706113;;203.4073683844007;;;;
2022-01-09 09:00:00;0.0;87.06865494706113;;219.3607237250176;;;;
2022-01-09 10:00:00;0.0;87.06865494706113;;233.2337696199061;;;;
2022-01-09 11:00:00;0.0;87.06865494706113;;244.1052199059509;;;;
2022-01-09 12:00:00;0.0;87.06865494706113;;251.2497598701798;;;;
2022-01-09 13:00:00;0.0;87.06865494706113;;254.1865027448002;;;;
2022-01-09 14:00:00;0.0;87.06865494706113;;252.7250078238201;;;;
2022-01-09 15:00:00;0.0;87.06865494706113;;246.9695528702445;;;;
2022-01-09 16:00:00;0.0;87.06865494706113;;237.324254506119;;;;
2022-01-09 17:00:00;0.0;87.06865494706113;;224.459951249474;;;;
2022-01-09 18:00:00;0.0;87.06865494706113;;209.2758857625304;;;;
2022-01-09 19:00:00;0.0;87.06865494706113;;192.8156113836513;;;;
2022-01-09 20:00:00;0.0;87.06865494706113;;176.2411438972126;;;;
2022-01-09 21:00:00;0.0;87.06865494706113;;160.725749024897;;;;
2022-01-09 22:00:00;0.0;87.06865494706113;;147.3897291033746;;;;
2022-01-09 23:00:00;0.0;87.06865494706113;;135.3522493378597;;;;
2022-01-10 00:00:00;0.0;87.06865494706113;;127.2541697088301;;;;
2022-01-10 01:00:00;0.0;87.06865494706113;;123.5308104484922;;;;
2022-01-10 02:00:00;0.0;87.06865494706113;;126.1600327572049;;;;
2022-01-10 03:00:00;0.0;87.06865494706113;;133.0933865285591;;;;
2022-01-10 04:00:00;0.0;87.06865494706113;;143.9084493714366;;;;
2022-01-10 05:00:00;0.0;87.06865494706113;;157.9269788292936;;;;
2022-01-10 06:00:00;0.0;87.06865494706113;;174.2105201780657;;;;
2022-01-10 07:00:00;0.0;87.06865494706113;;191.6885879398481;;;;
2022-01-10 08:00:00;0.0;87.06865494706113;;209.1716660452425;;;;
2022-01-10 09:00:00;0.0;87.06865494706113;;225.4828623458822;;;;
2022-01-10 10:00:00;0.0;87.06865494706113;;239.4976229979649;;;;
2022-01-10 11:00:00;0.0;87.06865494706113;;250.2540378526103;;;;
2022-01-10 12:00:00;0.0;87.06865494706113;;257.0143058284496;;;;
2022-01-10 13:00:00;0.0;87.06865494706113;;259.3021802642201;;;;
2022-01-10 14:00:00;0.0;87.06865494706113;;256.9659936567801;;;;
2022-01-10 15:00:00;0.0;87.06865494706113;;250.16394625496;;;;
2022-01-10 16:00:00;0.0;87.06865494706113;;239.3578221521968;;;;
2022-01-10 17:00:00;0.0;87.06865494706113;;225.2875073601634;;;;
2022-01-10 18:00:00;0.0;87.06865494706113;;208.9122971272556;;;;
2022-01-10 19:00:00;0.0;87.06865494706113;;191.3557829639521;;;;
2022-01-10 20:00:00;0.0;87.06865494706113;;173.806368927094;;;;
2022-01-10 21:00:00;0.0;87.06865494706113;;157.4425114590269;;;;
2022-01-10 22:00:00;0.0;87.06865494706113;;143.3481236621097;;;;
2022-01-10 23:00:00;0.0;87.06865494706113;;130.9459064440283;;;;
2022-01-11 00:00:00;0.0;87.06865494706113;;122.4406458899682;;;;
2022-01-11 01:00:00;0.0;87.06865494706113;;118.1743608012064;;;;
2022-01-11 02:00:00;0.0;87.06865494706113;;119.6792675807246;;;;
2022-01-11 03:00:00;0.0;87.06865494706113;;125.1749790597784;;;;
2022-01-11 04:00:00;0.0;87.06865494706113;;134.1822426740163;;;;
2022-01-11 05:00:00;0.0;87.06865494706113;;145.9750215603156;;;;
2022-01-11 06:00:00;0.0;87.06865494706113;;159.633130320106;;;;
2022-01-11 07:00:00;0.0;87.06865494706113;;174.1386208991773;;;;
2022-01-11 08:00:00;0.0;87.06865494706113;;188.4165376690902;;;;
2022-01-11 09:00:00;0.0;87.06865494706113;;201.4224082298676;;;;
2022-01-11 10:00:00;0.0;87.06865494706113;;212.2002136950589;;;;
2022-01-11 11:00:00;0.0;87.06865494706113;;219.9660923213115;;;;
2022-01-11 12:00:00;0.0;87.06865494706113;;224.1715289639933;;;;
2022-01-11 13:00:00;0.0;87.06865494706113;;224.4964265952813;;;;
2022-01-11 14:00:00;0.0;87.06865494706113;;220.910455448188;;;;
2022-01-11 15:00:00;0.0;87.06865494706113;;213.6293508558404;;;;
2022-01-11 16:00:00;0.0;87.06865494706113;;203.1419825010913;;;;
2022-01-11 17:00:00;0.0;87.06865494706113;;190.1156511892859;;;;
2022-01-11 18:00:00;0.0;87.06865494706113;;175.3931079931766;;;;
2022-01-11 19:00:00;0.0;87.06865494706113;;159.9142289614328;;;;
2022-01-11 20:00:00;0.0;87.06865494706113;;144.6644198891759;;;;
2022-01-11 21:00:00;0.0;87.06865494706113;;130.6060691408197;;;;
2022-01-11 22:00:00;0.0;87.06865494706113;;118.5959202206571;;;;
2022-01-11 23:00:00;0.0;87.06865494706113;;109.3592993814749;;;;
2022-01-12 00:00:00;0.0;87.06865494706113;;103.4122437660442;;;;
2022-01-12 01:00:00;0.0;87.06865494706113;;101.0644409649032;;;;
2022-01-12 02:00:00;0.0;87.06865494706113;;102.3842938329256;;;;
2022-01-12 03:00:00;0.0;87.06865494706113;;107.2091020670618;;;;
2022-01-12 04:00:00;0.0;87.06865494706113;;115.1425765300144;;;;
2022-01-12 05:00:00;0.0;87.06865494706113;;125.5960059681269;;;;
2022-01-12 06:00:00;0.0;87.06865494706113;;137.8239445688523;;;;
2022-01-12 07:00:00;0.0;87.06865494706113;;150.9783235836042;;;;
2022-01-12 08:00:00;0.0;87.06865494706113;;164.1500678853996;;;;
2022-01-12 09:00:00;0.0;87.06865494706113;;176.448097182039;;;;
2022-01-12 10:00:00;0.0;87.06865494706113;;187.0368042227853;;;;
2022-01-12 11:00:00;0.0;87.06865494706113;;195.2128697078026;;;;
2022-01-12 12:00:00;0.0;87.06865494706113;;200.4202516676696;;;;
2022-01-12 13:00:00;0.0;87.06865494706113;;202.3121331274578;;;;
2022-01-12 14:00:00;0.0;87.06865494706113;;200.7492628005843;;;;
2022-01-12 15:00:00;0.0;87.06865494706113;;195.8375515923195;;;;
2022-01-12 16:00:00;0.0;87.06865494706113;;187.9081356791901;;;;
2022-01-12 17:00:00;0.0;87.06865494706113;;177.5033539945032;;;;
2022-01-12 18:00:00;0.0;87.06865494706113;;165.3270002857536;;;;
2022-01-12 19:00:00;0.0;87.06865494706113;;152.213296366414;;;;
2022-01-12 20:00:00;0.0;87.06865494706113;;139.0628013752465;;;;
2022-01-12 21:00:00;0.0;87.06865494706113;;126.7962276199958;;;;
2022-01-12 22:00:00;0.0;87.06865494706113;;116.2760949148587;;;;
2022-01-12 23:00:00;0.0;87.06865494706113;;109.5444919873441;;;;
2022-01-13 00:00:00;0.0;87.06865494706113;;105.899449177143;;;;
2022-01-13 01:00:00;0.0;87.06865494706113;;105.7896466837504;;;;
2022-01-13 02:00:00;0.0;87.06865494706113;;108.1456614493874;;;;
2022-01-13 03:00:00;0.0;87.06865494706113;;114.2174765519166;;;;
2022-01-13 04:00:00;0.0;87.06865494706113;;123.6674408282489;;;;
2022-01-13 05:00:00;0.0;87.06865494706113;;135.9114160610692;;;;
2022-01-13 06:00:00;0.0;87.06865494706113;;150.1851160291051;;;;
2022-01-13 07:00:00;0.0;87.06865494706113;;165.5550035320016;;;;
2022-01-13 08:00:00;0.0;87.06865494706113;;181.0164549948813;;;;
2022-01-13 09:00:00;0.0;87.06865494706113;;195.5391888191988;;;;
2022-01-13 10:00:00;0.0;87.06865494706113;;208.1626769650413;;;;
2022-01-13 11:00:00;0.0;87.06865494706113;;218.0358148551578;;;;
2022-01-13 12:00:00;0.0;87.06865494706113;;224.4971256013786;;;;
2022-01-13 13:00:00;0.0;87.06865494706113;;227.1111733570283;;;;
2022-01-13 14:00:00;0.0;87.06865494706113;;225.6975932395262;;;;
2022-01-13 15:00:00;0.0;87.06865494706113;;220.3657460938023;;;;
2022-01-13 16:00:00;0.0;87.06865494706113;;211.4880924624765;;;;
2022-01-13 17:00:00;0.0;87.06865494706113;;199.7001133194493;;;;
2022-01-13 18:00:00;0.0;87.06865494706113;;185.8124758418178;;;;
2022-01-13 19:00:00;0.0;87.06865494706113;;170.7904892695748;;;;
2022-01-13 20:00:00;0.0;87.06865494706113;;155.6841164254034;;;;
2022-01-13 21:00:00;0.0;87.06865494706113;;141.5529573904276;;;;
2022-01-13 22:00:00;0.0;87.06865494706113;;129.3878721784362;;;;
2022-01-13 23:00:00;0.0;87.06865494706113;;121.723336975239;;;;
2022-01-14 00:00:00;0.0;87.06865494706113;;117.4742028815638;;;;
2022-01-14 01:00:00;0.0;87.06865494706113;;117.1053054383905;;;;
2022-01-14 02:00:00;0.0;87.06865494706113;;119.1216423910578;;;;
2022-01-14 03:00:00;0.0;87.06865494706113;;125.1604493727474;;;;
2022-01-14 04:00:00;0.0;87.06865494706113;;134.7979796675461;;;;
2022-01-14 05:00:00;0.0;87.06865494706113;;147.3460749680784;;;;
2022-01-14 06:00:00;0.0;87.06865494706113;;161.9392373450102;;;;
2022-01-14 07:00:00;0.0;87.06865494706113;;177.5509025333465;;;;
2022-01-14 08:00:00;0.0;87.06865494706113;;193.0883301108614;;;;
2022-01-14 09:00:00;0.0;87.06865494706113;;207.4846682259448;;;;
2022-01-14 10:00:00;0.0;87.06865494706113;;219.7480518949522;;;;
2022-01-14 11:00:00;0.0;87.06865494706113;;229.0407266252898;;;;
2022-01-14 12:00:00;0.0;87.06865494706113;;234.7246820626893;;;;
2022-01-14 13:00:00;0.0;87.06865494706113;;236.40540056;;;;
2022-01-14 14:00:00;0.0;87.06865494706113;;233.9820042846175;;;;
2022-01-14 15:00:00;0.0;87.06865494706113;;227.5986528759428;;;;
2022-01-14 16:00:00;0.0;87.06865494706113;;217.7017005401573;;;;
2022-01-14 17:00:00;0.0;87.06865494706113;;204.9551979367318;;;;
2022-01-14 18:00:00;0.0;87.06865494706113;;190.2260626799565;;;;
2022-01-14 19:00:00;0.0;87.06865494706113;;174.4976374570088;;;;
2022-01-14 20:00:00;0.0;87.06865494706113;;158.8304710127491;;;;
2022-01-14 21:00:00;0.0;87.06865494706113;;144.2830302048884;;;;
2022-01-14 22:00:00;0.0;87.06865494706113;;131.8324096826932;;;;
2022-01-14 23:00:00;0.0;87.06865494706113;;123.059514993061;;;;
2022-01-15 00:00:00;0.0;87.06865494706113;;117.8536547423476;;;;
2022-01-15 01:00:00;0.0;87.06865494706113;;116.6641866942867;;;;
2022-01-15 02:00:00;0.0;87.06865494706113;;118.9269436990431;;;;
2022-01-15 03:00:00;0.0;87.06865494706113;;125.3037016936684;;;;
2022-01-15 04:00:00;0.0;87.06865494706113;;135.3996244354526;;;;
2022-01-15 05:00:00;0.0;87.06865494706113;;148.570547757752;;;;
2022-01-15 06:00:00;0.0;87.06865494706113;;163.9749570547413;;;;
2022-01-15 07:00:00;0.0;87.06865494706113;;180.6179143303023;;;;
2022-01-15 08:00:00;0.0;87.06865494706113;;197.4340364570219;;;;
2022-01-15 09:00:00;0.0;87.06865494706113;;213.3296159575264;;;;
2022-01-15 10:00:00;0.0;87.06865494706113;;227.268745374983;;;;
2022-01-15 11:00:00;0.0;87.06865494706113;;238.3406485523853;;;;
2022-01-15 12:00:00;0.0;87.06865494706113;;245.8209490111878;;;;
2022-01-15 13:00:00;0.0;87.06865494706113;;249.2204462635803;;;;
2022-01-15 14:00:00;0.0;87.06865494706113;;248.3224924431445;;;;
2022-01-15 15:00:00;0.0;87.06865494706113;;243.2031565381849;;;;
2022-01-15 16:00:00;0.0;87.06865494706113;;234.2277063817145;;;;
2022-01-15 17:00:00;0.0;87.06865494706113;;222.034426003495;;;;
2022-01-15 18:00:00;0.0;87.06865494706113;;207.4805009500712;;;;
2022-01-15 19:00:00;0.0;87.06865494706113;;191.6144124233293;;;;
2022-01-15 20:00:00;0.0;87.06865494706113;;175.5621055640719;;;;
2022-01-15 21:00:00;0.0;87.06865494706113;;160.5010813301756;;;;
2022-01-15 22:00:00;0.0;87.06865494706113;;147.5422695680656;;;;
2022-01-15 23:00:00;0.0;87.06865494706113;;136.8686648671078;;;;
2022-01-16 00:00:00;0.0;87.06865494706113;;130.0919443409817;;;;
2022-01-16 01:00:00;0.0;87.06865494706113;;127.7174337384436;;;;
2022-01-16 02:00:00;0.0;87.06865494706113;;130.7707190105802;;;;
2022-01-16 03:00:00;0.0;87.06865494706113;;138.302688674852;;;;
2022-01-16 04:00:00;0.0;87.06865494706113;;149.9190714250246;;;;
2022-01-16 05:00:00;0.0;87.06865494706113;;164.9169023899295;;;;
2022-01-16 06:00:00;0.0;87.06865494706113;;182.3704371145434;;;;
2022-01-16 07:00:00;0.0;87.06865494706113;;201.1446365437012;;;;
2022-01-16 08:00:00;0.0;87.06865494706113;;220.0143049171354;;;;
2022-01-16 09:00:00;0.0;87.06865494706113;;237.7210157496036;;;;
2022-01-16 10:00:00;0.0;87.06865494706113;;253.0694143464014;;;;
2022-01-16 11:00:00;0.0;87.06865494706113;;265.0367113649631;;;;
2022-01-16 12:00:00;0.0;87.06865494706113;;272.8113578957702;;;;
2022-01-16 13:00:00;0.0;87.06865494706113;;275.8713646221888;;;;
2022-01-16 14:00:00;0.0;87.06865494706113;;273.999955069552;;;;
2022-01-16 15:00:00;0.0;87.06865494706113;;267.3308089973643;;;;
2022-01-16 16:00:00;0.0;87.06865494706113;;256.3411316247075;;;;
2022-01-16 17:00:00;0.0;87.06865494706113;;241.7866481835013;;;;
2022-01-16 18:00:00;0.0;87.06865494706113;;224.6837499608593;;;;
2022-01-16 19:00:00;0.0;87.06865494706113;;206.2204680819212;;;;
2022-01-16 20:00:00;0.0;87.06865494706113;;187.6900758004015;;;;
2022-01-16 21:00:00;0.0;87.06865494706113;;170.3631714640371;;;;
2022-01-16 22:00:00;0.0;87.06865494706113;;155.421316687835;;;;
2022-01-16 23:00:00;0.0;87.06865494706113;;141.9295961804657;;;;
2022-01-17 00:00:00;0.0;87.06865494706113;;132.6327776474226;;;;
2022-01-17 01:00:00;0.0;87.06865494706113;;127.9208787800021;;;;
2022-01-17 02:00:00;0.0;87.06865494706113;;129.8028012674636;;;;
2022-01-17 03:00:00;0.0;87.06865494706113;;136.0296494646027;;;;
2022-01-17 04:00:00;0.0;87.06865494706113;;146.0961574641314;;;;
2022-01-17 05:00:00;0.0;87.06865494706113;;159.2321019513188;;;;
2022-01-17 06:00:00;0.0;87.06865494706113;;174.4608676313439;;;;
2022-01-17 07:00:00;0.0;87.06865494706113;;190.663745749568;;;;
2022-01-17 08:00:00;0.0;87.06865494706113;;206.655825226998;;;;
2022-01-17 09:00:00;0.0;87.06865494706113;;221.2821394746551;;;;
2022-01-17 10:00:00;0.0;87.06865494706113;;233.4922394073847;;;;
2022-01-17 11:00:00;0.0;87.06865494706113;;242.421059553518;;;;
2022-01-17 12:00:00;0.0;87.06865494706113;;247.4278598969063;;;;
2022-01-17 13:00:00;0.0;87.06865494706113;;248.1584434586005;;;;
2022-01-17 14:00:00;0.0;87.06865494706113;;244.5317796080067;;;;
2022-01-17 15:00:00;0.0;87.06865494706113;;236.7842568190976;;;;
2022-01-17 16:00:00;0.0;87.06865494706113;;225.4227924709615;;;;
2022-01-17 17:00:00;0.0;87.06865494706113;;211.2058204558196;;;;
2022-01-17 18:00:00;0.0;87.06865494706113;;195.0621959605559;;;;
2022-01-17 19:00:00;0.0;87.06865494706113;;178.0324274012998;;;;
2022-01-17 20:00:00;0.0;87.06865494706113;;161.2078712896868;;;;
2022-01-17 21:00:00;0.0;87.06865494706113;;145.6560743395473;;;;
2022-01-17 22:00:00;0.0;87.06865494706113;;132.3540412666697;;;;
2022-01-17 23:00:00;0.0;87.06865494706113;;120.7282936373755;;;;
2022-01-18 00:00:00;0.0;87.06865494706113;;112.7868331929958;;;;
2022-01-18 01:00:00;0.0;87.06865494706113;;108.8292811125168;;;;
2022-01-18 02:00:00;0.0;87.06865494706113;;110.2713534114957;;;;
2022-01-18 03:00:00;0.0;87.06865494706113;;115.4774373601854;;;;
2022-01-18 04:00:00;0.0;87.06865494706113;;124.0152990290398;;;;
2022-01-18 05:00:00;0.0;87.06865494706113;;135.2497027880833;;;;
2022-01-18 06:00:00;0.0;87.06865494706113;;148.3767773046425;;;;
2022-01-18 07:00:00;0.0;87.06865494706113;;162.4651719352613;;;;
2022-01-18 08:00:00;0.0;87.06865494706113;;176.5344401721943;;;;
2022-01-18 09:00:00;0.0;87.06865494706113;;189.6118204695376;;;;
2022-01-18 10:00:00;0.0;87.06865494706113;;200.8181089056889;;;;
2022-01-18 11:00:00;0.0;87.06865494706113;;209.3843076030211;;;;
2022-01-18 12:00:00;0.0;87.06865494706113;;214.7231069742168;;;;
2022-01-18 13:00:00;0.0;87.06865494706113;;216.4680697200765;;;;
2022-01-18 14:00:00;0.0;87.06865494706113;;214.5018242345434;;;;
2022-01-18 15:00:00;0.0;87.06865494706113;;208.9479830031256;;;;
2022-01-18 16:00:00;0.0;87.06865494706113;;200.1767683247535;;;;
2022-01-18 17:00:00;0.0;87.06865494706113;;188.7699346224107;;;;
2022-01-18 18:00:00;0.0;87.06865494706113;;175.5048068305581;;;;
2022-01-18 19:00:00;0.0;87.06865494706113;;161.2788224977929;;;;
2022-01-18 20:00:00;0.0;87.06865494706113;;147.052990519158;;;;
2022-01-18 21:00:00;0.0;87.06865494706113;;133.8004225476381;;;;
2022-01-18 22:00:00;0.0;87.06865494706113;;122.4277924785789;;;;
2022-01-18 23:00:00;0.0;87.06865494706113;;113.7326650180941;;;;
2022-01-19 00:00:00;0.0;87.06865494706113;;108.3241111469378;;;;
2022-01-19 01:00:00;0.0;87.06865494706113;;106.6010569099395;;;;
2022-01-19 02:00:00;0.0;87.06865494706113;;108.7079171661022;;;;
2022-01-19 03:00:00;0.0;87.06865494706113;;114.5341107239132;;;;
2022-01-19 04:00:00;0.0;87.06865494706113;;123.7033460094932;;;;
2022-01-19 05:00:00;0.0;87.06865494706113;;135.6113905021616;;;;
2022-01-19 06:00:00;0.0;87.06865494706113;;149.4585220030562;;;;
2022-01-19 07:00:00;0.0;87.06865494706113;;164.329351449166;;;;
2022-01-19 08:00:00;0.0;87.06865494706113;;179.219164840272;;;;
2022-01-19 09:00:00;0.0;87.06865494706113;;193.1201470974714;;;;
2022-01-19 10:00:00;0.0;87.06865494706113;;205.076237953853;;;;
2022-01-19 11:00:00;0.0;87.06865494706113;;214.2676576939207;;;;
2022-01-19 12:00:00;0.0;87.06865494706113;;220.0591103260422;;;;
2022-01-19 13:00:00;0.0;87.06865494706113;;222.0428851489636;;;;
2022-01-19 14:00:00;0.0;87.06865494706113;;220.083363259255;;;;
2022-01-19 15:00:00;0.0;87.06865494706113;;214.3162860227032;;;;
2022-01-19 16:00:00;0.0;87.06865494706113;;205.1318917145805;;;;
2022-01-19 17:00:00;0.0;87.06865494706113;;193.1771905616692;;;;
2022-01-19 18:00:00;0.0;87.06865494706113;;179.2614497412166;;;;
2022-01-19 19:00:00;0.0;87.06865494706113;;164.3356629763111;;;;
2022-01-19 20:00:00;0.0;87.06865494706113;;149.4020367787994;;;;
2022-01-19 21:00:00;0.0;87.06865494706113;;135.4739492593156;;;;
2022-01-19 22:00:00;0.0;87.06865494706113;;123.4885513396389;;;;
2022-01-19 23:00:00;0.0;87.06865494706113;;115.5610834317605;;;;
2022-01-20 00:00:00;0.0;87.06865494706113;;110.9295428999823;;;;
2022-01-20 01:00:00;0.0;87.06865494706113;;110.0017562794821;;;;
2022-01-20 02:00:00;0.0;87.06865494706113;;111.5954996836372;;;;
2022-01-20 03:00:00;0.0;87.06865494706113;;116.9446782978498;;;;
2022-01-20 04:00:00;0.0;87.06865494706113;;125.6200226868448;;;;
2022-01-20 05:00:00;0.0;87.06865494706113;;136.9662603509122;;;;
2022-01-20 06:00:00;0.0;87.06865494706113;;150.1443534168706;;;;
2022-01-20 07:00:00;0.0;87.06865494706113;;164.1974865585751;;;;
2022-01-20 08:00:00;0.0;87.06865494706113;;178.1267270639848;;;;
2022-01-20 09:00:00;0.0;87.06865494706113;;190.9446403508857;;;;
2022-01-20 10:00:00;0.0;87.06865494706113;;201.7494333865726;;;;
2022-01-20 11:00:00;0.0;87.06865494706113;;209.7840201998432;;;;
2022-01-20 12:00:00;0.0;87.06865494706113;;214.4942724556221;;;;
2022-01-20 13:00:00;0.0;87.06865494706113;;215.5506707522492;;;;
2022-01-20 14:00:00;0.0;87.06865494706113;;212.8759176770855;;;;
2022-01-20 15:00:00;0.0;87.06865494706113;;206.6382891491472;;;;
2022-01-20 16:00:00;0.0;87.06865494706113;;197.2547553861984;;;;
2022-01-20 17:00:00;0.0;87.06865494706113;;185.3441449544189;;;;
2022-01-20 18:00:00;0.0;87.06865494706113;;171.6995532058361;;;;
2022-01-20 19:00:00;0.0;87.06865494706113;;157.2188871587699;;;;
2022-01-20 20:00:00;0.0;87.06865494706113;;142.8602313146177;;;;
2022-01-20 21:00:00;0.0;87.06865494706113;;129.5645963928591;;;;
2022-01-20 22:00:00;0.0;87.06865494706113;;118.2047212571195;;;;
2022-01-20 23:00:00;0.0;87.06865494706113;;111.0534520693425;;;;
2022-01-21 00:00:00;0.0;87.06865494706113;;107.1150157239047;;;;
2022-01-21 01:00:00;0.0;87.06865494706113;;106.8024374233196;;;;
2022-01-21 02:00:00;0.0;87.06865494706113;;108.7578212963424;;;;
2022-01-21 03:00:00;0.0;87.06865494706113;;114.475415706698;;;;
2022-01-21 04:00:00;0.0;87.06865494706113;;123.5958840426591;;;;
2022-01-21 05:00:00;0.0;87.06865494706113;;135.5286077204143;;;;
2022-01-21 06:00:00;0.0;87.06865494706113;;149.5035246586557;;;;
2022-01-21 07:00:00;0.0;87.06865494706113;;164.6209983144515;;;;
2022-01-21 08:00:00;0.0;87.06865494706113;;179.9077628988122;;;;
2022-01-21 09:00:00;0.0;87.06865494706113;;194.379282176349;;;;
2022-01-21 10:00:00;0.0;87.06865494706113;;207.0957035395588;;;;
2022-01-21 11:00:00;0.0;87.06865494706113;;217.2343701253208;;;;
2022-01-21 12:00:00;0.0;87.06865494706113;;224.1381691964206;;;;
2022-01-21 13:00:00;0.0;87.06865494706113;;227.3496786473521;;;;
2022-01-21 14:00:00;0.0;87.06865494706113;;226.6727400378503;;;;
2022-01-21 15:00:00;0.0;87.06865494706113;;222.1733515872751;;;;
2022-01-21 16:00:00;0.0;87.06865494706113;;214.1696317836836;;;;
2022-01-21 17:00:00;0.0;87.06865494706113;;203.2127744022122;;;;
2022-01-21 18:00:00;0.0;87.06865494706113;;190.0793205783186;;;;
2022-01-21 19:00:00;0.0;87.06865494706113;;175.7184601759454;;;;
2022-01-21 20:00:00;0.0;87.06865494706113;;161.1868981385717;;;;
2022-01-21 21:00:00;0.0;87.06865494706113;;147.5411332732499;;;;
2022-01-21 22:00:00;0.0;87.06865494706113;;135.8127033338572;;;;
2022-01-21 23:00:00;0.0;87.06865494706113;;127.6682324962633;;;;
2022-01-22 00:00:00;0.0;87.06865494706113;;123.0909307563192;;;;
2022-01-22 01:00:00;0.0;87.06865494706113;;122.6178185605396;;;;
2022-01-22 02:00:00;0.0;87.06865494706113;;125.7473451159184;;;;
2022-01-22 03:00:00;0.0;87.06865494706113;;133.216203631382;;;;
2022-01-22 04:00:00;0.0;87.06865494706113;;144.6475538176475;;;;
2022-01-22 05:00:00;0.0;87.06865494706113;;159.3998642164102;;;;
2022-01-22 06:00:00;0.0;87.06865494706113;;176.5723953436711;;;;
2022-01-22 07:00:00;0.0;87.06865494706113;;195.0980048478235;;;;
2022-01-22 08:00:00;0.0;87.06865494706113;;213.7864263118908;;;;
2022-01-22 09:00:00;0.0;87.06865494706113;;231.4246745831575;;;;
2022-01-22 10:00:00;0.0;87.06865494706113;;246.8423941144106;;;;
2022-01-22 11:00:00;0.0;87.06865494706113;;259.0036522011619;;;;
2022-01-22 12:00:00;0.0;87.06865494706113;;267.1034589216253;;;;
2022-01-22 13:00:00;0.0;87.06865494706113;;270.6150266623783;;;;
2022-01-22 14:00:00;0.0;87.06865494706113;;269.3069786966411;;;;
2022-01-22 15:00:00;0.0;87.06865494706113;;263.2841561382376;;;;
2022-01-22 16:00:00;0.0;87.06865494706113;;252.9674178308563;;;;
2022-01-22 17:00:00;0.0;87.06865494706113;;239.1056616203832;;;;
2022-01-22 18:00:00;0.0;87.06865494706113;;222.6686348877352;;;;
2022-01-22 19:00:00;0.0;87.06865494706113;;204.826846935848;;;;
2022-01-22 20:00:00;0.0;87.06865494706113;;186.838280029746;;;;
2022-01-22 21:00:00;0.0;87.06865494706113;;169.9737285794938;;;;
2022-01-22 22:00:00;0.0;87.06865494706113;;155.4175328870494;;;;
2022-01-22 23:00:00;0.0;87.06865494706113;;143.3304198915904;;;;
2022-01-23 00:00:00;0.0;87.06865494706113;;135.3811420490358;;;;
2022-01-23 01:00:00;0.0;87.06865494706113;;132.0325147747594;;;;
2022-01-23 02:00:00;0.0;87.06865494706113;;134.281698363081;;;;
2022-01-23 03:00:00;0.0;87.06865494706113;;141.0441854441709;;;;
2022-01-23 04:00:00;0.0;87.06865494706113;;151.8269654025839;;;;
2022-01-23 05:00:00;0.0;87.06865494706113;;165.861519348795;;;;
2022-01-23 06:00:00;0.0;87.06865494706113;;182.1436041160387;;;;
2022-01-23 07:00:00;0.0;87.06865494706113;;199.5270391230409;;;;
2022-01-23 08:00:00;0.0;87.06865494706113;;216.7802166647048;;;;
2022-01-23 09:00:00;0.0;87.06865494706113;;232.6912089072676;;;;
2022-01-23 10:00:00;0.0;87.06865494706113;;246.1337345877642;;;;
2022-01-23 11:00:00;0.0;87.06865494706113;;256.161045884512;;;;
2022-01-23 12:00:00;0.0;87.06865494706113;;262.0776896407447;;;;
2022-01-23 13:00:00;0.0;87.06865494706113;;263.4630906990151;;;;
2022-01-23 14:00:00;0.0;87.06865494706113;;260.2272046674793;;;;
2022-01-23 15:00:00;0.0;87.06865494706113;;252.5753428113808;;;;
2022-01-23 16:00:00;0.0;87.06865494706113;;241.0348074901444;;;;
2022-01-23 17:00:00;0.0;87.06865494706113;;226.367084091628;;;;
2022-01-23 18:00:00;0.0;87.06865494706113;;209.5502193389545;;;;
2022-01-23 19:00:00;0.0;87.06865494706113;;191.6965346839422;;;;
2022-01-23 20:00:00;0.0;87.06865494706113;;173.9804494836553;;;;
2022-01-23 21:00:00;0.0;87.06865494706113;;157.562325891695;;;;
2022-01-23 22:00:00;0.0;87.06865494706113;;143.4973088405188;;;;
2022-01-23 23:00:00;0.0;87.06865494706113;;130.8828784894715;;;;
2022-01-24 00:00:00;0.0;87.06865494706113;;122.2366035381419;;;;
2022-01-24 01:00:00;0.0;87.06865494706113;;117.8984650987886;;;;
2022-01-24 02:00:00;0.0;87.06865494706113;;119.724519111182;;;;
2022-01-24 03:00:00;0.0;87.06865494706113;;125.6321627641379;;;;
2022-01-24 04:00:00;0.0;87.06865494706113;;135.1905888581118;;;;
2022-01-24 05:00:00;0.0;87.06865494706113;;147.7184160220727;;;;
2022-01-24 06:00:00;0.0;87.06865494706113;;162.3483235455466;;;;
2022-01-24 07:00:00;0.0;87.06865494706113;;178.0634286520268;;;;
2022-01-24 08:00:00;0.0;87.06865494706113;;193.7920583953006;;;;
2022-01-24 09:00:00;0.0;87.06865494706113;;208.4712946260653;;;;
2022-01-24 10:00:00;0.0;87.06865494706113;;221.0994870315668;;;;
2022-01-24 11:00:00;0.0;87.06865494706113;;230.8229505658335;;;;
2022-01-24 12:00:00;0.0;87.06865494706113;;236.9843507796957;;;;
2022-01-24 13:00:00;0.0;87.06865494706113;;239.1828466761089;;;;
2022-01-24 14:00:00;0.0;87.06865494706113;;237.2680525023317;;;;
2022-01-24 15:00:00;0.0;87.06865494706113;;231.3419004642653;;;;
2022-01-24 16:00:00;0.0;87.06865494706113;;221.8064412834297;;;;
2022-01-24 17:00:00;0.0;87.06865494706113;;209.3145174415046;;;;
2022-01-24 18:00:00;0.0;87.06865494706113;;194.7320581061454;;;;
2022-01-24 19:00:00;0.0;87.06865494706113;;179.0465743108011;;;;
2022-01-24 20:00:00;0.0;87.06865494706113;;163.3207942130844;;;;
2022-01-24 21:00:00;0.0;87.06865494706113;;148.6403053511207;;;;
2022-01-24 22:00:00;0.0;87.06865494706113;;136.0274831346313;;;;
2022-01-24 23:00:00;0.0;87.06865494706113;;124.9197184597191;;;;
2022-01-25 00:00:00;0.0;87.06865494706113;;117.4808383425707;;;;
2022-01-25 01:00:00;0.0;87.06865494706113;;114.0911709748302;;;;
2022-01-25 02:00:00;0.0;87.06865494706113;;116.3159494104353;;;;
2022-01-25 03:00:00;0.0;87.06865494706113;;122.5001149317694;;;;
2022-01-25 04:00:00;0.0;87.06865494706113;;132.249319218728;;;;
2022-01-25 05:00:00;0.0;87.06865494706113;;144.9079071965647;;;;
2022-01-25 06:00:00;0.0;87.06865494706113;;159.6203417952604;;;;
2022-01-25 07:00:00;0.0;87.06865494706113;;175.3874180538775;;;;
2022-01-25 08:00:00;0.0;87.06865494706113;;191.1328789140522;;;;
2022-01-25 09:00:00;0.0;87.06865494706113;;205.7789654706915;;;;
2022-01-25 10:00:00;0.0;87.06865494706113;;218.3057022981033;;;;
2022-01-25 11:00:00;0.0;87.06865494706113;;227.8437604330472;;;;
2022-01-25 12:00:00;0.0;87.06865494706113;;233.729582778486;;;;
2022-01-25 13:00:00;0.0;87.06865494706113;;235.5638109748928;;;;
2022-01-25 14:00:00;0.0;87.06865494706113;;233.2152938890971;;;;
2022-01-25 15:00:00;0.0;87.06865494706113;;226.8383947266294;;;;
2022-01-25 16:00:00;0.0;87.06865494706113;;216.8552122907049;;;;
2022-01-25 17:00:00;0.0;87.06865494706113;;203.9505287643463;;;;
2022-01-25 18:00:00;0.0;87.06865494706113;;188.9906169740984;;;;
2022-01-25 19:00:00;0.0;87.06865494706113;;172.9917113819077;;;;
2022-01-25 20:00:00;0.0;87.06865494706113;;157.0230214081563;;;;
2022-01-25 21:00:00;0.0;87.06865494706113;;142.1514172679952;;;;
2022-01-25 22:00:00;0.0;87.06865494706113;;129.3527553367188;;;;
2022-01-25 23:00:00;0.0;87.06865494706113;;119.4272050546692;;;;
2022-01-26 00:00:00;0.0;87.06865494706113;;113.0050951320472;;;;
2022-01-26 01:00:00;0.0;87.06865494706113;;110.4353599007853;;;;
2022-01-26 02:00:00;0.0;87.06865494706113;;111.8133952053441;;;;
2022-01-26 03:00:00;0.0;87.06865494706113;;116.9271381476116;;;;
2022-01-26 04:00:00;0.0;87.06865494706113;;125.3237677287072;;;;
2022-01-26 05:00:00;0.0;87.06865494706113;;136.3315386819331;;;;
2022-01-26 06:00:00;0.0;87.06865494706113;;149.0986797220575;;;;
2022-01-26 07:00:00;0.0;87.06865494706113;;162.6731159308124;;;;
2022-01-26 08:00:00;0.0;87.06865494706113;;176.0547608896341;;;;
2022-01-26 09:00:00;0.0;87.06865494706113;;188.2702454994737;;;;
2022-01-26 10:00:00;0.0;87.06865494706113;;198.4376989116764;;;;
2022-01-26 11:00:00;0.0;87.06865494706113;;205.8257131642752;;;;
2022-01-26 12:00:00;0.0;87.06865494706113;;209.9039755497789;;;;
2022-01-26 13:00:00;0.0;87.06865494706113;;210.3807575146525;;;;
2022-01-26 14:00:00;0.0;87.06865494706113;;207.2014797569967;;;;
2022-01-26 15:00:00;0.0;87.06865494706113;;200.5810364968992;;;;
2022-01-26 16:00:00;0.0;87.06865494706113;;190.9338749741089;;;;
2022-01-26 17:00:00;0.0;87.06865494706113;;178.8965002603596;;;;
2022-01-26 18:00:00;0.0;87.06865494706113;;165.2457113062335;;;;
2022-01-26 19:00:00;0.0;87.06865494706113;;150.8704924091388;;;;
2022-01-26 20:00:00;0.0;87.06865494706113;;136.6959898240904;;;;
2022-01-26 21:00:00;0.0;87.06865494706113;;123.6132908042004;;;;
2022-01-26 22:00:00;0.0;87.06865494706113;;112.4449392558978;;;;
2022-01-26 23:00:00;0.0;87.06865494706113;;105.0739214322134;;;;
2022-01-27 00:00:00;0.0;87.06865494706113;;100.7940521842808;;;;
2022-01-27 01:00:00;0.0;87.06865494706113;;99.95395811409364;;;;
2022-01-27 02:00:00;0.0;87.06865494706113;;101.4915030390325;;;;
2022-01-27 03:00:00;0.0;87.06865494706113;;106.5257345452892;;;;
2022-01-27 04:00:00;0.0;87.06865494706113;;114.6964215087545;;;;
2022-01-27 05:00:00;0.0;87.06865494706113;;125.4342054613577;;;;
2022-01-27 06:00:00;0.0;87.06865494706113;;138.0103172152398;;;;
2022-01-27 07:00:00;0.0;87.06865494706113;;151.5818168416557;;;;
2022-01-27 08:00:00;0.0;87.06865494706113;;165.2454576251353;;;;
2022-01-27 09:00:00;0.0;87.06865494706113;;178.1133678820918;;;;
2022-01-27 10:00:00;0.0;87.06865494706113;;189.3258736827837;;;;
2022-01-27 11:00:00;0.0;87.06865494706113;;198.1522316888802;;;;
2022-01-27 12:00:00;0.0;87.06865494706113;;204.0034167470626;;;;
2022-01-27 13:00:00;0.0;87.06865494706113;;206.5100331767471;;;;
2022-01-27 14:00:00;0.0;87.06865494706113;;205.5069702642189;;;;
2022-01-27 15:00:00;0.0;87.06865494706113;;201.0673123924565;;;;
2022-01-27 16:00:00;0.0;87.06865494706113;;193.4952003547854;;;;
2022-01-27 17:00:00;0.0;87.06865494706113;;183.3159882593206;;;;
2022-01-27 18:00:00;0.0;87.06865494706113;;171.2430928405067;;;;
2022-01-27 19:00:00;0.0;87.06865494706113;;158.1180404482468;;;;
2022-01-27 20:00:00;0.0;87.06865494706113;;144.8709482460349;;;;
2022-01-27 21:00:00;0.0;87.06865494706113;;132.4578787433987;;;;
2022-01-27 22:00:00;0.0;87.06865494706113;;121.8047270378218;;;;
2022-01-27 23:00:00;0.0;87.06865494706113;;115.318179844652;;;;
2022-01-28 00:00:00;0.0;87.06865494706113;;112.0399622435245;;;;
2022-01-28 01:00:00;0.0;87.06865494706113;;112.4660711342258;;;;
2022-01-28 02:00:00;0.0;87.06865494706113;;115.2671020111005;;;;
2022-01-28 03:00:00;0.0;87.06865494706113;;122.0404976823258;;;;
2022-01-28 04:00:00;0.0;87.06865494706113;;132.4571637216632;;;;
2022-01-28 05:00:00;0.0;87.06865494706113;;145.9214847520977;;;;
2022-01-28 06:00:00;0.0;87.06865494706113;;161.6182413401541;;;;
2022-01-28 07:00:00;0.0;87.06865494706113;;178.5581407339831;;;;
2022-01-28 08:00:00;0.0;87.06865494706113;;195.6647491670005;;;;
2022-01-28 09:00:00;0.0;87.06865494706113;;211.8245741069649;;;;
2022-01-28 10:00:00;0.0;87.06865494706113;;225.9698559029037;;;;
2022-01-28 11:00:00;0.0;87.06865494706113;;237.1567910177251;;;;
2022-01-28 12:00:00;0.0;87.06865494706113;;244.6457131817934;;;;
2022-01-28 13:00:00;0.0;87.06865494706113;;247.9425343689434;;;;
2022-01-28 14:00:00;0.0;87.06865494706113;;246.8337856601244;;;;
2022-01-28 15:00:00;0.0;87.06865494706113;;241.406311908638;;;;
2022-01-28 16:00:00;0.0;87.06865494706113;;232.0669926989433;;;;
2022-01-28 17:00:00;0.0;87.06865494706113;;219.4657087609009;;;;
2022-01-28 18:00:00;0.0;87.06865494706113;;204.5109369653544;;;;
2022-01-28 19:00:00;0.0;87.06865494706113;;188.2459530534754;;;;
2022-01-28 20:00:00;0.0;87.06865494706113;;171.8442297514453;;;;
2022-01-28 21:00:00;0.0;87.06865494706113;;156.459511887902;;;;
2022-01-28 22:00:00;0.0;87.06865494706113;;143.1942074092691;;;;
2022-01-28 23:00:00;0.0;87.06865494706113;;133.7618255396829;;;;
2022-01-29 00:00:00;0.0;87.06865494706113;;128.1087852747735;;;;
2022-01-29 01:00:00;0.0;87.06865494706113;;126.7299215808765;;;;
2022-01-29 02:00:00;0.0;87.06865494706113;;129.0476378951274;;;;
2022-01-29 03:00:00;0.0;87.06865494706113;;135.7211957071044;;;;
2022-01-29 04:00:00;0.0;87.06865494706113;;146.2939237703646;;;;
2022-01-29 05:00:00;0.0;87.06865494706113;;160.0290176344818;;;;
2022-01-29 06:00:00;0.0;87.06865494706113;;175.9827419063328;;;;
2022-01-29 07:00:00;0.0;87.06865494706113;;193.0394939505856;;;;
2022-01-29 08:00:00;0.0;87.06865494706113;;210.0299455806909;;;;
2022-01-29 09:00:00;0.0;87.06865494706113;;225.7830224413798;;;;
2022-01-29 10:00:00;0.0;87.06865494706113;;239.2135940376266;;;;
2022-01-29 11:00:00;0.0;87.06865494706113;;249.401249949893;;;;
2022-01-29 12:00:00;0.0;87.06865494706113;;255.6187784931568;;;;
2022-01-29 13:00:00;0.0;87.06865494706113;;257.4605522461225;;;;
2022-01-29 14:00:00;0.0;87.06865494706113;;254.7889180871009;;;;
2022-01-29 15:00:00;0.0;87.06865494706113;;247.7978971487732;;;;
2022-01-29 16:00:00;0.0;87.06865494706113;;236.9491385191374;;;;
2022-01-29 17:00:00;0.0;87.06865494706113;;222.9849695386648;;;;
2022-01-29 18:00:00;0.0;87.06865494706113;;206.8575585312676;;;;
2022-01-29 19:00:00;0.0;87.06865494706113;;189.6548626700977;;;;
2022-01-29 20:00:00;0.0;87.06865494706113;;172.5205942497833;;;;
2022-01-29 21:00:00;0.0;87.06865494706113;;156.6054969252124;;;;
2022-01-29 22:00:00;0.0;87.06865494706113;;142.970784361812;;;;
2022-01-29 23:00:00;0.0;87.06865494706113;;131.7154479120454;;;;
2022-01-30 00:00:00;0.0;87.06865494706113;;124.354889867297;;;;
2022-01-30 01:00:00;0.0;87.06865494706113;;121.2981711817073;;;;
2022-01-30 02:00:00;0.0;87.06865494706113;;123.4808399728177;;;;
2022-01-30 03:00:00;0.0;87.06865494706113;;129.9023954265488;;;;
2022-01-30 04:00:00;0.0;87.06865494706113;;140.1442015157206;;;;
2022-01-30 05:00:00;0.0;87.06865494706113;;153.5215848995186;;;;
2022-01-30 06:00:00;0.0;87.06865494706113;;169.1546647000039;;;;
2022-01-30 07:00:00;0.0;87.06865494706113;;185.9994310342528;;;;
2022-01-30 08:00:00;0.0;87.06865494706113;;202.938701351431;;;;
2022-01-30 09:00:00;0.0;87.06865494706113;;218.8602079890812;;;;
2022-01-30 10:00:00;0.0;87.06865494706113;;232.7026143679176;;;;
2022-01-30 11:00:00;0.0;87.06865494706113;;243.541288836131;;;;
2022-01-30 12:00:00;0.0;87.06865494706113;;250.6502355377685;;;;
2022-01-30 13:00:00;0.0;87.06865494706113;;253.5614947300857;;;;
2022-01-30 14:00:00;0.0;87.06865494706113;;252.0928419469275;;;;
2022-01-30 15:00:00;0.0;87.06865494706113;;246.3460399929013;;;;
2022-01-30 16:00:00;0.0;87.06865494706113;;236.7220886537305;;;;
2022-01-30 17:00:00;0.0;87.06865494706113;;223.8867244585794;;;;
2022-01-30 18:00:00;0.0;87.06865494706113;;208.7289517883597;;;;
2022-01-30 19:00:00;0.0;87.06865494706113;;192.3054122265895;;;;
2022-01-30 20:00:00;0.0;87.06865494706113;;175.771054891209;;;;
2022-01-30 21:00:00;0.0;87.06865494706113;;160.29738574168;;;;
2022-01-30 22:00:00;0.0;87.06865494706113;;146.9901079044569;;;;
2022-01-30 23:00:00;0.0;87.06865494706113;;134.9366255298553;;;;
2022-01-31 00:00:00;0.0;87.06865494706113;;126.81506617177;;;;
2022-01-31 01:00:00;0.0;87.06865494706113;;123.0589087646894;;;;
2022-01-31 02:00:00;0.0;87.06865494706113;;125.6812180541272;;;;
2022-01-31 03:00:00;0.0;87.06865494706113;;132.5876974724634;;;;
2022-01-31 04:00:00;0.0;87.06865494706113;;143.3686897132098;;;;
2022-01-31 05:00:00;0.0;87.06865494706113;;157.3273897817381;;;;
2022-01-31 06:00:00;0.0;87.06865494706113;;173.5482674186154;;;;
2022-01-31 07:00:00;0.0;87.06865494706113;;190.9482586582812;;;;
2022-01-31 08:00:00;0.0;87.06865494706113;;208.3665544032503;;;;
2022-01-31 09:00:00;0.0;87.06865494706113;;224.6042952906054;;;;
2022-01-31 10:00:00;0.0;87.06865494706113;;238.551859148318;;;;
2022-01-31 11:00:00;0.0;87.06865494706113;;249.2492126492198;;;;
2022-01-31 12:00:00;0.0;87.06865494706113;;255.9705245763109;;;;
2022-01-31 13:00:00;0.0;87.06865494706113;;258.2474391111602;;;;
2022-01-31 14:00:00;0.0;87.06865494706113;;255.9151050470965;;;;
2022-01-31 15:00:00;0.0;87.06865494706113;;249.1260820054251;;;;
2022-01-31 16:00:00;0.0;87.06865494706113;;238.3543462229914;;;;
2022-01-31 17:00:00;0.0;87.06865494706113;;224.3360370427685;;;;
2022-01-31 18:00:00;0.0;87.06865494706113;;208.0346872653747;;;;
2022-01-31 19:00:00;0.0;87.06865494706113;;190.5427467214747;;;;
2022-01-31 20:00:00;0.0;87.06865494706113;;173.0518594326169;;;;
2022-01-31 21:00:00;0.0;87.06865494706113;;156.7388529711014;;;;
2022-01-31 22:00:00;0.0;87.06865494706113;;142.6903691264222;;;;
2022-01-31 23:00:00;0.0;87.06865494706113;;130.3022083533458;;;;
2022-02-01 00:00:00;0.0;87.06865494706113;;121.7958179289565;;;;
2022-02-01 01:00:00;0.0;87.06865494706113;;117.5148174940724;;;;
2022-02-01 02:00:00;0.0;87.06865494706113;;119.0073105024543;;;;
2022-02-01 03:00:00;0.0;87.06865494706113;;124.4706851046219;;;;
2022-02-01 04:00:00;0.0;87.06865494706113;;133.4261662881557;;;;
2022-02-01 05:00:00;0.0;87.06865494706113;;145.1522413466089;;;;
2022-02-01 06:00:00;0.0;87.06865494706113;;158.742596760643;;;;
2022-02-01 07:00:00;0.0;87.06865494706113;;173.1685735564744;;;;
2022-02-01 08:00:00;0.0;87.06865494706113;;187.3720839659443;;;;
2022-02-01 09:00:00;0.0;87.06865494706113;;200.3031851454408;;;;
2022-02-01 10:00:00;0.0;87.06865494706113;;211.026272371883;;;;
2022-02-01 11:00:00;0.0;87.06865494706113;;218.7617536248565;;;;
2022-02-01 12:00:00;0.0;87.06865494706113;;222.9590591971458;;;;
2022-02-01 13:00:00;0.0;87.06865494706113;;223.3008858223716;;;;
2022-02-01 14:00:00;0.0;87.06865494706113;;219.7368617188532;;;;
2022-02-01 15:00:00;0.0;87.06865494706113;;212.4935860064885;;;;
2022-02-01 16:00:00;0.0;87.06865494706113;;202.0492367814992;;;;
2022-02-01 17:00:00;0.0;87.06865494706113;;189.0886144276487;;;;
2022-02-01 18:00:00;0.0;87.06865494706113;;174.4442371024662;;;;
2022-02-01 19:00:00;0.0;87.06865494706113;;159.0516352127918;;;;
2022-02-01 20:00:00;0.0;87.06865494706113;;143.8900726225926;;;;
2022-02-01 21:00:00;0.0;87.06865494706113;;129.9050790619027;;;;
2022-02-01 22:00:00;0.0;87.06865494706113;;117.9532795711375;;;;
2022-02-01 23:00:00;0.0;87.06865494706113;;108.7256147438012;;;;
2022-02-02 00:00:00;0.0;87.06865494706113;;102.7796150130798;;;;
2022-02-02 01:00:00;0.0;87.06865494706113;;100.419861154687;;;;
2022-02-02 02:00:00;0.0;87.06865494706113;;101.7358664703806;;;;
2022-02-02 03:00:00;0.0;87.06865494706113;;106.5311599723878;;;;
2022-02-02 04:00:00;0.0;87.06865494706113;;114.4122736789475;;;;
2022-02-02 05:00:00;0.0;87.06865494706113;;124.8014661617167;;;;
2022-02-02 06:00:00;0.0;87.06865494706113;;136.955692661582;;;;
2022-02-02 07:00:00;0.0;87.06865494706113;;150.0291764050486;;;;
2022-02-02 08:00:00;0.0;87.06865494706113;;163.1229641646544;;;;
2022-02-02 09:00:00;0.0;87.06865494706113;;175.3474692073937;;;;
2022-02-02 10:00:00;0.0;87.06865494706113;;185.8779656507459;;;;
2022-02-02 11:00:00;0.0;87.06865494706113;;194.0023546149152;;;;
2022-02-02 12:00:00;0.0;87.06865494706113;;199.1751412945099;;;;
2022-02-02 13:00:00;0.0;87.06865494706113;;201.0533872690439;;;;
2022-02-02 14:00:00;0.0;87.06865494706113;;199.5056228395515;;;;
2022-02-02 15:00:00;0.0;87.06865494706113;;194.6363779175956;;;;
2022-02-02 16:00:00;0.0;87.06865494706113;;186.7622387905587;;;;
2022-02-02 17:00:00;0.0;87.06865494706113;;176.4226267034284;;;;
2022-02-02 18:00:00;0.0;87.06865494706113;;164.3155678667688;;;;
2022-02-02 19:00:00;0.0;87.06865494706113;;151.2781575422588;;;;
2022-02-02 20:00:00;0.0;87.06865494706113;;138.2078227060412;;;;
2022-02-02 21:00:00;0.0;87.06865494706113;;126.0144094470059;;;;
2022-02-02 22:00:00;0.0;87.06865494706113;;115.5588356043364;;;;
2022-02-02 23:00:00;0.0;87.06865494706113;;108.8336198821684;;;;
2022-02-03 00:00:00;0.0;87.06865494706113;;105.1770759791373;;;;
2022-02-03 01:00:00;0.0;87.06865494706113;;105.0315652837887;;;;
2022-02-03 02:00:00;0.0;87.06865494706113;;107.3625750077986;;;;
2022-02-03 03:00:00;0.0;87.06865494706113;;113.3890883899319;;;;
2022-02-03 04:00:00;0.0;87.06865494706113;;122.7687501872473;;;;
2022-02-03 05:00:00;0.0;87.06865494706113;;134.9261971932819;;;;
2022-02-03 06:00:00;0.0;87.06865494706113;;149.0933140926099;;;;
2022-02-03 07:00:00;0.0;87.06865494706113;;164.3505769336563;;;;
2022-02-03 08:00:00;0.0;87.06865494706113;;179.6946005090534;;;;
2022-02-03 09:00:00;0.0;87.06865494706113;;194.1179445951533;;;;
2022-02-03 10:00:00;0.0;87.06865494706113;;206.6594769556818;;;;
2022-02-03 11:00:00;0.0;87.06865494706113;;216.4768696067827;;;;
2022-02-03 12:00:00;0.0;87.06865494706113;;222.8961590158127;;;;
2022-02-03 13:00:00;0.0;87.06865494706113;;225.4873345079242;;;;
2022-02-03 14:00:00;0.0;87.06865494706113;;224.0856217525958;;;;
2022-02-03 15:00:00;0.0;87.06865494706113;;218.7955967652505;;;;
2022-02-03 16:00:00;0.0;87.06865494706113;;209.9862518145379;;;;
2022-02-03 17:00:00;0.0;87.06865494706113;;198.2776831455055;;;;
2022-02-03 18:00:00;0.0;87.06865494706113;;184.480797057328;;;;
2022-02-03 19:00:00;0.0;87.06865494706113;;169.564481965457;;;;
2022-02-03 20:00:00;0.0;87.06865494706113;;154.5676738403436;;;;
2022-02-03 21:00:00;0.0;87.06865494706113;;140.540964969398;;;;
2022-02-03 22:00:00;0.0;87.06865494706113;;128.4531858094248;;;;
2022-02-03 23:00:00;0.0;87.06865494706113;;120.7886298375049;;;;
2022-02-04 00:00:00;0.0;87.06865494706113;;116.522446880867;;;;
2022-02-04 01:00:00;0.0;87.06865494706113;;116.1142546550193;;;;
2022-02-04 02:00:00;0.0;87.06865494706113;;118.1123155748471;;;;
2022-02-04 03:00:00;0.0;87.06865494706113;;124.0964920108485;;;;
2022-02-04 04:00:00;0.0;87.06865494706113;;133.6472144584063;;;;
2022-02-04 05:00:00;0.0;87.06865494706113;;146.0862580518826;;;;
2022-02-04 06:00:00;0.0;87.06865494706113;;160.5401119164167;;;;
2022-02-04 07:00:00;0.0;87.06865494706113;;176.0084372653003;;;;
2022-02-04 08:00:00;0.0;87.06865494706113;;191.41090440721;;;;
2022-02-04 09:00:00;0.0;87.06865494706113;;205.6866235873906;;;;
2022-02-04 10:00:00;0.0;87.06865494706113;;217.8511714663596;;;;
2022-02-04 11:00:00;0.0;87.06865494706113;;227.0754446985407;;;;
2022-02-04 12:00:00;0.0;87.06865494706113;;232.7240904105156;;;;
2022-02-04 13:00:00;0.0;87.06865494706113;;234.4018035539609;;;;
2022-02-04 14:00:00;0.0;87.06865494706113;;231.9999698496417;;;;
2022-02-04 15:00:00;0.0;87.06865494706113;;225.6744283455954;;;;
2022-02-04 16:00:00;0.0;87.06865494706113;;215.8617925338429;;;;
2022-02-04 17:00:00;0.0;87.06865494706113;;203.2234124358196;;;;
2022-02-04 18:00:00;0.0;87.06865494706113;;188.6239676407442;;;;
2022-02-04 19:00:00;0.0;87.06865494706113;;173.034418001822;;;;
2022-02-04 20:00:00;0.0;87.06865494706113;;157.5054185034926;;;;
2022-02-04 21:00:00;0.0;87.06865494706113;;143.0733328364465;;;;
2022-02-04 22:00:00;0.0;87.06865494706113;;130.7244575352324;;;;
2022-02-04 23:00:00;0.0;87.06865494706113;;121.9767197512743;;;;
2022-02-05 00:00:00;0.0;87.06865494706113;;116.7758713450126;;;;
2022-02-05 01:00:00;0.0;87.06865494706113;;115.5473590606429;;;;
2022-02-05 02:00:00;0.0;87.06865494706113;;117.7856503166728;;;;
2022-02-05 03:00:00;0.0;87.06865494706113;;124.0925169670351;;;;
2022-02-05 04:00:00;0.0;87.06865494706113;;134.0826462603765;;;;
2022-02-05 05:00:00;0.0;87.06865494706113;;147.1230305168849;;;;
2022-02-05 06:00:00;0.0;87.06865494706113;;162.3794649096948;;;;
2022-02-05 07:00:00;0.0;87.06865494706113;;178.8712141034176;;;;
2022-02-05 08:00:00;0.0;87.06865494706113;;195.5254747959032;;;;
2022-02-05 09:00:00;0.0;87.06865494706113;;211.2699153473508;;;;
2022-02-05 10:00:00;0.0;87.06865494706113;;225.0748896837278;;;;
2022-02-05 11:00:00;0.0;87.06865494706113;;236.0478098881294;;;;
2022-02-05 12:00:00;0.0;87.06865494706113;;243.4629880327239;;;;
2022-02-05 13:00:00;0.0;87.06865494706113;;246.8458784981373;;;;
2022-02-05 14:00:00;0.0;87.06865494706113;;245.9674266510462;;;;
2022-02-05 15:00:00;0.0;87.06865494706113;;240.9039462267376;;;;
2022-02-05 16:00:00;0.0;87.06865494706113;;232.0211958096905;;;;
2022-02-05 17:00:00;0.0;87.06865494706113;;219.9447251385083;;;;
2022-02-05 18:00:00;0.0;87.06865494706113;;205.5391518940321;;;;
2022-02-05 19:00:00;0.0;87.06865494706113;;189.8131389008217;;;;
2022-02-05 20:00:00;0.0;87.06865494706113;;173.9116704992495;;;;
2022-02-05 21:00:00;0.0;87.06865494706113;;158.986732321514;;;;
2022-02-05 22:00:00;0.0;87.06865494706113;;146.146950860611;;;;
2022-02-05 23:00:00;0.0;87.06865494706113;;135.5169047683233;;;;
2022-02-06 00:00:00;0.0;87.06865494706113;;128.7500852672445;;;;
2022-02-06 01:00:00;0.0;87.06865494706113;;126.3436959090157;;;;
2022-02-06 02:00:00;0.0;87.06865494706113;;129.3581528969298;;;;
2022-02-06 03:00:00;0.0;87.06865494706113;;136.8063031740567;;;;
2022-02-06 04:00:00;0.0;87.06865494706113;;148.2932010585277;;;;
2022-02-06 05:00:00;0.0;87.06865494706113;;163.127975941565;;;;
2022-02-06 06:00:00;0.0;87.06865494706113;;180.3791224152767;;;;
2022-02-06 07:00:00;0.0;87.06865494706113;;198.9388810702355;;;;
2022-02-06 08:00:00;0.0;87.06865494706113;;217.5850113783742;;;;
2022-02-06 09:00:00;0.0;87.06865494706113;;235.0800347332809;;;;
2022-02-06 10:00:00;0.0;87.06865494706113;;250.2547499494992;;;;
2022-02-06 11:00:00;0.0;87.06865494706113;;262.0891175036027;;;;
2022-02-06 12:00:00;0.0;87.06865494706113;;269.778599435526;;;;
2022-02-06 13:00:00;0.0;87.06865494706113;;272.7946717588713;;;;
2022-02-06 14:00:00;0.0;87.06865494706113;;270.9356466138752;;;;
2022-02-06 15:00:00;0.0;87.06865494706113;;264.3312847776589;;;;
2022-02-06 16:00:00;0.0;87.06865494706113;;253.4472246256638;;;;
2022-02-06 17:00:00;0.0;87.06865494706113;;239.0433068531749;;;;
2022-02-06 18:00:00;0.0;87.06865494706113;;222.1304737979184;;;;
2022-02-06 19:00:00;0.0;87.06865494706113;;203.8864512028491;;;;
2022-02-06 20:00:00;0.0;87.06865494706113;;185.5705293951251;;;;
2022-02-06 21:00:00;0.0;87.06865494706113;;168.4433963723467;;;;
2022-02-06 22:00:00;0.0;87.06865494706113;;153.6757223015778;;;;
2022-02-06 23:00:00;0.0;87.06865494706113;;140.3018002459285;;;;
2022-02-07 00:00:00;0.0;87.06865494706113;;131.07704831882;;;;
2022-02-07 01:00:00;0.0;87.06865494706113;;126.3814665423281;;;;
2022-02-07 02:00:00;0.0;87.06865494706113;;128.2417312505648;;;;
2022-02-07 03:00:00;0.0;87.06865494706113;;134.389644722926;;;;
2022-02-07 04:00:00;0.0;87.06865494706113;;144.3286208759519;;;;
2022-02-07 05:00:00;0.0;87.06865494706113;;157.2955174169894;;;;
2022-02-07 06:00:00;0.0;87.06865494706113;;172.3266370358407;;;;
2022-02-07 07:00:00;0.0;87.06865494706113;;188.3171212902421;;;;
2022-02-07 08:00:00;0.0;87.06865494706113;;204.1000657235276;;;;
2022-02-07 09:00:00;0.0;87.06865494706113;;218.5473505033378;;;;
2022-02-07 10:00:00;0.0;87.06865494706113;;230.6164226244668;;;;
2022-02-07 11:00:00;0.0;87.06865494706113;;239.4539388010424;;;;
2022-02-07 12:00:00;0.0;87.06865494706113;;244.4191621707967;;;;
2022-02-07 13:00:00;0.0;87.06865494706113;;245.1548141333498;;;;
2022-02-07 14:00:00;0.0;87.06865494706113;;241.5848108860608;;;;
2022-02-07 15:00:00;0.0;87.06865494706113;;233.933988331811;;;;
2022-02-07 16:00:00;0.0;87.06865494706113;;222.7208848096265;;;;
2022-02-07 17:00:00;0.0;87.06865494706113;;208.6794622551027;;;;
2022-02-07 18:00:00;0.0;87.06865494706113;;192.7222482211934;;;;
2022-02-07 19:00:00;0.0;87.06865494706113;;175.8832637720585;;;;
2022-02-07 20:00:00;0.0;87.06865494706113;;159.2486427901437;;;;
2022-02-07 21:00:00;0.0;87.06865494706113;;143.8801972815318;;;;
2022-02-07 22:00:00;0.0;87.06865494706113;;130.7280269048202;;;;
2022-02-07 23:00:00;0.0;87.06865494706113;;119.1956503833988;;;;
2022-02-08 00:00:00;0.0;87.06865494706113;;111.3092608090327;;;;
2022-02-08 01:00:00;0.0;87.06865494706113;;107.3621782091663;;;;
2022-02-08 02:00:00;0.0;87.06865494706113;;108.7879045125907;;;;
2022-02-08 03:00:00;0.0;87.06865494706113;;113.9238726593081;;;;
2022-02-08 04:00:00;0.0;87.06865494706113;;122.3511593045096;;;;
2022-02-08 05:00:00;0.0;87.06865494706113;;133.435898610158;;;;
2022-02-08 06:00:00;0.0;87.06865494706113;;146.3851983379286;;;;
2022-02-08 07:00:00;0.0;87.06865494706113;;160.2827896206844;;;;
2022-02-08 08:00:00;0.0;87.06865494706113;;174.1690793093754;;;;
2022-02-08 09:00:00;0.0;87.06865494706113;;187.0809528056672;;;;
2022-02-08 10:00:00;0.0;87.06865494706113;;198.1386009817744;;;;
2022-02-08 11:00:00;0.0;87.06865494706113;;206.5865626365526;;;;
2022-02-08 12:00:00;0.0;87.06865494706113;;211.8473977705011;;;;
2022-02-08 13:00:00;0.0;87.06865494706113;;213.5601430978484;;;;
2022-02-08 14:00:00;0.0;87.06865494706113;;211.6060732758292;;;;
2022-02-08 15:00:00;0.0;87.06865494706113;;206.1119134170034;;;;
2022-02-08 16:00:00;0.0;87.06865494706113;;197.446339525622;;;;
2022-02-08 17:00:00;0.0;87.06865494706113;;186.1934241714486;;;;
2022-02-08 18:00:00;0.0;87.06865494706113;;173.1073087389117;;;;
2022-02-08 19:00:00;0.0;87.06865494706113;;159.0725057444101;;;;
2022-02-08 20:00:00;0.0;87.06865494706113;;145.0393153703077;;;;
2022-02-08 21:00:00;0.0;87.06865494706113;;131.9678482403776;;;;
2022-02-08 22:00:00;0.0;87.06865494706113;;120.7551285895932;;;;
2022-02-08 23:00:00;0.0;87.06865494706113;;112.1335495547759;;;;
2022-02-09 00:00:00;0.0;87.06865494706113;;106.7569543236547;;;;
2022-02-09 01:00:00;0.0;87.06865494706113;;105.0128939259964;;;;
2022-02-09 02:00:00;0.0;87.06865494706113;;107.0863563920035;;;;
2022-02-09 03:00:00;0.0;87.06865494706113;;112.8159011192666;;;;
2022-02-09 04:00:00;0.0;87.06865494706113;;121.8380211245344;;;;
2022-02-09 05:00:00;0.0;87.06865494706113;;133.5618400137154;;;;
2022-02-09 06:00:00;0.0;87.06865494706113;;147.2106483353931;;;;
2022-02-09 07:00:00;0.0;87.06865494706113;;161.8658644282677;;;;
2022-02-09 08:00:00;0.0;87.06865494706113;;176.5406026855046;;;;
2022-02-09 09:00:00;0.0;87.06865494706113;;190.2301295880802;;;;
2022-02-09 10:00:00;0.0;87.06865494706113;;202.0069977986845;;;;
2022-02-09 11:00:00;0.0;87.06865494706113;;211.0539439885371;;;;
2022-02-09 12:00:00;0.0;87.06865494706113;;216.7475305364789;;;;
2022-02-09 13:00:00;0.0;87.06865494706113;;218.6947053695777;;;;
2022-02-09 14:00:00;0.0;87.06865494706113;;216.7681185799651;;;;
2022-02-09 15:00:00;0.0;87.06865494706113;;211.1059715597311;;;;
2022-02-09 16:00:00;0.0;87.06865494706113;;202.0856374394099;;;;
2022-02-09 17:00:00;0.0;87.06865494706113;;190.3180967441745;;;;
2022-02-09 18:00:00;0.0;87.06865494706113;;176.6079751788434;;;;
2022-02-09 19:00:00;0.0;87.06865494706113;;161.8953593653416;;;;
2022-02-09 20:00:00;0.0;87.06865494706113;;147.1869729252414;;;;
2022-02-09 21:00:00;0.0;87.06865494706113;;133.4751993412638;;;;
2022-02-09 22:00:00;0.0;87.06865494706113;;121.6740138047068;;;;
2022-02-09 23:00:00;0.0;87.06865494706113;;113.8325568566046;;;;
2022-02-10 00:00:00;0.0;87.06865494706113;;109.2346321207667;;;;
2022-02-10 01:00:00;0.0;87.06865494706113;;108.2877889256233;;;;
2022-02-10 02:00:00;0.0;87.06865494706113;;109.8606280493252;;;;
2022-02-10 03:00:00;0.0;87.06865494706113;;115.1268699963451;;;;
2022-02-10 04:00:00;0.0;87.06865494706113;;123.6624662446884;;;;
2022-02-10 05:00:00;0.0;87.06865494706113;;134.8285730662237;;;;
2022-02-10 06:00:00;0.0;87.06865494706113;;147.8018152097628;;;;
2022-02-10 07:00:00;0.0;87.06865494706113;;161.6415993433661;;;;
2022-02-10 08:00:00;0.0;87.06865494706113;;175.3504614887638;;;;
2022-02-10 09:00:00;0.0;87.06865494706113;;187.9700973911487;;;;
2022-02-10 10:00:00;0.0;87.06865494706113;;198.608417589224;;;;
2022-02-10 11:00:00;0.0;87.06865494706113;;206.5239068534456;;;;
2022-02-10 12:00:00;0.0;87.06865494706113;;211.1499536734573;;;;
2022-02-10 13:00:00;0.0;87.06865494706113;;212.1816545949845;;;;
2022-02-10 14:00:00;0.0;87.06865494706113;;209.5342669603442;;;;
2022-02-10 15:00:00;0.0;87.06865494706113;;203.3904211696205;;;;
2022-02-10 16:00:00;0.0;87.06865494706113;;194.1475947224128;;;;
2022-02-10 17:00:00;0.0;87.06865494706113;;182.4214090097721;;;;
2022-02-10 18:00:00;0.0;87.06865494706113;;168.9920510730186;;;;
2022-02-10 19:00:00;0.0;87.06865494706113;;154.740427786984;;;;
2022-02-10 20:00:00;0.0;87.06865494706113;;140.609059934548;;;;
2022-02-10 21:00:00;0.0;87.06865494706113;;127.5239931455803;;;;
2022-02-10 22:00:00;0.0;87.06865494706113;;116.3406978778419;;;;
2022-02-10 23:00:00;0.0;87.06865494706113;;109.2690409683412;;;;
2022-02-11 00:00:00;0.0;87.06865494706113;;105.3590835803475;;;;
2022-02-11 01:00:00;0.0;87.06865494706113;;105.0162777527383;;;;
2022-02-11 02:00:00;0.0;87.06865494706113;;106.9410984199007;;;;
2022-02-11 03:00:00;0.0;87.06865494706113;;112.5665219413034;;;;
2022-02-11 04:00:00;0.0;87.06865494706113;;121.5337077893683;;;;
2022-02-11 05:00:00;0.0;87.06865494706113;;133.2619634158627;;;;
2022-02-11 06:00:00;0.0;87.06865494706113;;147.0012210930568;;;;
2022-02-11 07:00:00;0.0;87.06865494706113;;161.8705585643598;;;;
2022-02-11 08:00:00;0.0;87.06865494706113;;176.907114051606;;;;
2022-02-11 09:00:00;0.0;87.06865494706113;;191.1387219856527;;;;
2022-02-11 10:00:00;0.0;87.06865494706113;;203.6393990632842;;;;
2022-02-11 11:00:00;0.0;87.06865494706113;;213.6001544788616;;;;
2022-02-11 12:00:00;0.0;87.06865494706113;;220.3699387791121;;;;
2022-02-11 13:00:00;0.0;87.06865494706113;;223.5187742306016;;;;
2022-02-11 14:00:00;0.0;87.06865494706113;;222.8413570417665;;;;
2022-02-11 15:00:00;0.0;87.06865494706113;;218.4077376492885;;;;
2022-02-11 16:00:00;0.0;87.06865494706113;;210.5175454535519;;;;
2022-02-11 17:00:00;0.0;87.06865494706113;;199.7436033344745;;;;
2022-02-11 18:00:00;0.0;87.06865494706113;;186.8403889024189;;;;
2022-02-11 19:00:00;0.0;87.06865494706113;;172.7402271327894;;;;
2022-02-11 20:00:00;0.0;87.06865494706113;;158.4522698442066;;;;
2022-02-11 21:00:00;0.0;87.06865494706113;;145.0325431120073;;;;
2022-02-11 22:00:00;0.0;87.06865494706113;;133.496878900646;;;;
2022-02-11 23:00:00;0.0;87.06865494706113;;125.4479150639238;;;;
2022-02-12 00:00:00;0.0;87.06865494706113;;120.9036999984963;;;;
2022-02-12 01:00:00;0.0;87.06865494706113;;120.3877916198887;;;;
2022-02-12 02:00:00;0.0;87.06865494706113;;123.4627519091032;;;;
2022-02-12 03:00:00;0.0;87.06865494706113;;130.7955846578839;;;;
2022-02-12 04:00:00;0.0;87.06865494706113;;142.0233646237543;;;;
2022-02-12 05:00:00;0.0;87.06865494706113;;156.5022060950193;;;;
2022-02-12 06:00:00;0.0;87.06865494706113;;173.3616319267649;;;;
2022-02-12 07:00:00;0.0;87.06865494706113;;191.5492506937086;;;;
2022-02-12 08:00:00;0.0;87.06865494706113;;209.905583530089;;;;
2022-02-12 09:00:00;0.0;87.06865494706113;;227.2191609027342;;;;
2022-02-12 10:00:00;0.0;87.06865494706113;;242.3461450769835;;;;
2022-02-12 11:00:00;0.0;87.06865494706113;;254.2845814226632;;;;
2022-02-12 12:00:00;0.0;87.06865494706113;;262.2492238713813;;;;
2022-02-12 13:00:00;0.0;87.06865494706113;;265.7007313272017;;;;
2022-02-12 14:00:00;0.0;87.06865494706113;;264.4132461147427;;;;
2022-02-12 15:00:00;0.0;87.06865494706113;;258.4864550034022;;;;
2022-02-12 16:00:00;0.0;87.06865494706113;;248.3533307740874;;;;
2022-02-12 17:00:00;0.0;87.06865494706113;;234.7313938797743;;;;
2022-02-12 18:00:00;0.0;87.06865494706113;;218.5892256258261;;;;
2022-02-12 19:00:00;0.0;87.06865494706113;;201.0635184750548;;;;
2022-02-12 20:00:00;0.0;87.06865494706113;;183.3923893318388;;;;
2022-02-12 21:00:00;0.0;87.06865494706113;;166.825049888878;;;;
2022-02-12 22:00:00;0.0;87.06865494706113;;152.5326632964081;;;;
2022-02-12 23:00:00;0.0;87.06865494706113;;140.6193585813846;;;;
2022-02-13 00:00:00;0.0;87.06865494706113;;132.7761969160344;;;;
2022-02-13 01:00:00;0.0;87.06865494706113;;129.4511980800072;;;;
2022-02-13 02:00:00;0.0;87.06865494706113;;131.669886485727;;;;
2022-02-13 03:00:00;0.0;87.06865494706113;;138.3103297773109;;;;
2022-02-13 04:00:00;0.0;87.06865494706113;;148.8954551105871;;;;
2022-02-13 05:00:00;0.0;87.06865494706113;;162.6644141594919;;;;
2022-02-13 06:00:00;0.0;87.06865494706113;;178.6358455853176;;;;
2022-02-13 07:00:00;0.0;87.06865494706113;;195.6839710781296;;;;
2022-02-13 08:00:00;0.0;87.06865494706113;;212.601770771903;;;;
2022-02-13 09:00:00;0.0;87.06865494706113;;228.2002628140798;;;;
2022-02-13 10:00:00;0.0;87.06865494706113;;241.3774966632365;;;;
2022-02-13 11:00:00;0.0;87.06865494706113;;251.2113767904177;;;;
2022-02-13 12:00:00;0.0;87.06865494706113;;257.0148728606387;;;;
2022-02-13 13:00:00;0.0;87.06865494706113;;258.3830719182188;;;;
2022-02-13 14:00:00;0.0;87.06865494706113;;255.2276826826507;;;;
2022-02-13 15:00:00;0.0;87.06865494706113;;247.748060903431;;;;
2022-02-13 16:00:00;0.0;87.06865494706113;;236.4460030827998;;;;
2022-02-13 17:00:00;0.0;87.06865494706113;;222.071126854195;;;;
2022-02-13 18:00:00;0.0;87.06865494706113;;205.5882209929812;;;;
2022-02-13 19:00:00;0.0;87.06865494706113;;188.0906114183055;;;;
2022-02-13 20:00:00;0.0;87.06865494706113;;170.7220842952339;;;;
2022-02-13 21:00:00;0.0;87.06865494706113;;154.618671495599;;;;
2022-02-13 22:00:00;0.0;87.06865494706113;;140.8183456840548;;;;
2022-02-13 23:00:00;0.0;87.06865494706113;;128.4013787568479;;;;
2022-02-14 00:00:00;0.0;87.06865494706113;;119.8726944328061;;;;
2022-02-14 01:00:00;0.0;87.06865494706113;;115.5651800125491;;;;
2022-02-14 02:00:00;0.0;87.06865494706113;;117.3405967280945;;;;
2022-02-14 03:00:00;0.0;87.06865494706113;;123.1259151704095;;;;
2022-02-14 04:00:00;0.0;87.06865494706113;;132.4946845259088;;;;
2022-02-14 05:00:00;0.0;87.06865494706113;;144.773598023657;;;;
2022-02-14 06:00:00;0.0;87.06865494706113;;159.0989338765874;;;;
2022-02-14 07:00:00;0.0;87.06865494706113;;174.4875523689374;;;;
2022-02-14 08:00:00;0.0;87.06865494706113;;189.8975434974206;;;;
2022-02-14 09:00:00;0.0;87.06865494706113;;204.2845104653922;;;;
2022-02-14 10:00:00;0.0;87.06865494706113;;216.6701860979153;;;;
2022-02-14 11:00:00;0.0;87.06865494706113;;226.207327373166;;;;
2022-02-14 12:00:00;0.0;87.06865494706113;;232.2538047642517;;;;
2022-02-14 13:00:00;0.0;87.06865494706113;;234.3967687042321;;;;
2022-02-14 14:00:00;0.0;87.06865494706113;;232.4951170124988;;;;
2022-02-14 15:00:00;0.0;87.06865494706113;;226.6780400428008;;;;
2022-02-14 16:00:00;0.0;87.06865494706113;;217.3246193189246;;;;
2022-02-14 17:00:00;0.0;87.06865494706113;;205.07262459736;;;;
2022-02-14 18:00:00;0.0;87.06865494706113;;190.7593345705473;;;;
2022-02-14 19:00:00;0.0;87.06865494706113;;175.3709464899212;;;;
2022-02-14 20:00:00;0.0;87.06865494706113;;159.9568895593644;;;;
2022-02-14 21:00:00;0.0;87.06865494706113;;145.5751379800172;;;;
2022-02-14 22:00:00;0.0;87.06865494706113;;133.2236468540217;;;;
2022-02-14 23:00:00;0.0;87.06865494706113;;122.3124075663117;;;;
2022-02-15 00:00:00;0.0;87.06865494706113;;114.9910709886035;;;;
2022-02-15 01:00:00;0.0;87.06865494706113;;111.6400779809213;;;;
2022-02-15 02:00:00;0.0;87.06865494706113;;113.8164603566324;;;;
2022-02-15 03:00:00;0.0;87.06865494706113;;119.8639510030634;;;;
2022-02-15 04:00:00;0.0;87.06865494706113;;129.3975657644631;;;;
2022-02-15 05:00:00;0.0;87.06865494706113;;141.7811152410699;;;;
2022-02-15 06:00:00;0.0;87.06865494706113;;156.1790619811144;;;;
2022-02-15 07:00:00;0.0;87.06865494706113;;171.6012968025558;;;;
2022-02-15 08:00:00;0.0;87.06865494706113;;187.000613936196;;;;
2022-02-15 09:00:00;0.0;87.06865494706113;;201.3288016060273;;;;
2022-02-15 10:00:00;0.0;87.06865494706113;;213.5955184377341;;;;
2022-02-15 11:00:00;0.0;87.06865494706113;;222.951447673369;;;;
2022-02-15 12:00:00;0.0;87.06865494706113;;228.7388035727025;;;;
2022-02-15 13:00:00;0.0;87.06865494706113;;230.5641702000751;;;;
2022-02-15 14:00:00;0.0;87.06865494706113;;228.2853449213275;;;;
2022-02-15 15:00:00;0.0;87.06865494706113;;222.0432870929364;;;;
2022-02-15 16:00:00;0.0;87.06865494706113;;212.264568507897;;;;
2022-02-15 17:00:00;0.0;87.06865494706113;;199.6219777216358;;;;
2022-02-15 18:00:00;0.0;87.06865494706113;;184.9825330806989;;;;
2022-02-15 19:00:00;0.0;87.06865494706113;;169.3224467632913;;;;
2022-02-15 20:00:00;0.0;87.06865494706113;;153.6992125677957;;;;
2022-02-15 21:00:00;0.0;87.06865494706113;;139.1493469405238;;;;
2022-02-15 22:00:00;0.0;87.06865494706113;;126.6299683408431;;;;
2022-02-15 23:00:00;0.0;87.06865494706113;;116.8803873188428;;;;
2022-02-16 00:00:00;0.0;87.06865494706113;;110.5514489817443;;;;
2022-02-16 01:00:00;0.0;87.06865494706113;;107.9938651947234;;;;
2022-02-16 02:00:00;0.0;87.06865494706113;;109.3433972192956;;;;
2022-02-16 03:00:00;0.0;87.06865494706113;;114.3516007665983;;;;
2022-02-16 04:00:00;0.0;87.06865494706113;;122.5769145269094;;;;
2022-02-16 05:00:00;0.0;87.06865494706113;;133.3509239451078;;;;
2022-02-16 06:00:00;0.0;87.06865494706113;;145.8490515909288;;;;
2022-02-16 07:00:00;0.0;87.06865494706113;;159.1345188208337;;;;
2022-02-16 08:00:00;0.0;87.06865494706113;;172.2265217044823;;;;
2022-02-16 09:00:00;0.0;87.06865494706113;;184.1699506965339;;;;
2022-02-16 10:00:00;0.0;87.06865494706113;;194.0961389977168;;;;
2022-02-16 11:00:00;0.0;87.06865494706113;;201.3053736023013;;;;
2022-02-16 12:00:00;0.0;87.06865494706113;;205.280856012275;;;;
2022-02-16 13:00:00;0.0;87.06865494706113;;205.7405971885618;;;;
2022-02-16 14:00:00;0.0;87.06865494706113;;202.635358467265;;;;
2022-02-16 15:00:00;0.0;87.06865494706113;;196.1546559230244;;;;
2022-02-16 16:00:00;0.0;87.06865494706113;;186.716073812171;;;;
2022-02-16 17:00:00;0.0;87.06865494706113;;174.9384342345804;;;;
2022-02-16 18:00:00;0.0;87.06865494706113;;161.5948678177211;;;;
2022-02-16 19:00:00;0.0;87.06865494706113;;147.5458849513873;;;;
2022-02-16 20:00:00;0.0;87.06865494706113;;133.6868390234711;;;;
2022-02-16 21:00:00;0.0;87.06865494706113;;120.8930953485933;;;;
2022-02-16 22:00:00;0.0;87.06865494706113;;109.9668097667308;;;;
2022-02-16 23:00:00;0.0;87.06865494706113;;102.7165919071255;;;;
2022-02-17 00:00:00;0.0;87.06865494706113;;98.4918441218528;;;;
2022-02-17 01:00:00;0.0;87.06865494706113;;97.634315626232;;;;
2022-02-17 02:00:00;0.0;87.06865494706113;;99.13905729485673;;;;
2022-02-17 03:00:00;0.0;87.06865494706113;;104.0575517024787;;;;
2022-02-17 04:00:00;0.0;87.06865494706113;;112.0344145627077;;;;
2022-02-17 05:00:00;0.0;87.06865494706113;;122.5184526875484;;;;
2022-02-17 06:00:00;0.0;87.06865494706113;;134.8042552894795;;;;
2022-02-17 07:00:00;0.0;87.06865494706113;;148.0752414223834;;;;
2022-02-17 08:00:00;0.0;87.06865494706113;;161.4509834987742;;;;
2022-02-17 09:00:00;0.0;87.06865494706113;;174.0472537841456;;;;
2022-02-17 10:00:00;0.0;87.06865494706113;;185.0237135712838;;;;
2022-02-17 11:00:00;0.0;87.06865494706113;;193.6516946756824;;;;
2022-02-17 12:00:00;0.0;87.06865494706113;;199.3653184868665;;;;
2022-02-17 13:00:00;0.0;87.06865494706113;;201.804983453527;;;;
2022-02-17 14:00:00;0.0;87.06865494706113;;200.8139855152848;;;;
2022-02-17 15:00:00;0.0;87.06865494706113;;196.4697093847922;;;;
2022-02-17 16:00:00;0.0;87.06865494706113;;189.066329580671;;;;
2022-02-17 17:00:00;0.0;87.06865494706113;;179.1167210305892;;;;
2022-02-17 18:00:00;0.0;87.06865494706113;;167.3070402261306;;;;
2022-02-17 19:00:00;0.0;87.06865494706113;;154.4660687690669;;;;
2022-02-17 20:00:00;0.0;87.06865494706113;;141.5102343262255;;;;
2022-02-17 21:00:00;0.0;87.06865494706113;;129.3799092478873;;;;
2022-02-17 22:00:00;0.0;87.06865494706113;;118.9663521040867;;;;
2022-02-17 23:00:00;0.0;87.06865494706113;;112.5826662609527;;;;
2022-02-18 00:00:00;0.0;87.06865494706113;;109.3288874311286;;;;
2022-02-18 01:00:00;0.0;87.06865494706113;;109.7026215771113;;;;
2022-02-18 02:00:00;0.0;87.06865494706113;;112.4361585779988;;;;
2022-02-18 03:00:00;0.0;87.06865494706113;;119.0493353297018;;;;
2022-02-18 04:00:00;0.0;87.06865494706113;;129.2075622136583;;;;
2022-02-18 05:00:00;0.0;87.06865494706113;;142.3319743107946;;;;
2022-02-18 06:00:00;0.0;87.06865494706113;;157.6284350934951;;;;
2022-02-18 07:00:00;0.0;87.06865494706113;;174.1369016806449;;;;
2022-02-18 08:00:00;0.0;87.06865494706113;;190.8057436353731;;;;
2022-02-18 09:00:00;0.0;87.06865494706113;;206.5530782259239;;;;
2022-02-18 10:00:00;0.0;87.06865494706113;;220.3384650377505;;;;
2022-02-18 11:00:00;0.0;87.06865494706113;;231.2438322742474;;;;
2022-02-18 12:00:00;0.0;87.06865494706113;;238.5381617679089;;;;
2022-02-18 13:00:00;0.0;87.06865494706113;;241.7477302397783;;;;
2022-02-18 14:00:00;0.0;87.06865494706113;;240.6589522746705;;;;
2022-02-18 15:00:00;0.0;87.06865494706113;;235.3670111541056;;;;
2022-02-18 16:00:00;0.0;87.06865494706113;;226.2482991458486;;;;
2022-02-18 17:00:00;0.0;87.06865494706113;;213.9616659323154;;;;
2022-02-18 18:00:00;0.0;87.06865494706113;;199.3738816252434;;;;
2022-02-18 19:00:00;0.0;87.06865494706113;;183.5159551616365;;;;
2022-02-18 20:00:00;0.0;87.06865494706113;;167.50646354269;;;;
2022-02-18 21:00:00;0.0;87.06865494706113;;152.4956208900104;;;;
2022-02-18 22:00:00;0.0;87.06865494706113;;139.5545012433292;;;;
2022-02-18 23:00:00;0.0;87.06865494706113;;130.3125571620006;;;;
2022-02-19 00:00:00;0.0;87.06865494706113;;124.7583336417825;;;;
2022-02-19 01:00:00;0.0;87.06865494706113;;123.3646817549197;;;;
2022-02-19 02:00:00;0.0;87.06865494706113;;125.6137296299907;;;;
2022-02-19 03:00:00;0.0;87.06865494706113;;132.1007046375893;;;;
2022-02-19 04:00:00;0.0;87.06865494706113;;142.3832706897801;;;;
2022-02-19 05:00:00;0.0;87.06865494706113;;155.7508083972869;;;;
2022-02-19 06:00:00;0.0;87.06865494706113;;171.279222531676;;;;
2022-02-19 07:00:00;0.0;87.06865494706113;;187.8909017809059;;;;
2022-02-19 08:00:00;0.0;87.06865494706113;;204.4247181150293;;;;
2022-02-19 09:00:00;0.0;87.06865494706113;;219.7493656468442;;;;
2022-02-19 10:00:00;0.0;87.06865494706113;;232.8075764832878;;;;
2022-02-19 11:00:00;0.0;87.06865494706113;;242.7108218685293;;;;
2022-02-19 12:00:00;0.0;87.06865494706113;;248.7610596147527;;;;
2022-02-19 13:00:00;0.0;87.06865494706113;;250.5568973165756;;;;
2022-02-19 14:00:00;0.0;87.06865494706113;;247.9615515027537;;;;
2022-02-19 15:00:00;0.0;87.06865494706113;;241.160953335785;;;;
2022-02-19 16:00:00;0.0;87.06865494706113;;230.6048405477457;;;;
2022-02-19 17:00:00;0.0;87.06865494706113;;217.027092200798;;;;
2022-02-19 18:00:00;0.0;87.06865494706113;;201.3383016936948;;;;
2022-02-19 19:00:00;0.0;87.06865494706113;;184.5963856836059;;;;
2022-02-19 20:00:00;0.0;87.06865494706113;;167.9187907980069;;;;
2022-02-19 21:00:00;0.0;87.06865494706113;;152.4228110670091;;;;
2022-02-19 22:00:00;0.0;87.06865494706113;;139.1460137865211;;;;
2022-02-19 23:00:00;0.0;87.06865494706113;;128.1360634454628;;;;
2022-02-20 00:00:00;0.0;87.06865494706113;;120.9211286578215;;;;
2022-02-20 01:00:00;0.0;87.06865494706113;;117.8973801282957;;;;
2022-02-20 02:00:00;0.0;87.06865494706113;;120.0175752149863;;;;
2022-02-20 03:00:00;0.0;87.06865494706113;;126.2649929194257;;;;
2022-02-20 04:00:00;0.0;87.06865494706113;;136.2183498763507;;;;
2022-02-20 05:00:00;0.0;87.06865494706113;;149.2209512613092;;;;
2022-02-20 06:00:00;0.0;87.06865494706113;;164.4059093883085;;;;
2022-02-20 07:00:00;0.0;87.06865494706113;;180.7804581185385;;;;
2022-02-20 08:00:00;0.0;87.06865494706113;;197.2531399332472;;;;
2022-02-20 09:00:00;0.0;87.06865494706113;;212.7355188055725;;;;
2022-02-20 10:00:00;0.0;87.06865494706113;;226.1909680421898;;;;
2022-02-20 11:00:00;0.0;87.06865494706113;;236.7309711687178;;;;
2022-02-20 12:00:00;0.0;87.06865494706113;;243.6535907711907;;;;
2022-02-20 13:00:00;0.0;87.06865494706113;;246.4974701065868;;;;
2022-02-20 14:00:00;0.0;87.06865494706113;;245.0756999532308;;;;
2022-02-20 15:00:00;0.0;87.06865494706113;;239.4913750857963;;;;
2022-02-20 16:00:00;0.0;87.06865494706113;;230.1324356553693;;;;
2022-02-20 17:00:00;0.0;87.06865494706113;;217.6483553143029;;;;
2022-02-20 18:00:00;0.0;87.06865494706113;;202.9057566851639;;;;
2022-02-20 19:00:00;0.0;87.06865494706113;;186.9315170335877;;;;
2022-02-20 20:00:00;0.0;87.06865494706113;;170.8598214859945;;;;
2022-02-20 21:00:00;0.0;87.06865494706113;;155.8247571935166;;;;
2022-02-20 22:00:00;0.0;87.06865494706113;;142.9077590327636;;;;
2022-02-20 23:00:00;0.0;87.06865494706113;;131.1529136821551;;;;
2022-02-21 00:00:00;0.0;87.06865494706113;;123.2139651004736;;;;
2022-02-21 01:00:00;0.0;87.06865494706113;;119.5096440111658;;;;
2022-02-21 02:00:00;0.0;87.06865494706113;;122.0498882766206;;;;
2022-02-21 03:00:00;0.0;87.06865494706113;;128.7528431432369;;;;
2022-02-21 04:00:00;0.0;87.06865494706113;;139.2144854333764;;;;
2022-02-21 05:00:00;0.0;87.06865494706113;;152.7691278553363;;;;
2022-02-21 06:00:00;0.0;87.06865494706113;;168.5295107756215;;;;
2022-02-21 07:00:00;0.0;87.06865494706113;;185.4474498373244;;;;
2022-02-21 08:00:00;0.0;87.06865494706113;;202.3768192638843;;;;
2022-02-21 09:00:00;0.0;87.06865494706113;;218.1589642180069;;;;
2022-02-21 10:00:00;0.0;87.06865494706113;;231.7213906298277;;;;
2022-02-21 11:00:00;0.0;87.06865494706113;;242.1319851736566;;;;
2022-02-21 12:00:00;0.0;87.06865494706113;;248.6737470370561;;;;
2022-02-21 13:00:00;0.0;87.06865494706113;;250.8934283484471;;;;
2022-02-21 14:00:00;0.0;87.06865494706113;;248.6257369488095;;;;
2022-02-21 15:00:00;0.0;87.06865494706113;;242.030015843436;;;;
2022-02-21 16:00:00;0.0;87.06865494706113;;231.5590166529782;;;;
2022-02-21 17:00:00;0.0;87.06865494706113;;217.940246665166;;;;
2022-02-21 18:00:00;0.0;87.06865494706113;;202.0977274925407;;;;
2022-02-21 19:00:00;0.0;87.06865494706113;;185.1067022190272;;;;
2022-02-21 20:00:00;0.0;87.06865494706113;;168.1219697224658;;;;
2022-02-21 21:00:00;0.0;87.06865494706113;;152.2903208380409;;;;
2022-02-21 22:00:00;0.0;87.06865494706113;;138.6494168181831;;;;
2022-02-21 23:00:00;0.0;87.06865494706113;;126.5660106123931;;;;
2022-02-22 00:00:00;0.0;87.06865494706113;;118.2492869365877;;;;
2022-02-22 01:00:00;0.0;87.06865494706113;;114.0354849777769;;;;
2022-02-22 02:00:00;0.0;87.06865494706113;;115.4777636169383;;;;
2022-02-22 03:00:00;0.0;87.06865494706113;;120.7734127614064;;;;
2022-02-22 04:00:00;0.0;87.06865494706113;;129.4571110774544;;;;
2022-02-22 05:00:00;0.0;87.06865494706113;;140.8353292751734;;;;
2022-02-22 06:00:00;0.0;87.06865494706113;;154.0257963806012;;;;
2022-02-22 07:00:00;0.0;87.06865494706113;;168.0304972809072;;;;
2022-02-22 08:00:00;0.0;87.06865494706113;;181.8100104941096;;;;
2022-02-22 09:00:00;0.0;87.06865494706113;;194.3561897195892;;;;
2022-02-22 10:00:00;0.0;87.06865494706113;;204.7559544848444;;;;
2022-02-22 11:00:00;0.0;87.06865494706113;;212.2596368096067;;;;
2022-02-22 12:00:00;0.0;87.06865494706113;;216.3117001027219;;;;
2022-02-22 13:00:00;0.0;87.06865494706113;;216.6260697719998;;;;
2022-02-22 14:00:00;0.0;87.06865494706113;;213.1623451842393;;;;
2022-02-22 15:00:00;0.0;87.06865494706113;;206.1499243985949;;;;
2022-02-22 16:00:00;0.0;87.06865494706113;;196.0337417581178;;;;
2022-02-22 17:00:00;0.0;87.06865494706113;;183.4640219888076;;;;
2022-02-22 18:00:00;0.0;87.06865494706113;;169.2611943965863;;;;
2022-02-22 19:00:00;0.0;87.06865494706113;;154.332885604526;;;;
2022-02-22 20:00:00;0.0;87.06865494706113;;139.6307409378199;;;;
2022-02-22 21:00:00;0.0;87.06865494706113;;126.0631594857803;;;;
2022-02-22 22:00:00;0.0;87.06865494706113;;114.4705107619138;;;;
2022-02-22 23:00:00;0.0;87.06865494706113;;105.4796558721415;;;;
2022-02-23 00:00:00;0.0;87.06865494706113;;99.67091146632356;;;;
2022-02-23 01:00:00;0.0;87.06865494706113;;97.33750337563389;;;;
2022-02-23 02:00:00;0.0;87.06865494706113;;98.61620767141956;;;;
2022-02-23 03:00:00;0.0;87.06865494706113;;103.2681782099779;;;;
2022-02-23 04:00:00;0.0;87.06865494706113;;110.9156906867209;;;;
2022-02-23 05:00:00;0.0;87.06865494706113;;120.9892056531375;;;;
2022-02-23 06:00:00;0.0;87.06865494706113;;132.7800458502549;;;;
2022-02-23 07:00:00;0.0;87.06865494706113;;145.4655534567868;;;;
2022-02-23 08:00:00;0.0;87.06865494706113;;158.1714405076176;;;;
2022-02-23 09:00:00;0.0;87.06865494706113;;170.0258462370207;;;;
2022-02-23 10:00:00;0.0;87.06865494706113;;180.2383169095891;;;;
2022-02-23 11:00:00;0.0;87.06865494706113;;188.1134204098508;;;;
2022-02-23 12:00:00;0.0;87.06865494706113;;193.1311599610843;;;;
2022-02-23 13:00:00;0.0;87.06865494706113;;194.9374969728719;;;;
2022-02-23 14:00:00;0.0;87.06865494706113;;193.4214721168769;;;;
2022-02-23 15:00:00;0.0;87.06865494706113;;188.6771265404856;;;;
2022-02-23 16:00:00;0.0;87.06865494706113;;181.0297871969442;;;;
2022-02-23 17:00:00;0.0;87.06865494706113;;170.9908834772224;;;;
2022-02-23 18:00:00;0.0;87.06865494706113;;159.2510246087303;;;;
2022-02-23 19:00:00;0.0;87.06865494706113;;146.6155624623395;;;;
2022-02-23 20:00:00;0.0;87.06865494706113;;133.9513519325355;;;;
2022-02-23 21:00:00;0.0;87.06865494706113;;122.1394608933529;;;;
2022-02-23 22:00:00;0.0;87.06865494706113;;112.0099118440987;;;;
2022-02-23 23:00:00;0.0;87.06865494706113;;105.4596643877812;;;;
2022-02-24 00:00:00;0.0;87.06865494706113;;101.8869831945511;;;;
2022-02-24 01:00:00;0.0;87.06865494706113;;101.7136825301482;;;;
2022-02-24 02:00:00;0.0;87.06865494706113;;103.9829056835544;;;;
2022-02-24 03:00:00;0.0;87.06865494706113;;109.8214442190947;;;;
2022-02-24 04:00:00;0.0;87.06865494706113;;118.903922158497;;;;
2022-02-24 05:00:00;0.0;87.06865494706113;;130.6733115433274;;;;
2022-02-24 06:00:00;0.0;87.06865494706113;;144.3900752641862;;;;
2022-02-24 07:00:00;0.0;87.06865494706113;;159.1622859423635;;;;
2022-02-24 08:00:00;0.0;87.06865494706113;;174.0175182121329;;;;
2022-02-24 09:00:00;0.0;87.06865494706113;;187.9798541145245;;;;
2022-02-24 10:00:00;0.0;87.06865494706113;;200.1186018766202;;;;
2022-02-24 11:00:00;0.0;87.06865494706113;;209.6060513908437;;;;
2022-02-24 12:00:00;0.0;87.06865494706113;;215.8070084768779;;;;
2022-02-24 13:00:00;0.0;87.06865494706113;;218.2994740752022;;;;
2022-02-24 14:00:00;0.0;87.06865494706113;;216.9350668861409;;;;
2022-02-24 15:00:00;0.0;87.06865494706113;;211.7992916806357;;;;
2022-02-24 16:00:00;0.0;87.06865494706113;;203.2669679463271;;;;
2022-02-24 17:00:00;0.0;87.06865494706113;;191.9333752410663;;;;
2022-02-24 18:00:00;0.0;87.06865494706113;;178.5817342629091;;;;
2022-02-24 19:00:00;0.0;87.06865494706113;;164.1440356455595;;;;
2022-02-24 20:00:00;0.0;87.06865494706113;;149.6218404392932;;;;
2022-02-24 21:00:00;0.0;87.06865494706113;;136.039126842334;;;;
2022-02-24 22:00:00;0.0;87.06865494706113;;124.3392949346254;;;;
2022-02-24 23:00:00;0.0;87.06865494706113;;116.8880801441576;;;;
2022-02-25 00:00:00;0.0;87.06865494706113;;112.7224219678408;;;;
2022-02-25 01:00:00;0.0;87.06865494706113;;112.2888178990906;;;;
2022-02-25 02:00:00;0.0;87.06865494706113;;114.224462545802;;;;
2022-02-25 03:00:00;0.0;87.06865494706113;;120.0206204570311;;;;
2022-02-25 04:00:00;0.0;87.06865494706113;;129.2599051267651;;;;
2022-02-25 05:00:00;0.0;87.06865494706113;;141.288776203612;;;;
2022-02-25 06:00:00;0.0;87.06865494706113;;155.2685985639592;;;;
2022-02-25 07:00:00;0.0;87.06865494706113;;170.2244032153445;;;;
2022-02-25 08:00:00;0.0;87.06865494706113;;185.1163850688942;;;;
2022-02-25 09:00:00;0.0;87.06865494706113;;198.9211057876803;;;;
2022-02-25 10:00:00;0.0;87.06865494706113;;210.6848596990293;;;;
2022-02-25 11:00:00;0.0;87.06865494706113;;219.5962046446888;;;;
2022-02-25 12:00:00;0.0;87.06865494706113;;225.04066642174;;;;
2022-02-25 13:00:00;0.0;87.06865494706113;;226.6479171734344;;;;
2022-02-25 14:00:00;0.0;87.06865494706113;;224.314908748041;;;;
2022-02-25 15:00:00;0.0;87.06865494706113;;218.1950553407563;;;;
2022-02-25 16:00:00;0.0;87.06865494706113;;208.7030598929436;;;;
2022-02-25 17:00:00;0.0;87.06865494706113;;196.481627414363;;;;
2022-02-25 18:00:00;0.0;87.06865494706113;;182.3601569184185;;;;
2022-02-25 19:00:00;0.0;87.06865494706113;;167.2866359311583;;;;
2022-02-25 20:00:00;0.0;87.06865494706113;;152.2695914758686;;;;
2022-02-25 21:00:00;0.0;87.06865494706113;;138.3160730215806;;;;
2022-02-25 22:00:00;0.0;87.06865494706113;;126.3748272957536;;;;
2022-02-25 23:00:00;0.0;87.06865494706113;;117.879611357794;;;;
2022-02-26 00:00:00;0.0;87.06865494706113;;112.8139315353631;;;;
2022-02-26 01:00:00;0.0;87.06865494706113;;111.5917149441926;;;;
2022-02-26 02:00:00;0.0;87.06865494706113;;113.7574162021639;;;;
2022-02-26 03:00:00;0.0;87.06865494706113;;119.8516965156907;;;;
2022-02-26 04:00:00;0.0;87.06865494706113;;129.5023025933257;;;;
2022-02-26 05:00:00;0.0;87.06865494706113;;142.104342221947;;;;
2022-02-26 06:00:00;0.0;87.06865494706113;;156.8466386772225;;;;
2022-02-26 07:00:00;0.0;87.06865494706113;;172.7733327762696;;;;
2022-02-26 08:00:00;0.0;87.06865494706113;;188.8586746479861;;;;
2022-02-26 09:00:00;0.0;87.06865494706113;;204.0650940581897;;;;
2022-02-26 10:00:00;0.0;87.06865494706113;;217.4131450639266;;;;
2022-02-26 11:00:00;0.0;87.06865494706113;;228.0173363003018;;;;
2022-02-26 12:00:00;0.0;87.06865494706113;;235.1825814753271;;;;
2022-02-26 13:00:00;0.0;87.06865494706113;;238.4466691321883;;;;
2022-02-26 14:00:00;0.0;87.06865494706113;;237.6087249192086;;;;
2022-02-26 15:00:00;0.0;87.06865494706113;;232.7405916927908;;;;
2022-02-26 16:00:00;0.0;87.06865494706113;;224.1780422650915;;;;
2022-02-26 17:00:00;0.0;87.06865494706113;;212.5209603392794;;;;
2022-02-26 18:00:00;0.0;87.06865494706113;;198.5998993646923;;;;
2022-02-26 19:00:00;0.0;87.06865494706113;;183.4139347103338;;;;
2022-02-26 20:00:00;0.0;87.06865494706113;;168.0520215848009;;;;
2022-02-26 21:00:00;0.0;87.06865494706113;;153.634754882028;;;;
2022-02-26 22:00:00;0.0;87.06865494706113;;141.2318103726545;;;;
2022-02-26 23:00:00;0.0;87.06865494706113;;130.9273066333028;;;;
2022-02-27 00:00:00;0.0;87.06865494706113;;124.3564393546095;;;;
2022-02-27 01:00:00;0.0;87.06865494706113;;121.9920751254942;;;;
2022-02-27 02:00:00;0.0;87.06865494706113;;124.9004923899998;;;;
2022-02-27 03:00:00;0.0;87.06865494706113;;132.0861124966777;;;;
2022-02-27 04:00:00;0.0;87.06865494706113;;143.1687052876491;;;;
2022-02-27 05:00:00;0.0;87.06865494706113;;157.481967526908;;;;
2022-02-27 06:00:00;0.0;87.06865494706113;;174.1284123707479;;;;
2022-02-27 07:00:00;0.0;87.06865494706113;;192.0341302024837;;;;
2022-02-27 08:00:00;0.0;87.06865494706113;;210.0293228904725;;;;
2022-02-27 09:00:00;0.0;87.06865494706113;;226.9232432221186;;;;
2022-02-27 10:00:00;0.0;87.06865494706113;;241.5824515059885;;;;
2022-02-27 11:00:00;0.0;87.06865494706113;;253.0109303677899;;;;
2022-02-27 12:00:00;0.0;87.06865494706113;;260.4327056916397;;;;
2022-02-27 13:00:00;0.0;87.06865494706113;;263.3399694216341;;;;
2022-02-27 14:00:00;0.0;87.06865494706113;;261.5395117946389;;;;
2022-02-27 15:00:00;0.0;87.06865494706113;;255.1658622589282;;;;
2022-02-27 16:00:00;0.0;87.06865494706113;;244.6656568001303;;;;
2022-02-27 17:00:00;0.0;87.06865494706113;;230.768346831128;;;;
2022-02-27 18:00:00;0.0;87.06865494706113;;214.4385507866049;;;;
2022-02-27 19:00:00;0.0;87.06865494706113;;196.8214799271842;;;;
2022-02-27 20:00:00;0.0;87.06865494706113;;179.1432489085818;;;;
2022-02-27 21:00:00;0.0;87.06865494706113;;162.6141700877408;;;;
2022-02-27 22:00:00;0.0;87.06865494706113;;148.3552034434654;;;;
2022-02-27 23:00:00;0.0;87.06865494706113;;135.3891989784647;;;;
2022-02-28 00:00:00;0.0;87.06865494706113;;126.4271593045821;;;;
2022-02-28 01:00:00;0.0;87.06865494706113;;121.8407812298162;;;;
2022-02-28 02:00:00;0.0;87.06865494706113;;123.6246653379831;;;;
2022-02-28 03:00:00;0.0;87.06865494706113;;129.5388322109001;;;;
2022-02-28 04:00:00;0.0;87.06865494706113;;139.1073704545483;;;;
2022-02-28 05:00:00;0.0;87.06865494706113;;151.5991724541962;;;;
2022-02-28 06:00:00;0.0;87.06865494706113;;166.0897093887992;;;;
2022-02-28 07:00:00;0.0;87.06865494706113;;181.5139569550395;;;;
2022-02-28 08:00:00;0.0;87.06865494706113;;196.7412697010338;;;;
2022-02-28 09:00:00;0.0;87.06865494706113;;210.6683205957306;;;;
2022-02-28 10:00:00;0.0;87.06865494706113;;222.2923729939396;;;;
2022-02-28 11:00:00;0.0;87.06865494706113;;230.7986896158176;;;;
2022-02-28 12:00:00;0.0;87.06865494706113;;235.5761461694765;;;;
2022-02-28 13:00:00;0.0;87.06865494706113;;236.2748546798182;;;;
2022-02-28 14:00:00;0.0;87.06865494706113;;232.8262106764719;;;;
2022-02-28 15:00:00;0.0;87.06865494706113;;225.447800828875;;;;
2022-02-28 16:00:00;0.0;87.06865494706113;;214.6397313978217;;;;
2022-02-28 17:00:00;0.0;87.06865494706113;;201.1076413437968;;;;
2022-02-28 18:00:00;0.0;87.06865494706113;;185.7388256260004;;;;
2022-02-28 19:00:00;0.0;87.06865494706113;;169.5186161830749;;;;
2022-02-28 20:00:00;0.0;87.06865494706113;;153.4939052879019;;;;
2022-02-28 21:00:00;0.0;87.06865494706113;;138.6859867487318;;;;
2022-02-28 22:00:00;0.0;87.06865494706113;;126.0187419510459;;;;
2022-02-28 23:00:00;0.0;87.06865494706113;;114.8766056768665;;;;
2022-03-01 00:00:00;0.0;87.06865494706113;;107.2438999747181;;;;
2022-03-01 01:00:00;0.0;87.06865494706113;;103.4065433465879;;;;
2022-03-01 02:00:00;0.0;87.06865494706113;;104.7762201335765;;;;
2022-03-01 03:00:00;0.0;87.06865494706113;;109.7214414619121;;;;
2022-03-01 04:00:00;0.0;87.06865494706113;;117.833012248358;;;;
2022-03-01 05:00:00;0.0;87.06865494706113;;128.507788308281;;;;
2022-03-01 06:00:00;0.0;87.06865494706113;;140.9704331176488;;;;
2022-03-01 07:00:00;0.0;87.06865494706113;;154.3528104737595;;;;
2022-03-01 08:00:00;0.0;87.06865494706113;;167.7207613890136;;;;
2022-03-01 09:00:00;0.0;87.06865494706113;;180.1549647130414;;;;
2022-03-01 10:00:00;0.0;87.06865494706113;;190.7965737969789;;;;
2022-03-01 11:00:00;0.0;87.06865494706113;;198.9283645809238;;;;
2022-03-01 12:00:00;0.0;87.06865494706113;;204.0001720857738;;;;
2022-03-01 13:00:00;0.0;87.06865494706113;;205.6665894473064;;;;
2022-03-01 14:00:00;0.0;87.06865494706113;;203.8027570234595;;;;
2022-03-01 15:00:00;0.0;87.06865494706113;;198.5286137917737;;;;
2022-03-01 16:00:00;0.0;87.06865494706113;;190.197775812839;;;;
2022-03-01 17:00:00;0.0;87.06865494706113;;179.3696594622338;;;;
2022-03-01 18:00:00;0.0;87.06865494706113;;166.7711794251825;;;;
2022-03-01 19:00:00;0.0;87.06865494706113;;153.2462751518894;;;;
2022-03-01 20:00:00;0.0;87.06865494706113;;139.7213869376261;;;;
2022-03-01 21:00:00;0.0;87.06865494706113;;127.1245005210839;;;;
2022-03-01 22:00:00;0.0;87.06865494706113;;116.328156427803;;;;
2022-03-01 23:00:00;0.0;87.06865494706113;;107.9989409027482;;;;
2022-03-02 00:00:00;0.0;87.06865494706113;;102.793452773503;;;;
2022-03-02 01:00:00;0.0;87.06865494706113;;101.0819052727634;;;;
2022-03-02 02:00:00;0.0;87.06865494706113;;103.076805730879;;;;
2022-03-02 03:00:00;0.0;87.06865494706113;;108.5938336310189;;;;
2022-03-02 04:00:00;0.0;87.06865494706113;;117.2846418036829;;;;
2022-03-02 05:00:00;0.0;87.06865494706113;;128.5774489510737;;;;
2022-03-02 06:00:00;0.0;87.06865494706113;;141.7196813342101;;;;
2022-03-02 07:00:00;0.0;87.06865494706113;;155.8290101073269;;;;
2022-03-02 08:00:00;0.0;87.06865494706113;;169.9593800432793;;;;
2022-03-02 09:00:00;0.0;87.06865494706113;;183.1404542387918;;;;
2022-03-02 10:00:00;0.0;87.06865494706113;;194.4662612496309;;;;
2022-03-02 11:00:00;0.0;87.06865494706113;;203.1665054598859;;;;
2022-03-02 12:00:00;0.0;87.06865494706113;;208.6442002386217;;;;
2022-03-02 13:00:00;0.0;87.06865494706113;;210.5266988272051;;;;
2022-03-02 14:00:00;0.0;87.06865494706113;;208.670685971328;;;;
2022-03-02 15:00:00;0.0;87.06865494706113;;203.2042100605836;;;;
2022-03-02 16:00:00;0.0;87.06865494706113;;194.505273677976;;;;
2022-03-02 17:00:00;0.0;87.06865494706113;;183.1706754051085;;;;
2022-03-02 18:00:00;0.0;87.06865494706113;;169.9760733946417;;;;
2022-03-02 19:00:00;0.0;87.06865494706113;;155.8163750368719;;;;
2022-03-02 20:00:00;0.0;87.06865494706113;;141.6626215473878;;;;
2022-03-02 21:00:00;0.0;87.06865494706113;;128.4670896416401;;;;
2022-03-02 22:00:00;0.0;87.06865494706113;;117.1137540560545;;;;
2022-03-02 23:00:00;0.0;87.06865494706113;;109.5314329781583;;;;
2022-03-03 00:00:00;0.0;87.06865494706113;;105.0744717850388;;;;
2022-03-03 01:00:00;0.0;87.06865494706113;;104.1277532800165;;;;
2022-03-03 02:00:00;0.0;87.06865494706113;;105.6393158783202;;;;
2022-03-03 03:00:00;0.0;87.06865494706113;;110.7072873677836;;;;
2022-03-03 04:00:00;0.0;87.06865494706113;;118.9191797303603;;;;
2022-03-03 05:00:00;0.0;87.06865494706113;;129.6566407913757;;;;
2022-03-03 06:00:00;0.0;87.06865494706113;;142.1234492519903;;;;
2022-03-03 07:00:00;0.0;87.06865494706113;;155.4246481048636;;;;
2022-03-03 08:00:00;0.0;87.06865494706113;;168.6029923237967;;;;
2022-03-03 09:00:00;0.0;87.06865494706113;;180.7367279845683;;;;
2022-03-03 10:00:00;0.0;87.06865494706113;;190.9640505999525;;;;
2022-03-03 11:00:00;0.0;87.06865494706113;;198.5756403300131;;;;
2022-03-03 12:00:00;0.0;87.06865494706113;;203.0262250124807;;;;
2022-03-03 13:00:00;0.0;87.06865494706113;;204.0134223498974;;;;
2022-03-03 14:00:00;0.0;87.06865494706113;;201.4624301421041;;;;
2022-03-03 15:00:00;0.0;87.06865494706113;;195.5464432137617;;;;
2022-03-03 16:00:00;0.0;87.06865494706113;;186.6531742734049;;;;
2022-03-03 17:00:00;0.0;87.06865494706113;;175.3844583305285;;;;
2022-03-03 18:00:00;0.0;87.06865494706113;;162.4781622935187;;;;
2022-03-03 19:00:00;0.0;87.06865494706113;;148.7854070351824;;;;
2022-03-03 20:00:00;0.0;87.06865494706113;;135.1977721607423;;;;
2022-03-03 21:00:00;0.0;87.06865494706113;;122.6183056566164;;;;
2022-03-03 22:00:00;0.0;87.06865494706113;;111.8672218321635;;;;
2022-03-03 23:00:00;0.0;87.06865494706113;;105.0253175629873;;;;
2022-03-04 00:00:00;0.0;87.06865494706113;;101.2235922791952;;;;
2022-03-04 01:00:00;0.0;87.06865494706113;;100.8584253921437;;;;
2022-03-04 02:00:00;0.0;87.06865494706113;;102.7106099629689;;;;
2022-03-04 03:00:00;0.0;87.06865494706113;;108.1161236067074;;;;
2022-03-04 04:00:00;0.0;87.06865494706113;;116.729270748961;;;;
2022-03-04 05:00:00;0.0;87.06865494706113;;127.9998853869206;;;;
2022-03-04 06:00:00;0.0;87.06865494706113;;141.2037759435175;;;;
2022-03-04 07:00:00;0.0;87.06865494706113;;155.4828803048038;;;;
2022-03-04 08:00:00;0.0;87.06865494706113;;169.9221291973067;;;;
2022-03-04 09:00:00;0.0;87.06865494706113;;183.5879127020285;;;;
2022-03-04 10:00:00;0.0;87.06865494706113;;195.6044750140455;;;;
2022-03-04 11:00:00;0.0;87.06865494706113;;205.1779660759993;;;;
2022-03-04 12:00:00;0.0;87.06865494706113;;211.6926982917169;;;;
2022-03-04 13:00:00;0.0;87.06865494706113;;214.7146796197522;;;;
2022-03-04 14:00:00;0.0;87.06865494706113;;214.0619631758747;;;;
2022-03-04 15:00:00;0.0;87.06865494706113;;209.7901077753033;;;;
2022-03-04 16:00:00;0.0;87.06865494706113;;202.2134445227522;;;;
2022-03-04 17:00:00;0.0;87.06865494706113;;191.8644860890779;;;;
2022-03-04 18:00:00;0.0;87.06865494706113;;179.4688107938812;;;;
2022-03-04 19:00:00;0.0;87.06865494706113;;165.916948766341;;;;
2022-03-04 20:00:00;0.0;87.06865494706113;;152.1882018813137;;;;
2022-03-04 21:00:00;0.0;87.06865494706113;;139.2998626919723;;;;
2022-03-04 22:00:00;0.0;87.06865494706113;;128.2166547026397;;;;
2022-03-04 23:00:00;0.0;87.06865494706113;;120.4467366599286;;;;
2022-03-05 00:00:00;0.0;87.06865494706113;;116.0405347872276;;;;
2022-03-05 01:00:00;0.0;87.06865494706113;;115.4997129800931;;;;
2022-03-05 02:00:00;0.0;87.06865494706113;;118.4374838798118;;;;
2022-03-05 03:00:00;0.0;87.06865494706113;;125.4600351430664;;;;
2022-03-05 04:00:00;0.0;87.06865494706113;;136.2225731592644;;;;
2022-03-05 05:00:00;0.0;87.06865494706113;;150.103778727201;;;;
2022-03-05 06:00:00;0.0;87.06865494706113;;166.2719703701807;;;;
2022-03-05 07:00:00;0.0;87.06865494706113;;183.71640225858;;;;
2022-03-05 08:00:00;0.0;87.06865494706113;;201.3240651232351;;;;
2022-03-05 09:00:00;0.0;87.06865494706113;;217.9331049967635;;;;
2022-03-05 10:00:00;0.0;87.06865494706113;;232.4483369481558;;;;
2022-03-05 11:00:00;0.0;87.06865494706113;;243.8982085595009;;;;
2022-03-05 12:00:00;0.0;87.06865494706113;;251.5290003996282;;;;
2022-03-05 13:00:00;0.0;87.06865494706113;;254.8289664023001;;;;
2022-03-05 14:00:00;0.0;87.06865494706113;;253.5933501067039;;;;
2022-03-05 15:00:00;0.0;87.06865494706113;;247.9079571489288;;;;
2022-03-05 16:00:00;0.0;87.06865494706113;;238.1841599818293;;;;
2022-03-05 17:00:00;0.0;87.06865494706113;;225.1110577397035;;;;
2022-03-05 18:00:00;0.0;87.06865494706113;;209.6234550251791;;;;
2022-03-05 19:00:00;0.0;87.06865494706113;;192.8128419365831;;;;
2022-03-05 20:00:00;0.0;87.06865494706113;;175.8632493134926;;;;
2022-03-05 21:00:00;0.0;87.06865494706113;;159.9701843368378;;;;
2022-03-05 22:00:00;0.0;87.06865494706113;;146.2598280325506;;;;
2022-03-05 23:00:00;0.0;87.06865494706113;;134.7919475049247;;;;
2022-03-06 00:00:00;0.0;87.06865494706113;;127.2292035560335;;;;
2022-03-06 01:00:00;0.0;87.06865494706113;;123.9939601393746;;;;
2022-03-06 02:00:00;0.0;87.06865494706113;;126.1151023209364;;;;
2022-03-06 03:00:00;0.0;87.06865494706113;;132.4716974910905;;;;
2022-03-06 04:00:00;0.0;87.06865494706113;;142.6082918503997;;;;
2022-03-06 05:00:00;0.0;87.06865494706113;;155.7946374727503;;;;
2022-03-06 06:00:00;0.0;87.06865494706113;;171.0969565806064;;;;
2022-03-06 07:00:00;0.0;87.06865494706113;;187.4258559028734;;;;
2022-03-06 08:00:00;0.0;87.06865494706113;;203.6229070125195;;;;
2022-03-06 09:00:00;0.0;87.06865494706113;;218.5568172686086;;;;
2022-03-06 10:00:00;0.0;87.06865494706113;;231.1795192208387;;;;
2022-03-06 11:00:00;0.0;87.06865494706113;;240.6052538959191;;;;
2022-03-06 12:00:00;0.0;87.06865494706113;;246.1754960581423;;;;
2022-03-06 13:00:00;0.0;87.06865494706113;;247.4973705091093;;;;
2022-03-06 14:00:00;0.0;87.06865494706113;;244.477134779257;;;;
2022-03-06 15:00:00;0.0;87.06865494706113;;237.3103309452141;;;;
2022-03-06 16:00:00;0.0;87.06865494706113;;226.4691066018965;;;;
2022-03-06 17:00:00;0.0;87.06865494706113;;212.6909362196118;;;;
2022-03-06 18:00:00;0.0;87.06865494706113;;196.8887137131856;;;;
2022-03-06 19:00:00;0.0;87.06865494706113;;180.1165033601368;;;;
2022-03-06 20:00:00;0.0;87.06865494706113;;163.4738037427588;;;;
2022-03-06 21:00:00;0.0;87.06865494706113;;148.0417118563941;;;;
2022-03-06 22:00:00;0.0;87.06865494706113;;134.8245099165353;;;;
2022-03-06 23:00:00;0.0;87.06865494706113;;122.8908717112139;;;;
2022-03-07 00:00:00;0.0;87.06865494706113;;114.6861448514517;;;;
2022-03-07 01:00:00;0.0;87.06865494706113;;110.5257219514324;;;;
2022-03-07 02:00:00;0.0;87.06865494706113;;112.2276749337379;;;;
2022-03-07 03:00:00;0.0;87.06865494706113;;117.7617146614401;;;;
2022-03-07 04:00:00;0.0;87.06865494706113;;126.7144593140136;;;;
2022-03-07 05:00:00;0.0;87.06865494706113;;138.4555701826666;;;;
2022-03-07 06:00:00;0.0;87.06865494706113;;152.167382576417;;;;
2022-03-07 07:00:00;0.0;87.06865494706113;;166.9044573120199;;;;
2022-03-07 08:00:00;0.0;87.06865494706113;;181.6577443243004;;;;
2022-03-07 09:00:00;0.0;87.06865494706113;;195.414844166768;;;;
2022-03-07 10:00:00;0.0;87.06865494706113;;207.2552282382129;;;;
2022-03-07 11:00:00;0.0;87.06865494706113;;216.3734834536437;;;;
2022-03-07 12:00:00;0.0;87.06865494706113;;222.16271141632;;;;
2022-03-07 13:00:00;0.0;87.06865494706113;;224.2169030201142;;;;
2022-03-07 14:00:00;0.0;87.06865494706113;;222.4025440523995;;;;
2022-03-07 15:00:00;0.0;87.06865494706113;;216.8314428985881;;;;
2022-03-07 16:00:00;0.0;87.06865494706113;;207.8920726856536;;;;
2022-03-07 17:00:00;0.0;87.06865494706113;;196.1811180782395;;;;
2022-03-07 18:00:00;0.0;87.06865494706113;;182.4978032501147;;;;
2022-03-07 19:00:00;0.0;87.06865494706113;;167.7715999733053;;;;
2022-03-07 20:00:00;0.0;87.06865494706113;;153.0201819399082;;;;
2022-03-07 21:00:00;0.0;87.06865494706113;;139.2611451277307;;;;
2022-03-07 22:00:00;0.0;87.06865494706113;;127.4519097434792;;;;
2022-03-07 23:00:00;0.0;87.06865494706113;;116.9756372248218;;;;
2022-03-08 00:00:00;0.0;87.06865494706113;;109.9380287243143;;;;
2022-03-08 01:00:00;0.0;87.06865494706113;;106.6883667903046;;;;
2022-03-08 02:00:00;0.0;87.06865494706113;;108.7677441813887;;;;
2022-03-08 03:00:00;0.0;87.06865494706113;;114.5440466749244;;;;
2022-03-08 04:00:00;0.0;87.06865494706113;;123.6518387627075;;;;
2022-03-08 05:00:00;0.0;87.06865494706113;;135.4813703562883;;;;
2022-03-08 06:00:00;0.0;87.06865494706113;;149.2399950511877;;;;
2022-03-08 07:00:00;0.0;87.06865494706113;;163.9842363672724;;;;
2022-03-08 08:00:00;0.0;87.06865494706113;;178.7052496662726;;;;
2022-03-08 09:00:00;0.0;87.06865494706113;;192.3997434921874;;;;
2022-03-08 10:00:00;0.0;87.06865494706113;;204.1136670528528;;;;
2022-03-08 11:00:00;0.0;87.06865494706113;;213.0316502645201;;;;
2022-03-08 12:00:00;0.0;87.06865494706113;;218.533201736947;;;;
2022-03-08 13:00:00;0.0;87.06865494706113;;220.250991229562;;;;
2022-03-08 14:00:00;0.0;87.06865494706113;;218.0604347598053;;;;
2022-03-08 15:00:00;0.0;87.06865494706113;;212.0902248914468;;;;
2022-03-08 16:00:00;0.0;87.06865494706113;;202.7466320294243;;;;
2022-03-08 17:00:00;0.0;87.06865494706113;;190.6698830665499;;;;
2022-03-08 18:00:00;0.0;87.06865494706113;;176.6899875571979;;;;
2022-03-08 19:00:00;0.0;87.06865494706113;;161.7390863020825;;;;
2022-03-08 20:00:00;0.0;87.06865494706113;;146.8166031825126;;;;
2022-03-08 21:00:00;0.0;87.06865494706113;;132.9171409832797;;;;
2022-03-08 22:00:00;0.0;87.06865494706113;;120.953720897883;;;;
2022-03-08 23:00:00;0.0;87.06865494706113;;111.6039308005669;;;;
2022-03-09 00:00:00;0.0;87.06865494706113;;105.5206253550143;;;;
2022-03-09 01:00:00;0.0;87.06865494706113;;103.0357777371927;;;;
2022-03-09 02:00:00;0.0;87.06865494706113;;104.3179553071041;;;;
2022-03-09 03:00:00;0.0;87.06865494706113;;109.0885454470994;;;;
2022-03-09 04:00:00;0.0;87.06865494706113;;116.924203469999;;;;
2022-03-09 05:00:00;0.0;87.06865494706113;;127.1930072606417;;;;
2022-03-09 06:00:00;0.0;87.06865494706113;;139.1093054984666;;;;
2022-03-09 07:00:00;0.0;87.06865494706113;;151.7819894653143;;;;
2022-03-09 08:00:00;0.0;87.06865494706113;;164.2650991100953;;;;
2022-03-09 09:00:00;0.0;87.06865494706113;;175.6564600267974;;;;
2022-03-09 10:00:00;0.0;87.06865494706113;;185.1293029117429;;;;
2022-03-09 11:00:00;0.0;87.06865494706113;;192.0155714503884;;;;
2022-03-09 12:00:00;0.0;87.06865494706113;;195.8163731214193;;;;
2022-03-09 13:00:00;0.0;87.06865494706113;;196.2621659580029;;;;
2022-03-09 14:00:00;0.0;87.06865494706113;;193.3038364053228;;;;
2022-03-09 15:00:00;0.0;87.06865494706113;;187.1259501473675;;;;
2022-03-09 16:00:00;0.0;87.06865494706113;;178.1263086995542;;;;
2022-03-09 17:00:00;0.0;87.06865494706113;;166.895830611476;;;;
2022-03-09 18:00:00;0.0;87.06865494706113;;154.1658779480384;;;;
2022-03-09 19:00:00;0.0;87.06865494706113;;140.759323438173;;;;
2022-03-09 20:00:00;0.0;87.06865494706113;;127.5345818691186;;;;
2022-03-09 21:00:00;0.0;87.06865494706113;;115.3266394862127;;;;
2022-03-09 22:00:00;0.0;87.06865494706113;;104.9016672764735;;;;
2022-03-09 23:00:00;0.0;87.06865494706113;;97.95571759900216;;;;
2022-03-10 00:00:00;0.0;87.06865494706113;;93.896896347585;;;;
2022-03-10 01:00:00;0.0;87.06865494706113;;93.04784594936396;;;;
2022-03-10 02:00:00;0.0;87.06865494706113;;94.47914958681974;;;;
2022-03-10 03:00:00;0.0;87.06865494706113;;99.170213079378;;;;
2022-03-10 04:00:00;0.0;87.06865494706113;;106.7804678911052;;;;
2022-03-10 05:00:00;0.0;87.06865494706113;;116.7754560279823;;;;
2022-03-10 06:00:00;0.0;87.06865494706113;;128.4825684911615;;;;
2022-03-10 07:00:00;0.0;87.06865494706113;;141.1211316917559;;;;
2022-03-10 08:00:00;0.0;87.06865494706113;;153.85577548328;;;;
2022-03-10 09:00:00;0.0;87.06865494706113;;165.8443446106324;;;;
2022-03-10 10:00:00;0.0;87.06865494706113;;176.296519868759;;;;
2022-03-10 11:00:00;0.0;87.06865494706113;;184.5221023905456;;;;
2022-03-10 12:00:00;0.0;87.06865494706113;;189.9746931822332;;;;
2022-03-10 13:00:00;0.0;87.06865494706113;;192.3034783935302;;;;
2022-03-10 14:00:00;0.0;87.06865494706113;;191.3640640215638;;;;
2022-03-10 15:00:00;0.0;87.06865494706113;;187.2261901628909;;;;
2022-03-10 16:00:00;0.0;87.06865494706113;;180.1740188696182;;;;
2022-03-10 17:00:00;0.0;87.06865494706113;;170.692055409351;;;;
2022-03-10 18:00:00;0.0;87.06865494706113;;159.4453719284082;;;;
2022-03-10 19:00:00;0.0;87.06865494706113;;147.2176747382875;;;;
2022-03-10 20:00:00;0.0;87.06865494706113;;134.8835858900119;;;;
2022-03-10 21:00:00;0.0;87.06865494706113;;123.326097975308;;;;
2022-03-10 22:00:00;0.0;87.06865494706113;;113.4068349808367;;;;
2022-03-10 23:00:00;0.0;87.06865494706113;;107.2890465633564;;;;
2022-03-11 00:00:00;0.0;87.06865494706113;;104.1573641647537;;;;
2022-03-11 01:00:00;0.0;87.06865494706113;;104.4742513481789;;;;
2022-03-11 02:00:00;0.0;87.06865494706113;;107.0721061274353;;;;
2022-03-11 03:00:00;0.0;87.06865494706113;;113.3638450881248;;;;
2022-03-11 04:00:00;0.0;87.06865494706113;;123.0410442124306;;;;
2022-03-11 05:00:00;0.0;87.06865494706113;;135.5450768739422;;;;
2022-03-11 06:00:00;0.0;87.06865494706113;;150.1279473428606;;;;
2022-03-11 07:00:00;0.0;87.06865494706113;;165.8619263610196;;;;
2022-03-11 08:00:00;0.0;87.06865494706113;;181.745431335079;;;;
2022-03-11 09:00:00;0.0;87.06865494706113;;196.737830776731;;;;
2022-03-11 10:00:00;0.0;87.06865494706113;;209.8615226907553;;;;
2022-03-11 11:00:00;0.0;87.06865494706113;;220.2448664594402;;;;
2022-03-11 12:00:00;0.0;87.06865494706113;;227.20150330128;;;;
2022-03-11 13:00:00;0.0;87.06865494706113;;230.2676865505858;;;;
2022-03-11 14:00:00;0.0;87.06865494706113;;229.2482248526276;;;;
2022-03-11 15:00:00;0.0;87.06865494706113;;224.2275625412541;;;;
2022-03-11 16:00:00;0.0;87.06865494706113;;215.5605799072956;;;;
2022-03-11 17:00:00;0.0;87.06865494706113;;203.8660887747716;;;;
2022-03-11 18:00:00;0.0;87.06865494706113;;189.9749976898618;;;;
2022-03-11 19:00:00;0.0;87.06865494706113;;174.8792853862073;;;;
2022-03-11 20:00:00;0.0;87.06865494706113;;159.6426708300082;;;;
2022-03-11 21:00:00;0.0;87.06865494706113;;145.3539700020401;;;;
2022-03-11 22:00:00;0.0;87.06865494706113;;133.0275820160379;;;;
2022-03-11 23:00:00;0.0;87.06865494706113;;124.1882551647016;;;;
2022-03-12 00:00:00;0.0;87.06865494706113;;118.8570036314568;;;;
2022-03-12 01:00:00;0.0;87.06865494706113;;117.4976331280255;;;;
2022-03-12 02:00:00;0.0;87.06865494706113;;119.645954540206;;;;
2022-03-12 03:00:00;0.0;87.06865494706113;;125.8361724006167;;;;
2022-03-12 04:00:00;0.0;87.06865494706113;;135.6419116298316;;;;
2022-03-12 05:00:00;0.0;87.06865494706113;;148.3883745899416;;;;
2022-03-12 06:00:00;0.0;87.06865494706113;;163.1890151240047;;;;
2022-03-12 07:00:00;0.0;87.06865494706113;;179.0240215531337;;;;
2022-03-12 08:00:00;0.0;87.06865494706113;;194.7939180949069;;;;
2022-03-12 09:00:00;0.0;87.06865494706113;;209.4074361574564;;;;
2022-03-12 10:00:00;0.0;87.06865494706113;;221.8533814788926;;;;
2022-03-12 11:00:00;0.0;87.06865494706113;;231.2762554467239;;;;
2022-03-12 12:00:00;0.0;87.06865494706113;;237.0338662179385;;;;
2022-03-12 13:00:00;0.0;87.06865494706113;;238.7220503860884;;;;
2022-03-12 14:00:00;0.0;87.06865494706113;;236.2325963779847;;;;
2022-03-12 15:00:00;0.0;87.06865494706113;;229.747566284687;;;;
2022-03-12 16:00:00;0.0;87.06865494706113;;219.7104222818045;;;;
2022-03-12 17:00:00;0.0;87.06865494706113;;206.7855511431079;;;;
2022-03-12 18:00:00;0.0;87.06865494706113;;191.8358141041159;;;;
2022-03-12 19:00:00;0.0;87.06865494706113;;175.8734264264854;;;;
2022-03-12 20:00:00;0.0;87.06865494706113;;159.9773706064827;;;;
2022-03-12 21:00:00;0.0;87.06865494706113;;145.2088503722791;;;;
2022-03-12 22:00:00;0.0;87.06865494706113;;132.554717110603;;;;
2022-03-12 23:00:00;0.0;87.06865494706113;;122.0309318451521;;;;
2022-03-13 00:00:00;0.0;87.06865494706113;;115.1262762011883;;;;
2022-03-13 01:00:00;0.0;87.06865494706113;;112.217450056213;;;;
2022-03-13 02:00:00;0.0;87.06865494706113;;114.2388337157721;;;;
2022-03-13 03:00:00;0.0;87.06865494706113;;120.18607113803;;;;
2022-03-13 04:00:00;0.0;87.06865494706113;;129.6647991991941;;;;
2022-03-13 05:00:00;0.0;87.06865494706113;;142.0434202593862;;;;
2022-03-13 06:00:00;0.0;87.06865494706113;;156.5023566642943;;;;
2022-03-13 07:00:00;0.0;87.06865494706113;;172.0897333647321;;;;
2022-03-13 08:00:00;0.0;87.06865494706113;;187.7677631052738;;;;
2022-03-13 09:00:00;0.0;87.06865494706113;;202.4981276810591;;;;
2022-03-13 10:00:00;0.0;87.06865494706113;;215.2977861911854;;;;
2022-03-13 11:00:00;0.0;87.06865494706113;;225.3220004364303;;;;
2022-03-13 12:00:00;0.0;87.06865494706113;;231.9022713695006;;;;
2022-03-13 13:00:00;0.0;87.06865494706113;;234.6039017843061;;;;
2022-03-13 14:00:00;0.0;87.06865494706113;;233.2520016535622;;;;
2022-03-13 15:00:00;0.0;87.06865494706113;;227.9442614888341;;;;
2022-03-13 16:00:00;0.0;87.06865494706113;;219.0507275024815;;;;
2022-03-13 17:00:00;0.0;87.06865494706113;;207.1742297348833;;;;
2022-03-13 18:00:00;0.0;87.06865494706113;;193.1436852421157;;;;
2022-03-13 19:00:00;0.0;87.06865494706113;;177.9337848239866;;;;
2022-03-13 20:00:00;0.0;87.06865494706113;;162.6215215632593;;;;
2022-03-13 21:00:00;0.0;87.06865494706113;;148.2925854890067;;;;
2022-03-13 22:00:00;0.0;87.06865494706113;;135.9750111866687;;;;
2022-03-13 23:00:00;0.0;87.06865494706113;;124.7452680465695;;;;
2022-03-14 00:00:00;0.0;87.06865494706113;;117.1601994074174;;;;
2022-03-14 01:00:00;0.0;87.06865494706113;;113.6065051941495;;;;
2022-03-14 02:00:00;0.0;87.06865494706113;;116.0294844284719;;;;
2022-03-14 03:00:00;0.0;87.06865494706113;;122.4073857697159;;;;
2022-03-14 04:00:00;0.0;87.06865494706113;;132.3612357956442;;;;
2022-03-14 05:00:00;0.0;87.06865494706113;;145.2624695862195;;;;
2022-03-14 06:00:00;0.0;87.06865494706113;;160.2574313684204;;;;
2022-03-14 07:00:00;0.0;87.06865494706113;;176.3469374867559;;;;
2022-03-14 08:00:00;0.0;87.06865494706113;;192.4416775323485;;;;
2022-03-14 09:00:00;0.0;87.06865494706113;;207.4546306516773;;;;
2022-03-14 10:00:00;0.0;87.06865494706113;;220.3581990971025;;;;
2022-03-14 11:00:00;0.0;87.06865494706113;;230.2639202257872;;;;
2022-03-14 12:00:00;0.0;87.06865494706113;;236.4943622269647;;;;
2022-03-14 13:00:00;0.0;87.06865494706113;;238.6174166417301;;;;
2022-03-14 14:00:00;0.0;87.06865494706113;;236.481166288107;;;;
2022-03-14 15:00:00;0.0;87.06865494706113;;230.2149861832227;;;;
2022-03-14 16:00:00;0.0;87.06865494706113;;220.2584543811366;;;;
2022-03-14 17:00:00;0.0;87.06865494706113;;207.2906237389807;;;;
2022-03-14 18:00:00;0.0;87.06865494706113;;192.2143625202553;;;;
2022-03-14 19:00:00;0.0;87.06865494706113;;176.0493357629676;;;;
2022-03-14 20:00:00;0.0;87.06865494706113;;159.8957562751889;;;;
2022-03-14 21:00:00;0.0;87.06865494706113;;144.8296837764251;;;;
2022-03-14 22:00:00;0.0;87.06865494706113;;131.8492566463145;;;;
2022-03-14 23:00:00;0.0;87.06865494706113;;120.3245858305792;;;;
2022-03-15 00:00:00;0.0;87.06865494706113;;112.3852942637356;;;;
2022-03-15 01:00:00;0.0;87.06865494706113;;108.3499026411786;;;;
2022-03-15 02:00:00;0.0;87.06865494706113;;109.7281790060282;;;;
2022-03-15 03:00:00;0.0;87.06865494706113;;114.7718945995121;;;;
2022-03-15 04:00:00;0.0;87.06865494706113;;123.0334327121257;;;;
2022-03-15 05:00:00;0.0;87.06865494706113;;133.8441090504828;;;;
2022-03-15 06:00:00;0.0;87.06865494706113;;146.3749703996173;;;;
2022-03-15 07:00:00;0.0;87.06865494706113;;159.6784091125023;;;;
2022-03-15 08:00:00;0.0;87.06865494706113;;172.7716411052097;;;;
2022-03-15 09:00:00;0.0;87.06865494706113;;184.692646337367;;;;
2022-03-15 10:00:00;0.0;87.06865494706113;;194.5719963482642;;;;
2022-03-15 11:00:00;0.0;87.06865494706113;;201.6946234388607;;;;
2022-03-15 12:00:00;0.0;87.06865494706113;;205.5489297650753;;;;
2022-03-15 13:00:00;0.0;87.06865494706113;;205.8592516541903;;;;
2022-03-15 14:00:00;0.0;87.06865494706113;;202.580156844075;;;;
2022-03-15 15:00:00;0.0;87.06865494706113;;195.9111309778289;;;;
2022-03-15 16:00:00;0.0;87.06865494706113;;186.2814563145639;;;;
2022-03-15 17:00:00;0.0;87.06865494706113;;174.3300410335326;;;;
2022-03-15 18:00:00;0.0;87.06865494706113;;160.826119048336;;;;
2022-03-15 19:00:00;0.0;87.06865494706113;;146.6379336586445;;;;
2022-03-15 20:00:00;0.0;87.06865494706113;;132.6595130323801;;;;
2022-03-15 21:00:00;0.0;87.06865494706113;;119.7713805794913;;;;
2022-03-15 22:00:00;0.0;87.06865494706113;;108.7599602696223;;;;
2022-03-15 23:00:00;0.0;87.06865494706113;;100.1928419318975;;;;
2022-03-16 00:00:00;0.0;87.06865494706113;;94.64438219137836;;;;
2022-03-16 01:00:00;0.0;87.06865494706113;;92.39788366936398;;;;
2022-03-16 02:00:00;0.0;87.06865494706113;;93.60495109369336;;;;
2022-03-16 03:00:00;0.0;87.06865494706113;;98.0191765650236;;;;
2022-03-16 04:00:00;0.0;87.06865494706113;;105.2774069794959;;;;
2022-03-16 05:00:00;0.0;87.06865494706113;;114.8400750360885;;;;
2022-03-16 06:00:00;0.0;87.06865494706113;;126.0192874938515;;;;
2022-03-16 07:00:00;0.0;87.06865494706113;;138.0464785389952;;;;
2022-03-16 08:00:00;0.0;87.06865494706113;;150.0965150247126;;;;
2022-03-16 09:00:00;0.0;87.06865494706113;;161.3477080147031;;;;
2022-03-16 10:00:00;0.0;87.06865494706113;;171.0367963667028;;;;
2022-03-16 11:00:00;0.0;87.06865494706113;;178.5076897740718;;;;
2022-03-16 12:00:00;0.0;87.06865494706113;;183.2697037295453;;;;
2022-03-16 13:00:00;0.0;87.06865494706113;;184.9935044946909;;;;
2022-03-16 14:00:00;0.0;87.06865494706113;;183.5552993312874;;;;
2022-03-16 15:00:00;0.0;87.06865494706113;;179.0589803130553;;;;
2022-03-16 16:00:00;0.0;87.06865494706113;;171.8059005477468;;;;
2022-03-16 17:00:00;0.0;87.06865494706113;;162.2971261004779;;;;
2022-03-16 18:00:00;0.0;87.06865494706113;;151.1641603186941;;;;
2022-03-16 19:00:00;0.0;87.06865494706113;;139.1768689517902;;;;
2022-03-16 20:00:00;0.0;87.06865494706113;;127.156304703624;;;;
2022-03-16 21:00:00;0.0;87.06865494706113;;115.9407868523853;;;;
2022-03-16 22:00:00;0.0;87.06865494706113;;106.3182377455371;;;;
2022-03-16 23:00:00;0.0;87.06865494706113;;100.0624839664304;;;;
2022-03-17 00:00:00;0.0;87.06865494706113;;96.63262378828348;;;;
2022-03-17 01:00:00;0.0;87.06865494706113;;96.42841451316748;;;;
2022-03-17 02:00:00;0.0;87.06865494706113;;98.56294737650914;;;;
2022-03-17 03:00:00;0.0;87.06865494706113;;104.0865887424696;;;;
2022-03-17 04:00:00;0.0;87.06865494706113;;112.6893106909206;;;;
2022-03-17 05:00:00;0.0;87.06865494706113;;123.846282544816;;;;
2022-03-17 06:00:00;0.0;87.06865494706113;;136.8485269442839;;;;
2022-03-17 07:00:00;0.0;87.06865494706113;;150.8535609457792;;;;
2022-03-17 08:00:00;0.0;87.06865494706113;;164.9388410195275;;;;
2022-03-17 09:00:00;0.0;87.06865494706113;;178.1776880254701;;;;
2022-03-17 10:00:00;0.0;87.06865494706113;;189.6879900424703;;;;
2022-03-17 11:00:00;0.0;87.06865494706113;;198.7096765983534;;;;
2022-03-17 12:00:00;0.0;87.06865494706113;;204.6148868643646;;;;
2022-03-17 13:00:00;0.0;87.06865494706113;;206.9998184147384;;;;
2022-03-17 14:00:00;0.0;87.06865494706113;;205.708060007642;;;;
2022-03-17 15:00:00;0.0;87.06865494706113;;200.8400079197193;;;;
2022-03-17 16:00:00;0.0;87.06865494706113;;192.7455881191036;;;;
2022-03-17 17:00:00;0.0;87.06865494706113;;181.9979620719293;;;;
2022-03-17 18:00:00;0.0;87.06865494706113;;169.3434068634531;;;;
2022-03-17 19:00:00;0.0;87.06865494706113;;155.6597492334693;;;;
2022-03-17 20:00:00;0.0;87.06865494706113;;141.8909917198401;;;;
2022-03-17 21:00:00;0.0;87.06865494706113;;129.0096616059162;;;;
2022-03-17 22:00:00;0.0;87.06865494706113;;117.9184939776323;;;;
2022-03-17 23:00:00;0.0;87.06865494706113;;110.8204006024257;;;;
2022-03-18 00:00:00;0.0;87.06865494706113;;106.8387710507574;;;;
2022-03-18 01:00:00;0.0;87.06865494706113;;106.3979794625289;;;;
2022-03-18 02:00:00;0.0;87.06865494706113;;108.2374785826795;;;;
2022-03-18 03:00:00;0.0;87.06865494706113;;113.7343494091046;;;;
2022-03-18 04:00:00;0.0;87.06865494706113;;122.5006061942518;;;;
2022-03-18 05:00:00;0.0;87.06865494706113;;133.9086556530452;;;;
2022-03-18 06:00:00;0.0;87.06865494706113;;147.1642639801856;;;;
2022-03-18 07:00:00;0.0;87.06865494706113;;161.3321208202526;;;;
2022-03-18 08:00:00;0.0;87.06865494706113;;175.4389229671709;;;;
2022-03-18 09:00:00;0.0;87.06865494706113;;188.5116190770252;;;;
2022-03-18 10:00:00;0.0;87.06865494706113;;199.6561429895297;;;;
2022-03-18 11:00:00;0.0;87.06865494706113;;208.0972278113446;;;;
2022-03-18 12:00:00;0.0;87.06865494706113;;213.2559117638851;;;;
2022-03-18 13:00:00;0.0;87.06865494706113;;214.7816379681291;;;;
2022-03-18 14:00:00;0.0;87.06865494706113;;212.5672361752027;;;;
2022-03-18 15:00:00;0.0;87.06865494706113;;206.7598903147991;;;;
2022-03-18 16:00:00;0.0;87.06865494706113;;197.7541337621882;;;;
2022-03-18 17:00:00;0.0;87.06865494706113;;186.1717783577534;;;;
2022-03-18 18:00:00;0.0;87.06865494706113;;172.7889141023375;;;;
2022-03-18 19:00:00;0.0;87.06865494706113;;158.5035347028959;;;;
2022-03-18 20:00:00;0.0;87.06865494706113;;144.2721189496502;;;;
2022-03-18 21:00:00;0.0;87.06865494706113;;131.0566646199939;;;;
2022-03-18 22:00:00;0.0;87.06865494706113;;119.746434011607;;;;
2022-03-18 23:00:00;0.0;87.06865494706113;;111.6695672695901;;;;
2022-03-19 00:00:00;0.0;87.06865494706113;;106.8418551533038;;;;
2022-03-19 01:00:00;0.0;87.06865494706113;;105.6559856442592;;;;
2022-03-19 02:00:00;0.0;87.06865494706113;;107.7087262971791;;;;
2022-03-19 03:00:00;0.0;87.06865494706113;;113.474865313545;;;;
2022-03-19 04:00:00;0.0;87.06865494706113;;122.6085829307948;;;;
2022-03-19 05:00:00;0.0;87.06865494706113;;134.5251046606965;;;;
2022-03-19 06:00:00;0.0;87.06865494706113;;148.4717613629884;;;;
2022-03-19 07:00:00;0.0;87.06865494706113;;163.5446418212752;;;;
2022-03-19 08:00:00;0.0;87.06865494706113;;178.7753529449971;;;;
2022-03-19 09:00:00;0.0;87.06865494706113;;193.1694543684679;;;;
2022-03-19 10:00:00;0.0;87.06865494706113;;205.7839783630931;;;;
2022-03-19 11:00:00;0.0;87.06865494706113;;215.8003793238182;;;;
2022-03-19 12:00:00;0.0;87.06865494706113;;222.566726336414;;;;
2022-03-19 13:00:00;0.0;87.06865494706113;;225.6485858586764;;;;
2022-03-19 14:00:00;0.0;87.06865494706113;;224.8453411690957;;;;
2022-03-19 15:00:00;0.0;87.06865494706113;;220.2196062649191;;;;
2022-03-19 16:00:00;0.0;87.06865494706113;;212.0983776458461;;;;
2022-03-19 17:00:00;0.0;87.06865494706113;;201.0592650358794;;;;
2022-03-19 18:00:00;0.0;87.06865494706113;;187.894015798903;;;;
2022-03-19 19:00:00;0.0;87.06865494706113;;173.5297597687407;;;;
2022-03-19 20:00:00;0.0;87.06865494706113;;158.993605851908;;;;
2022-03-19 21:00:00;0.0;87.06865494706113;;145.3456315188363;;;;
2022-03-19 22:00:00;0.0;87.06865494706113;;133.6097501996321;;;;
2022-03-19 23:00:00;0.0;87.06865494706113;;123.824536762593;;;;
2022-03-20 00:00:00;0.0;87.06865494706113;;117.5732373075981;;;;
2022-03-20 01:00:00;0.0;87.06865494706113;;115.3024268932908;;;;
2022-03-20 02:00:00;0.0;87.06865494706113;;118.0510446578047;;;;
2022-03-20 03:00:00;0.0;87.06865494706113;;124.8411072992923;;;;
2022-03-20 04:00:00;0.0;87.06865494706113;;135.3160609209608;;;;
2022-03-20 05:00:00;0.0;87.06865494706113;;148.8574366190007;;;;
2022-03-20 06:00:00;0.0;87.06865494706113;;164.6155965902963;;;;
2022-03-20 07:00:00;0.0;87.06865494706113;;181.5672916002116;;;;
2022-03-20 08:00:00;0.0;87.06865494706113;;198.5950298453956;;;;
2022-03-20 09:00:00;0.0;87.06865494706113;;214.5650990364667;;;;
2022-03-20 10:00:00;0.0;87.06865494706113;;228.4150409314046;;;;
2022-03-20 11:00:00;0.0;87.06865494706113;;239.2100847269634;;;;
2022-03-20 12:00:00;0.0;87.06865494706113;;246.2118933927462;;;;
2022-03-20 13:00:00;0.0;87.06865494706113;;248.9412864450471;;;;
2022-03-20 14:00:00;0.0;87.06865494706113;;247.2169275230475;;;;
2022-03-20 15:00:00;0.0;87.06865494706113;;241.1746893945268;;;;
2022-03-20 16:00:00;0.0;87.06865494706113;;231.2478302709235;;;;
2022-03-20 17:00:00;0.0;87.06865494706113;;218.1187031557888;;;;
2022-03-20 18:00:00;0.0;87.06865494706113;;202.7017381801504;;;;
2022-03-20 19:00:00;0.0;87.06865494706113;;186.0594954840592;;;;
2022-03-20 20:00:00;0.0;87.06865494706113;;169.3515415046585;;;;
2022-03-20 21:00:00;0.0;87.06865494706113;;153.7243932738678;;;;
2022-03-20 22:00:00;0.0;87.06865494706113;;140.2457993023953;;;;
2022-03-20 23:00:00;0.0;87.06865494706113;;127.9581694353633;;;;
2022-03-21 00:00:00;0.0;87.06865494706113;;119.4574277373578;;;;
2022-03-21 01:00:00;0.0;87.06865494706113;;115.0925894211513;;;;
2022-03-21 02:00:00;0.0;87.06865494706113;;116.7850241398641;;;;
2022-03-21 03:00:00;0.0;87.06865494706113;;122.3821345443994;;;;
2022-03-21 04:00:00;0.0;87.06865494706113;;131.4327556946832;;;;
2022-03-21 05:00:00;0.0;87.06865494706113;;143.24521725509;;;;
2022-03-21 06:00:00;0.0;87.06865494706113;;156.9454252229257;;;;
2022-03-21 07:00:00;0.0;87.06865494706113;;171.5179974047307;;;;
2022-03-21 08:00:00;0.0;87.06865494706113;;185.9000625373813;;;;
2022-03-21 09:00:00;0.0;87.06865494706113;;199.0488863549678;;;;
2022-03-21 10:00:00;0.0;87.06865494706113;;210.031166361063;;;;
2022-03-21 11:00:00;0.0;87.06865494706113;;218.065190788008;;;;
2022-03-21 12:00:00;0.0;87.06865494706113;;222.5760444223891;;;;
2022-03-21 13:00:00;0.0;87.06865494706113;;223.2322622978704;;;;
2022-03-21 14:00:00;0.0;87.06865494706113;;219.981363302041;;;;
2022-03-21 15:00:00;0.0;87.06865494706113;;213.0239519001015;;;;
2022-03-21 16:00:00;0.0;87.06865494706113;;202.8273382004436;;;;
2022-03-21 17:00:00;0.0;87.06865494706113;;190.0477841203015;;;;
2022-03-21 18:00:00;0.0;87.06865494706113;;175.5232350266144;;;;
2022-03-21 19:00:00;0.0;87.06865494706113;;160.1941768398267;;;;
2022-03-21 20:00:00;0.0;87.06865494706113;;145.0494760490961;;;;
2022-03-21 21:00:00;0.0;87.06865494706113;;131.0490785694022;;;;
2022-03-21 22:00:00;0.0;87.06865494706113;;119.0711798923416;;;;
2022-03-21 23:00:00;0.0;87.06865494706113;;108.5077950090131;;;;
2022-03-22 00:00:00;0.0;87.06865494706113;;101.2697947378821;;;;
2022-03-22 01:00:00;0.0;87.06865494706113;;97.61395185205193;;;;
2022-03-22 02:00:00;0.0;87.06865494706113;;98.90836712336758;;;;
2022-03-22 03:00:00;0.0;87.06865494706113;;103.5762313555738;;;;
2022-03-22 04:00:00;0.0;87.06865494706113;;111.2363323318428;;;;
2022-03-22 05:00:00;0.0;87.06865494706113;;121.3203187173114;;;;
2022-03-22 06:00:00;0.0;87.06865494706113;;133.1000955216852;;;;
2022-03-22 07:00:00;0.0;87.06865494706113;;145.7482901202296;;;;
2022-03-22 08:00:00;0.0;87.06865494706113;;158.3739041381547;;;;
2022-03-22 09:00:00;0.0;87.06865494706113;;170.1142502200101;;;;
2022-03-22 10:00:00;0.0;87.06865494706113;;180.1636408680292;;;;
2022-03-22 11:00:00;0.0;87.06865494706113;;187.8459198084792;;;;
2022-03-22 12:00:00;0.0;87.06865494706113;;192.6329170528087;;;;
2022-03-22 13:00:00;0.0;87.06865494706113;;194.1991437897811;;;;
2022-03-22 14:00:00;0.0;87.06865494706113;;192.4355863435993;;;;
2022-03-22 15:00:00;0.0;87.06865494706113;;187.4498246204822;;;;
2022-03-22 16:00:00;0.0;87.06865494706113;;179.5841350890219;;;;
2022-03-22 17:00:00;0.0;87.06865494706113;;169.3574875426182;;;;
2022-03-22 18:00:00;0.0;87.06865494706113;;157.4640632908223;;;;
2022-03-22 19:00:00;0.0;87.06865494706113;;144.6995187197002;;;;
2022-03-22 20:00:00;0.0;87.06865494706113;;131.9380584085252;;;;
2022-03-22 21:00:00;0.0;87.06865494706113;;120.0511383096987;;;;
2022-03-22 22:00:00;0.0;87.06865494706113;;109.8588224232521;;;;
2022-03-22 23:00:00;0.0;87.06865494706113;;101.9637028421148;;;;
2022-03-23 00:00:00;0.0;87.06865494706113;;97.02001992711166;;;;
2022-03-23 01:00:00;0.0;87.06865494706113;;95.37344047377934;;;;
2022-03-23 02:00:00;0.0;87.06865494706113;;97.25632357080292;;;;
2022-03-23 03:00:00;0.0;87.06865494706113;;102.4655413370131;;;;
2022-03-23 04:00:00;0.0;87.06865494706113;;110.6685938328038;;;;
2022-03-23 05:00:00;0.0;87.06865494706113;;121.3306644557703;;;;
2022-03-23 06:00:00;0.0;87.06865494706113;;133.7340770542558;;;;
2022-03-23 07:00:00;0.0;87.06865494706113;;147.0509256312434;;;;
2022-03-23 08:00:00;0.0;87.06865494706113;;160.3662024211814;;;;
2022-03-23 09:00:00;0.0;87.06865494706113;;172.7884961222797;;;;
2022-03-23 10:00:00;0.0;87.06865494706113;;183.4742403755063;;;;
2022-03-23 11:00:00;0.0;87.06865494706113;;191.6906633870337;;;;
2022-03-23 12:00:00;0.0;87.06865494706113;;196.8643700264736;;;;
2022-03-23 13:00:00;0.0;87.06865494706113;;198.6203308940695;;;;
2022-03-23 14:00:00;0.0;87.06865494706113;;196.8611368704581;;;;
2022-03-23 15:00:00;0.0;87.06865494706113;;191.7001885025076;;;;
2022-03-23 16:00:00;0.0;87.06865494706113;;183.4985950882576;;;;
2022-03-23 17:00:00;0.0;87.06865494706113;;172.8058208598223;;;;
2022-03-23 18:00:00;0.0;87.06865494706113;;160.3611426039458;;;;
2022-03-23 19:00:00;0.0;87.06865494706113;;147.0101947285894;;;;
2022-03-23 20:00:00;0.0;87.06865494706113;;133.6613452945527;;;;
2022-03-23 21:00:00;0.0;87.06865494706113;;121.2091870083672;;;;
2022-03-23 22:00:00;0.0;87.06865494706113;;110.4922909245599;;;;
2022-03-23 23:00:00;0.0;87.06865494706113;;103.3084121427508;;;;
2022-03-24 00:00:00;0.0;87.06865494706113;;99.075168909427;;;;
2022-03-24 01:00:00;0.0;87.06865494706113;;98.1552362152961;;;;
2022-03-24 02:00:00;0.0;87.06865494706113;;99.5769183728035;;;;
2022-03-24 03:00:00;0.0;87.06865494706113;;104.3488894571637;;;;
2022-03-24 04:00:00;0.0;87.06865494706113;;112.0856467586063;;;;
2022-03-24 05:00:00;0.0;87.06865494706113;;122.2026308366228;;;;
2022-03-24 06:00:00;0.0;87.06865494706113;;133.953701055119;;;;
2022-03-24 07:00:00;0.0;87.06865494706113;;146.4895464190056;;;;
2022-03-24 08:00:00;0.0;87.06865494706113;;158.9189745257056;;;;
2022-03-24 09:00:00;0.0;87.06865494706113;;170.3533786338611;;;;
2022-03-24 10:00:00;0.0;87.06865494706113;;179.9895525754673;;;;
2022-03-24 11:00:00;0.0;87.06865494706113;;187.1544750721682;;;;
2022-03-24 12:00:00;0.0;87.06865494706113;;191.3486967799251;;;;
2022-03-24 13:00:00;0.0;87.06865494706113;;192.2799066971471;;;;
2022-03-24 14:00:00;0.0;87.06865494706113;;189.8788997781218;;;;
2022-03-24 15:00:00;0.0;87.06865494706113;;184.3032521668515;;;;
2022-03-24 16:00:00;0.0;87.06865494706113;;175.9271695284364;;;;
2022-03-24 17:00:00;0.0;87.06865494706113;;165.303466948729;;;;
2022-03-24 18:00:00;0.0;87.06865494706113;;153.1318292549303;;;;
2022-03-24 19:00:00;0.0;87.06865494706113;;140.2190371377544;;;;
2022-03-24 20:00:00;0.0;87.06865494706113;;127.4129981745694;;;;
2022-03-24 21:00:00;0.0;87.06865494706113;;115.5597801996934;;;;
2022-03-24 22:00:00;0.0;87.06865494706113;;105.427724454114;;;;
2022-03-24 23:00:00;0.0;87.06865494706113;;98.95478648116536;;;;
2022-03-25 00:00:00;0.0;87.06865494706113;;95.35090564586542;;;;
2022-03-25 01:00:00;0.0;87.06865494706113;;94.97567165714209;;;;
2022-03-25 02:00:00;0.0;87.06865494706113;;96.71236252534756;;;;
2022-03-25 03:00:00;0.0;87.06865494706113;;101.7990448794707;;;;
2022-03-25 04:00:00;0.0;87.06865494706113;;109.9114453563797;;;;
2022-03-25 05:00:00;0.0;87.06865494706113;;120.5262383316165;;;;
2022-03-25 06:00:00;0.0;87.06865494706113;;132.9581249560279;;;;
2022-03-25 07:00:00;0.0;87.06865494706113;;146.4107092853069;;;;
2022-03-25 08:00:00;0.0;87.06865494706113;;160.0202791059178;;;;
2022-03-25 09:00:00;0.0;87.06865494706113;;172.8953540865475;;;;
2022-03-25 10:00:00;0.0;87.06865494706113;;184.2111858095564;;;;
2022-03-25 11:00:00;0.0;87.06865494706113;;193.2258644852856;;;;
2022-03-25 12:00:00;0.0;87.06865494706113;;199.3639043497327;;;;
2022-03-25 13:00:00;0.0;87.06865494706113;;202.2143200069907;;;;
2022-03-25 14:00:00;0.0;87.06865494706113;;201.6022377005469;;;;
2022-03-25 15:00:00;0.0;87.06865494706113;;197.5868208269558;;;;
2022-03-25 16:00:00;0.0;87.06865494706113;;190.4511643309692;;;;
2022-03-25 17:00:00;0.0;87.06865494706113;;180.6994600093284;;;;
2022-03-25 18:00:00;0.0;87.06865494706113;;169.0212869873842;;;;
2022-03-25 19:00:00;0.0;87.06865494706113;;156.2541597544723;;;;
2022-03-25 20:00:00;0.0;87.06865494706113;;143.32548610249;;;;
2022-03-25 21:00:00;0.0;87.06865494706113;;131.1827487363025;;;;
2022-03-25 22:00:00;0.0;87.06865494706113;;120.7474801436306;;;;
2022-03-25 23:00:00;0.0;87.06865494706113;;113.3980238406399;;;;
2022-03-26 00:00:00;0.0;87.06865494706113;;109.2229634482205;;;;
2022-03-26 01:00:00;0.0;87.06865494706113;;108.6876249738591;;;;
2022-03-26 02:00:00;0.0;87.06865494706113;;111.4579143171181;;;;
2022-03-26 03:00:00;0.0;87.06865494706113;;118.0700117867467;;;;
2022-03-26 04:00:00;0.0;87.06865494706113;;128.2030873930849;;;;
2022-03-26 05:00:00;0.0;87.06865494706113;;141.2742008905109;;;;
2022-03-26 06:00:00;0.0;87.06865494706113;;156.4966354255421;;;;
2022-03-26 07:00:00;0.0;87.06865494706113;;172.9151408946541;;;;
2022-03-26 08:00:00;0.0;87.06865494706113;;189.4807966890021;;;;
2022-03-26 09:00:00;0.0;87.06865494706113;;205.1126557509307;;;;
2022-03-26 10:00:00;0.0;87.06865494706113;;218.7792651299381;;;;
2022-03-26 11:00:00;0.0;87.06865494706113;;229.569253306449;;;;
2022-03-26 12:00:00;0.0;87.06865494706113;;236.7595516140873;;;;
2022-03-26 13:00:00;0.0;87.06865494706113;;239.8719661408747;;;;
2022-03-26 14:00:00;0.0;87.06865494706113;;238.7128572287475;;;;
2022-03-26 15:00:00;0.0;87.06865494706113;;233.3689988249281;;;;
2022-03-26 16:00:00;0.0;87.06865494706113;;224.2226769150218;;;;
2022-03-26 17:00:00;0.0;87.06865494706113;;211.9183026067492;;;;
2022-03-26 18:00:00;0.0;87.06865494706113;;197.3368256010756;;;;
2022-03-26 19:00:00;0.0;87.06865494706113;;181.5100486471397;;;;
2022-03-26 20:00:00;0.0;87.06865494706113;;165.5588911000097;;;;
2022-03-26 21:00:00;0.0;87.06865494706113;;150.6036466101921;;;;
2022-03-26 22:00:00;0.0;87.06865494706113;;137.6999116168232;;;;
2022-03-26 23:00:00;0.0;87.06865494706113;;126.8692262977518;;;;
2022-03-27 00:00:00;0.0;87.06865494706113;;119.710380152886;;;;
2022-03-27 01:00:00;0.0;87.06865494706113;;116.6258439486195;;;;
2022-03-27 02:00:00;0.0;87.06865494706113;;118.6165706788028;;;;
2022-03-27 03:00:00;0.0;87.06865494706113;;124.5942098259958;;;;
2022-03-27 04:00:00;0.0;87.06865494706113;;134.1243020846329;;;;
2022-03-27 05:00:00;0.0;87.06865494706113;;146.5205435465471;;;;
2022-03-27 06:00:00;0.0;87.06865494706113;;160.9040684270862;;;;
2022-03-27 07:00:00;0.0;87.06865494706113;;176.2596407757974;;;;
2022-03-27 08:00:00;0.0;87.06865494706113;;191.4920463761774;;;;
2022-03-27 09:00:00;0.0;87.06865494706113;;205.5332535239725;;;;
2022-03-27 10:00:00;0.0;87.06865494706113;;217.3858797717316;;;;
2022-03-27 11:00:00;0.0;87.06865494706113;;226.2292293068001;;;;
2022-03-27 12:00:00;0.0;87.06865494706113;;231.4463123935454;;;;
2022-03-27 13:00:00;0.0;87.06865494706113;;232.6745711806725;;;;
2022-03-27 14:00:00;0.0;87.06865494706113;;229.829522107438;;;;
2022-03-27 15:00:00;0.0;87.06865494706113;;223.0855389610118;;;;
2022-03-27 16:00:00;0.0;87.06865494706113;;212.9006431330694;;;;
2022-03-27 17:00:00;0.0;87.06865494706113;;199.952145215205;;;;
2022-03-27 18:00:00;0.0;87.06865494706113;;185.0990978760804;;;;
2022-03-27 19:00:00;0.0;87.06865494706113;;169.3333832563338;;;;
2022-03-27 20:00:00;0.0;87.06865494706113;;153.6827229840187;;;;
2022-03-27 21:00:00;0.0;87.06865494706113;;139.1808198762014;;;;
2022-03-27 22:00:00;0.0;87.06865494706113;;126.7582514319394;;;;
2022-03-27 23:00:00;0.0;87.06865494706113;;115.5155569023871;;;;
2022-03-28 00:00:00;0.0;87.06865494706113;;107.7776401072462;;;;
2022-03-28 01:00:00;0.0;87.06865494706113;;103.8396676784814;;;;
2022-03-28 02:00:00;0.0;87.06865494706113;;105.4412364200685;;;;
2022-03-28 03:00:00;0.0;87.06865494706113;;110.6451411190771;;;;
2022-03-28 04:00:00;0.0;87.06865494706113;;119.0645639938517;;;;
2022-03-28 05:00:00;0.0;87.06865494706113;;130.1033040320859;;;;
2022-03-28 06:00:00;0.0;87.06865494706113;;142.9823224200687;;;;
2022-03-28 07:00:00;0.0;87.06865494706113;;156.8225343918722;;;;
2022-03-28 08:00:00;0.0;87.06865494706113;;170.6805845184052;;;;
2022-03-28 09:00:00;0.0;87.06865494706113;;183.6159191779795;;;;
2022-03-28 10:00:00;0.0;87.06865494706113;;194.7440299967721;;;;
2022-03-28 11:00:00;0.0;87.06865494706113;;203.3092352868339;;;;
2022-03-28 12:00:00;0.0;87.06865494706113;;208.7330506775065;;;;
2022-03-28 13:00:00;0.0;87.06865494706113;;210.6501433551863;;;;
2022-03-28 14:00:00;0.0;87.06865494706113;;208.9274746459687;;;;
2022-03-28 15:00:00;0.0;87.06865494706113;;203.6785316293184;;;;
2022-03-28 16:00:00;0.0;87.06865494706113;;195.2643219555521;;;;
2022-03-28 17:00:00;0.0;87.06865494706113;;184.2560916261075;;;;
2022-03-28 18:00:00;0.0;87.06865494706113;;171.40573017201;;;;
2022-03-28 19:00:00;0.0;87.06865494706113;;157.5824585747549;;;;
2022-03-28 20:00:00;0.0;87.06865494706113;;143.7346197333586;;;;
2022-03-28 21:00:00;0.0;87.06865494706113;;130.8146873760944;;;;
2022-03-28 22:00:00;0.0;87.06865494706113;;119.7184938579076;;;;
2022-03-28 23:00:00;0.0;87.06865494706113;;109.8483616954613;;;;
2022-03-29 00:00:00;0.0;87.06865494706113;;103.2052243435514;;;;
2022-03-29 01:00:00;0.0;87.06865494706113;;100.1263477270571;;;;
2022-03-29 02:00:00;0.0;87.06865494706113;;102.0773894043868;;;;
2022-03-29 03:00:00;0.0;87.06865494706113;;107.5045958311911;;;;
2022-03-29 04:00:00;0.0;87.06865494706113;;116.0523483099456;;;;
2022-03-29 05:00:00;0.0;87.06865494706113;;127.153726614432;;;;
2022-03-29 06:00:00;0.0;87.06865494706113;;140.0629031410702;;;;
2022-03-29 07:00:00;0.0;87.06865494706113;;153.8964030830919;;;;
2022-03-29 08:00:00;0.0;87.06865494706113;;167.7135346902101;;;;
2022-03-29 09:00:00;0.0;87.06865494706113;;180.5593441389989;;;;
2022-03-29 10:00:00;0.0;87.06865494706113;;191.5547406140414;;;;
2022-03-29 11:00:00;0.0;87.06865494706113;;199.9230013324397;;;;
2022-03-29 12:00:00;0.0;87.06865494706113;;205.0938705689499;;;;
2022-03-29 13:00:00;0.0;87.06865494706113;;206.7036069686043;;;;
2022-03-29 14:00:00;0.0;87.06865494706113;;204.6502976005809;;;;
2022-03-29 15:00:00;0.0;87.06865494706113;;199.0503076320685;;;;
2022-03-29 16:00:00;0.0;87.06865494706113;;190.2852490505144;;;;
2022-03-29 17:00:00;0.0;87.06865494706113;;178.9492887535071;;;;
2022-03-29 18:00:00;0.0;87.06865494706113;;165.8200582026146;;;;
2022-03-29 19:00:00;0.0;87.06865494706113;;151.7854093813336;;;;
2022-03-29 20:00:00;0.0;87.06865494706113;;137.7807334452238;;;;
2022-03-29 21:00:00;0.0;87.06865494706113;;124.735224291387;;;;
2022-03-29 22:00:00;0.0;87.06865494706113;;113.5036662082319;;;;
2022-03-29 23:00:00;0.0;87.06865494706113;;104.6950280173085;;;;
2022-03-30 00:00:00;0.0;87.06865494706113;;98.9588407631876;;;;
2022-03-30 01:00:00;0.0;87.06865494706113;;96.602420108013;;;;
2022-03-30 02:00:00;0.0;87.06865494706113;;97.80815367070228;;;;
2022-03-30 03:00:00;0.0;87.06865494706113;;102.2833881447618;;;;
2022-03-30 04:00:00;0.0;87.06865494706113;;109.6337899649836;;;;
2022-03-30 05:00:00;0.0;87.06865494706113;;119.2678922705179;;;;
2022-03-30 06:00:00;0.0;87.06865494706113;;130.4464575262905;;;;
2022-03-30 07:00:00;0.0;87.06865494706113;;142.3335156141824;;;;
2022-03-30 08:00:00;0.0;87.06865494706113;;154.0506731842921;;;;
2022-03-30 09:00:00;0.0;87.06865494706113;;164.7469798888765;;;;
2022-03-30 10:00:00;0.0;87.06865494706113;;173.6389176539348;;;;
2022-03-30 11:00:00;0.0;87.06865494706113;;180.0934854596437;;;;
2022-03-30 12:00:00;0.0;87.06865494706113;;183.6555970571549;;;;
2022-03-30 13:00:00;0.0;87.06865494706113;;184.0686153370551;;;;
2022-03-30 14:00:00;0.0;87.06865494706113;;181.286032861144;;;;
2022-03-30 15:00:00;0.0;87.06865494706113;;175.4848761356012;;;;
2022-03-30 16:00:00;0.0;87.06865494706113;;167.0465794616169;;;;
2022-03-30 17:00:00;0.0;87.06865494706113;;156.5197969046208;;;;
2022-03-30 18:00:00;0.0;87.06865494706113;;144.5799785063271;;;;
2022-03-30 19:00:00;0.0;87.06865494706113;;132.0076268715245;;;;
2022-03-30 20:00:00;0.0;87.06865494706113;;119.6115740577965;;;;
2022-03-30 21:00:00;0.0;87.06865494706113;;108.1728455795131;;;;
2022-03-30 22:00:00;0.0;87.06865494706113;;98.40149180019203;;;;
2022-03-30 23:00:00;0.0;87.06865494706113;;91.86449898381828;;;;
2022-03-31 00:00:00;0.0;87.06865494706113;;88.0304890551655;;;;
2022-03-31 01:00:00;0.0;87.06865494706113;;87.20567648455288;;;;
2022-03-31 02:00:00;0.0;87.06865494706113;;88.53664893730448;;;;
2022-03-31 03:00:00;0.0;87.06865494706113;;92.92086206629811;;;;
2022-03-31 04:00:00;0.0;87.06865494706113;;100.0390916532419;;;;
2022-03-31 05:00:00;0.0;87.06865494706113;;109.3996154716218;;;;
2022-03-31 06:00:00;0.0;87.06865494706113;;120.3672329613955;;;;
2022-03-31 07:00:00;0.0;87.06865494706113;;132.2120342252526;;;;
2022-03-31 08:00:00;0.0;87.06865494706113;;144.1421610510701;;;;
2022-03-31 09:00:00;0.0;87.06865494706113;;155.3699341558025;;;;
2022-03-31 10:00:00;0.0;87.06865494706113;;165.1577662066938;;;;
2022-03-31 11:00:00;0.0;87.06865494706113;;172.8623547798397;;;;
2022-03-31 12:00:00;0.0;87.06865494706113;;177.9837224310197;;;;
2022-03-31 13:00:00;0.0;87.06865494706113;;180.1715704779705;;;;
2022-03-31 14:00:00;0.0;87.06865494706113;;179.2983092827252;;;;
2022-03-31 15:00:00;0.0;87.06865494706113;;175.419453823692;;;;
2022-03-31 16:00:00;0.0;87.06865494706113;;168.8095004301956;;;;
2022-03-31 17:00:00;0.0;87.06865494706113;;159.9209033292917;;;;
2022-03-31 18:00:00;0.0;87.06865494706113;;149.3763219386596;;;;
2022-03-31 19:00:00;0.0;87.06865494706113;;137.9189481722615;;;;
2022-03-31 20:00:00;0.0;87.06865494706113;;126.3556833816877;;;;
2022-03-31 21:00:00;0.0;87.06865494706113;;115.5305697030878;;;;
2022-03-31 22:00:00;0.0;87.06865494706113;;106.2368715893099;;;;
2022-03-31 23:00:00;0.0;87.06865494706113;;100.4901507166852;;;;
2022-04-01 00:00:00;0.0;87.06865494706113;;97.5353421213342;;;;
2022-04-01 01:00:00;0.0;87.06865494706113;;97.81363479434808;;;;
2022-04-01 02:00:00;0.0;87.06865494706113;;100.2460999196444;;;;
2022-04-01 03:00:00;0.0;87.06865494706113;;106.1370770952424;;;;
2022-04-01 04:00:00;0.0;87.06865494706113;;115.1918997752962;;;;
2022-04-01 05:00:00;0.0;87.06865494706113;;126.8964749695893;;;;
2022-04-01 06:00:00;0.0;87.06865494706113;;140.538393590058;;;;
2022-04-01 07:00:00;0.0;87.06865494706113;;155.2603625383033;;;;
2022-04-01 08:00:00;0.0;87.06865494706113;;170.1175974128397;;;;
2022-04-01 09:00:00;0.0;87.06865494706113;;184.1460201889986;;;;
2022-04-01 10:00:00;0.0;87.06865494706113;;196.4277600449106;;;;
2022-04-01 11:00:00;0.0;87.06865494706113;;206.1428362145189;;;;
2022-04-01 12:00:00;0.0;87.06865494706113;;212.6422368899444;;;;
2022-04-01 13:00:00;0.0;87.06865494706113;;215.4976013274115;;;;
2022-04-01 14:00:00;0.0;87.06865494706113;;214.5266923871085;;;;
2022-04-01 15:00:00;0.0;87.06865494706113;;209.8270292023968;;;;
2022-04-01 16:00:00;0.0;87.06865494706113;;201.7151661309295;;;;
2022-04-01 17:00:00;0.0;87.06865494706113;;190.7758538430365;;;;
2022-04-01 18:00:00;0.0;87.06865494706113;;177.7712142747141;;;;
2022-04-01 19:00:00;0.0;87.06865494706113;;163.6359072279408;;;;
2022-04-01 20:00:00;0.0;87.06865494706113;;149.3703833730187;;;;
2022-04-01 21:00:00;0.0;87.06865494706113;;135.9920677766609;;;;
2022-04-01 22:00:00;0.0;87.06865494706113;;124.4564234426325;;;;
2022-04-01 23:00:00;0.0;87.06865494706113;;116.1526987670333;;;;
2022-04-02 00:00:00;0.0;87.06865494706113;;111.1378417488617;;;;
2022-04-02 01:00:00;0.0;87.06865494706113;;109.8362166179469;;;;
2022-04-02 02:00:00;0.0;87.06865494706113;;111.8443784171562;;;;
2022-04-02 03:00:00;0.0;87.06865494706113;;117.6282573584789;;;;
2022-04-02 04:00:00;0.0;87.06865494706113;;126.7924132218169;;;;
2022-04-02 05:00:00;0.0;87.06865494706113;;138.7019705909323;;;;
2022-04-02 06:00:00;0.0;87.06865494706113;;152.5350554393479;;;;
2022-04-02 07:00:00;0.0;87.06865494706113;;167.3357431720624;;;;
2022-04-02 08:00:00;0.0;87.06865494706113;;182.0788644666055;;;;
2022-04-02 09:00:00;0.0;87.06865494706113;;195.7437837770984;;;;
2022-04-02 10:00:00;0.0;87.06865494706113;;207.391523343883;;;;
2022-04-02 11:00:00;0.0;87.06865494706113;;216.2150950095839;;;;
2022-04-02 12:00:00;0.0;87.06865494706113;;221.6181023479552;;;;
2022-04-02 13:00:00;0.0;87.06865494706113;;223.215079302825;;;;
2022-04-02 14:00:00;0.0;87.06865494706113;;220.9035937683236;;;;
2022-04-02 15:00:00;0.0;87.06865494706113;;214.842950873063;;;;
2022-04-02 16:00:00;0.0;87.06865494706113;;205.4453679562657;;;;
2022-04-02 17:00:00;0.0;87.06865494706113;;193.3454617368417;;;;
2022-04-02 18:00:00;0.0;87.06865494706113;;179.3550295535963;;;;
2022-04-02 19:00:00;0.0;87.06865494706113;;164.4297385658764;;;;
2022-04-02 20:00:00;0.0;87.06865494706113;;149.5696596948199;;;;
2022-04-02 21:00:00;0.0;87.06865494706113;;135.7621135446263;;;;
2022-04-02 22:00:00;0.0;87.06865494706113;;123.9348209097871;;;;
2022-04-02 23:00:00;0.0;87.06865494706113;;114.0762225937609;;;;
2022-04-03 00:00:00;0.0;87.06865494706113;;107.6046965744157;;;;
2022-04-03 01:00:00;0.0;87.06865494706113;;104.8636025857413;;;;
2022-04-03 02:00:00;0.0;87.06865494706113;;106.7536291940313;;;;
2022-04-03 03:00:00;0.0;87.06865494706113;;112.3083572765135;;;;
2022-04-03 04:00:00;0.0;87.06865494706113;;121.1595642304167;;;;
2022-04-03 05:00:00;0.0;87.06865494706113;;132.7218313941496;;;;
2022-04-03 06:00:00;0.0;87.06865494706113;;146.2282093556591;;;;
2022-04-03 07:00:00;0.0;87.06865494706113;;160.7827492306378;;;;
2022-04-03 08:00:00;0.0;87.06865494706113;;175.4221039386309;;;;
2022-04-03 09:00:00;0.0;87.06865494706113;;189.1795012221741;;;;
2022-04-03 10:00:00;0.0;87.06865494706113;;201.1455083793841;;;;
2022-04-03 11:00:00;0.0;87.06865494706113;;210.5186047124616;;;;
2022-04-03 12:00:00;0.0;87.06865494706113;;216.6736565471588;;;;
2022-04-03 13:00:00;0.0;87.06865494706113;;219.1967772481974;;;;
2022-04-03 14:00:00;0.0;87.06865494706113;;217.9220363452818;;;;
2022-04-03 15:00:00;0.0;87.06865494706113;;212.9463736995747;;;;
2022-04-03 16:00:00;0.0;87.06865494706113;;204.6127507160174;;;;
2022-04-03 17:00:00;0.0;87.06865494706113;;193.5121678955397;;;;
2022-04-03 18:00:00;0.0;87.06865494706113;;180.4045538678226;;;;
2022-04-03 19:00:00;0.0;87.06865494706113;;166.2059972188842;;;;
2022-04-03 20:00:00;0.0;87.06865494706113;;151.9099306937119;;;;
2022-04-03 21:00:00;0.0;87.06865494706113;;138.5330888280499;;;;
2022-04-03 22:00:00;0.0;87.06865494706113;;127.0347713142739;;;;
2022-04-03 23:00:00;0.0;87.06865494706113;;116.5235485435519;;;;
2022-04-04 00:00:00;0.0;87.06865494706113;;109.4109818342488;;;;
2022-04-04 01:00:00;0.0;87.06865494706113;;106.0672664449913;;;;
2022-04-04 02:00:00;0.0;87.06865494706113;;108.3270573742477;;;;
2022-04-04 03:00:00;0.0;87.06865494706113;;114.2777289467629;;;;
2022-04-04 04:00:00;0.0;87.06865494706113;;123.5636217145463;;;;
2022-04-04 05:00:00;0.0;87.06865494706113;;135.5932034673055;;;;
2022-04-04 06:00:00;0.0;87.06865494706113;;149.5775639181743;;;;
2022-04-04 07:00:00;0.0;87.06865494706113;;164.5802478257583;;;;
2022-04-04 08:00:00;0.0;87.06865494706113;;179.5925074120612;;;;
2022-04-04 09:00:00;0.0;87.06865494706113;;193.5966834800394;;;;
2022-04-04 10:00:00;0.0;87.06865494706113;;205.6280475335007;;;;
2022-04-04 11:00:00;0.0;87.06865494706113;;214.8537882925251;;;;
2022-04-04 12:00:00;0.0;87.06865494706113;;220.6393599895906;;;;
2022-04-04 13:00:00;0.0;87.06865494706113;;222.5965792805903;;;;
2022-04-04 14:00:00;0.0;87.06865494706113;;220.5939506751951;;;;
2022-04-04 15:00:00;0.0;87.06865494706113;;214.7526435630112;;;;
2022-04-04 16:00:00;0.0;87.06865494706113;;205.4732322964153;;;;
2022-04-04 17:00:00;0.0;87.06865494706113;;193.3931841434486;;;;
2022-04-04 18:00:00;0.0;87.06865494706113;;179.3422259261777;;;;
2022-04-04 19:00:00;0.0;87.06865494706113;;164.2707687351154;;;;
2022-04-04 20:00:00;0.0;87.06865494706113;;149.1922568160993;;;;
2022-04-04 21:00:00;0.0;87.06865494706113;;135.1295487983912;;;;
2022-04-04 22:00:00;0.0;87.06865494706113;;123.0196144544071;;;;
2022-04-04 23:00:00;0.0;87.06865494706113;;112.2481820396432;;;;
2022-04-05 00:00:00;0.0;87.06865494706113;;104.8211679040385;;;;
2022-04-05 01:00:00;0.0;87.06865494706113;;101.0280279091317;;;;
2022-04-05 02:00:00;0.0;87.06865494706113;;102.3078462637187;;;;
2022-04-05 03:00:00;0.0;87.06865494706113;;107.0056850569157;;;;
2022-04-05 04:00:00;0.0;87.06865494706113;;114.7058781132483;;;;
2022-04-05 05:00:00;0.0;87.06865494706113;;124.7886095867622;;;;
2022-04-05 06:00:00;0.0;87.06865494706113;;136.470646525551;;;;
2022-04-05 07:00:00;0.0;87.06865494706113;;148.8775180925663;;;;
2022-04-05 08:00:00;0.0;87.06865494706113;;161.0848426150232;;;;
2022-04-05 09:00:00;0.0;87.06865494706113;;172.2066457604481;;;;
2022-04-05 10:00:00;0.0;87.06865494706113;;181.4238085229135;;;;
2022-04-05 11:00:00;0.0;87.06865494706113;;188.0764486798147;;;;
2022-04-05 12:00:00;0.0;87.06865494706113;;191.6710326408054;;;;
2022-04-05 13:00:00;0.0;87.06865494706113;;191.955880284279;;;;
2022-04-05 14:00:00;0.0;87.06865494706113;;188.8860305236438;;;;
2022-04-05 15:00:00;0.0;87.06865494706113;;182.6633425803063;;;;
2022-04-05 16:00:00;0.0;87.06865494706113;;173.6845246390159;;;;
2022-04-05 17:00:00;0.0;87.06865494706113;;162.534015798007;;;;
2022-04-05 18:00:00;0.0;87.06865494706113;;149.9424738460665;;;;
2022-04-05 19:00:00;0.0;87.06865494706113;;136.714436401827;;;;
2022-04-05 20:00:00;0.0;87.06865494706113;;123.6893215537676;;;;
2022-04-05 21:00:00;0.0;87.06865494706113;;111.6703629240608;;;;
2022-04-05 22:00:00;0.0;87.06865494706113;;101.3971426179852;;;;
2022-04-05 23:00:00;0.0;87.06865494706113;;93.38243799824826;;;;
2022-04-06 00:00:00;0.0;87.06865494706113;;88.18725092024313;;;;
2022-04-06 01:00:00;0.0;87.06865494706113;;86.0722623132947;;;;
2022-04-06 02:00:00;0.0;87.06865494706113;;87.1973573394653;;;;
2022-04-06 03:00:00;0.0;87.06865494706113;;91.30772057752704;;;;
2022-04-06 04:00:00;0.0;87.06865494706113;;98.06419329739734;;;;
2022-04-06 05:00:00;0.0;87.06865494706113;;106.9686813094465;;;;
2022-04-06 06:00:00;0.0;87.06865494706113;;117.3821121459208;;;;
2022-04-06 07:00:00;0.0;87.06865494706113;;128.5818129374111;;;;
2022-04-06 08:00:00;0.0;87.06865494706113;;139.8014516021221;;;;
2022-04-06 09:00:00;0.0;87.06865494706113;;150.2747528852146;;;;
2022-04-06 10:00:00;0.0;87.06865494706113;;159.2935515120365;;;;
2022-04-06 11:00:00;0.0;87.06865494706113;;166.2459261485151;;;;
2022-04-06 12:00:00;0.0;87.06865494706113;;170.6677781536217;;;;
2022-04-06 13:00:00;0.0;87.06865494706113;;172.2596558866387;;;;
2022-04-06 14:00:00;0.0;87.06865494706113;;170.9216934702877;;;;
2022-04-06 15:00:00;0.0;87.06865494706113;;166.7426636360901;;;;
2022-04-06 16:00:00;0.0;87.06865494706113;;160.004854368451;;;;
2022-04-06 17:00:00;0.0;87.06865494706113;;151.156331956187;;;;
2022-04-06 18:00:00;0.0;87.06865494706113;;140.794372202193;;;;
2022-04-06 19:00:00;0.0;87.06865494706113;;129.6274765708578;;;;
2022-04-06 20:00:00;0.0;87.06865494706113;;118.4269933322735;;;;
2022-04-06 21:00:00;0.0;87.06865494706113;;107.9778072200761;;;;
2022-04-06 22:00:00;0.0;87.06865494706113;;99.01765611119713;;;;
2022-04-06 23:00:00;0.0;87.06865494706113;;93.17262632973528;;;;
2022-04-07 00:00:00;0.0;87.06865494706113;;89.95959104841438;;;;
2022-04-07 01:00:00;0.0;87.06865494706113;;89.75489749983176;;;;
2022-04-07 02:00:00;0.0;87.06865494706113;;91.74914364789991;;;;
2022-04-07 03:00:00;0.0;87.06865494706113;;96.89938124340964;;;;
2022-04-07 04:00:00;0.0;87.06865494706113;;104.9107775848983;;;;
2022-04-07 05:00:00;0.0;87.06865494706113;;115.2969782937836;;;;
2022-04-07 06:00:00;0.0;87.06865494706113;;127.4054950883125;;;;
2022-04-07 07:00:00;0.0;87.06865494706113;;140.4558665149616;;;;
2022-04-07 08:00:00;0.0;87.06865494706113;;153.5832239065227;;;;
2022-04-07 09:00:00;0.0;87.06865494706113;;165.9165816739108;;;;
2022-04-07 10:00:00;0.0;87.06865494706113;;176.6358155023877;;;;
2022-04-07 11:00:00;0.0;87.06865494706113;;185.0204425002788;;;;
2022-04-07 12:00:00;0.0;87.06865494706113;;190.5101548104792;;;;
2022-04-07 13:00:00;0.0;87.06865494706113;;192.7316554091359;;;;
2022-04-07 14:00:00;0.0;87.06865494706113;;191.5474044239177;;;;
2022-04-07 15:00:00;0.0;87.06865494706113;;187.0361840381196;;;;
2022-04-07 16:00:00;0.0;87.06865494706113;;179.5146648399997;;;;
2022-04-07 17:00:00;0.0;87.06865494706113;;169.5053447193689;;;;
2022-04-07 18:00:00;0.0;87.06865494706113;;157.709213571934;;;;
2022-04-07 19:00:00;0.0;87.06865494706113;;144.9542136127765;;;;
2022-04-07 20:00:00;0.0;87.06865494706113;;132.1344346468694;;;;
2022-04-07 21:00:00;0.0;87.06865494706113;;120.1411047841724;;;;
2022-04-07 22:00:00;0.0;87.06865494706113;;109.8080502359658;;;;
2022-04-07 23:00:00;0.0;87.06865494706113;;103.1719873351832;;;;
2022-04-08 00:00:00;0.0;87.06865494706113;;99.44443945277692;;;;
2022-04-08 01:00:00;0.0;87.06865494706113;;99.01760279092866;;;;
2022-04-08 02:00:00;0.0;87.06865494706113;;100.7317731466548;;;;
2022-04-08 03:00:00;0.0;87.06865494706113;;105.845979699513;;;;
2022-04-08 04:00:00;0.0;87.06865494706113;;113.9980254310607;;;;
2022-04-08 05:00:00;0.0;87.06865494706113;;124.614547395639;;;;
2022-04-08 06:00:00;0.0;87.06865494706113;;136.9505529134778;;;;
2022-04-08 07:00:00;0.0;87.06865494706113;;150.1445367153366;;;;
2022-04-08 08:00:00;0.0;87.06865494706113;;163.2818627388594;;;;
2022-04-08 09:00:00;0.0;87.06865494706113;;175.4561518154756;;;;
2022-04-08 10:00:00;0.0;87.06865494706113;;185.8322688613001;;;;
2022-04-08 11:00:00;0.0;87.06865494706113;;193.6882279669396;;;;
2022-04-08 12:00:00;0.0;87.06865494706113;;198.4919400266189;;;;
2022-04-08 13:00:00;0.0;87.06865494706113;;199.9002975839459;;;;
2022-04-08 14:00:00;0.0;87.06865494706113;;197.8325488110715;;;;
2022-04-08 15:00:00;0.0;87.06865494706113;;192.4177361698543;;;;
2022-04-08 16:00:00;0.0;87.06865494706113;;184.0481274768595;;;;
2022-04-08 17:00:00;0.0;87.06865494706113;;173.2790430439561;;;;
2022-04-08 18:00:00;0.0;87.06865494706113;;160.8319944971892;;;;
2022-04-08 19:00:00;0.0;87.06865494706113;;147.5360414055796;;;;
2022-04-08 20:00:00;0.0;87.06865494706113;;134.2865431208677;;;;
2022-04-08 21:00:00;0.0;87.06865494706113;;121.9873472012296;;;;
2022-04-08 22:00:00;0.0;87.06865494706113;;111.4608742923105;;;;
2022-04-08 23:00:00;0.0;87.06865494706113;;103.9205743690839;;;;
2022-04-09 00:00:00;0.0;87.06865494706113;;99.4009287909716;;;;
2022-04-09 01:00:00;0.0;87.06865494706113;;98.26964580850402;;;;
2022-04-09 02:00:00;0.0;87.06865494706113;;100.1721683934505;;;;
2022-04-09 03:00:00;0.0;87.06865494706113;;105.5347454735942;;;;
2022-04-09 04:00:00;0.0;87.06865494706113;;114.0254091096524;;;;
2022-04-09 05:00:00;0.0;87.06865494706113;;125.110731542589;;;;
2022-04-09 06:00:00;0.0;87.06865494706113;;138.0775015933839;;;;
2022-04-09 07:00:00;0.0;87.06865494706113;;152.0980330091639;;;;
2022-04-09 08:00:00;0.0;87.06865494706113;;166.2647309462627;;;;
2022-04-09 09:00:00;0.0;87.06865494706113;;179.6600502986378;;;;
2022-04-09 10:00:00;0.0;87.06865494706113;;191.4093778254905;;;;
2022-04-09 11:00:00;0.0;87.06865494706113;;200.7436474776056;;;;
2022-04-09 12:00:00;0.0;87.06865494706113;;207.0521836177199;;;;
2022-04-09 13:00:00;0.0;87.06865494706113;;209.9170861084561;;;;
2022-04-09 14:00:00;0.0;87.06865494706113;;209.154979615449;;;;
2022-04-09 15:00:00;0.0;87.06865494706113;;204.8436704557212;;;;
2022-04-09 16:00:00;0.0;87.06865494706113;;197.2948399932825;;;;
2022-04-09 17:00:00;0.0;87.06865494706113;;187.0423403181384;;;;
2022-04-09 18:00:00;0.0;87.06865494706113;;174.796345847478;;;;
2022-04-09 19:00:00;0.0;87.06865494706113;;161.4274392770877;;;;
2022-04-09 20:00:00;0.0;87.06865494706113;;147.8998800855769;;;;
2022-04-09 21:00:00;0.0;87.06865494706113;;135.206289763978;;;;
2022-04-09 22:00:00;0.0;87.06865494706113;;124.2860610539956;;;;
2022-04-09 23:00:00;0.0;87.06865494706113;;115.1593114778749;;;;
2022-04-10 00:00:00;0.0;87.06865494706113;;109.3171069985931;;;;
2022-04-10 01:00:00;0.0;87.06865494706113;;107.1829712538333;;;;
2022-04-10 02:00:00;0.0;87.06865494706113;;109.7357327289941;;;;
2022-04-10 03:00:00;0.0;87.06865494706113;;116.0490047119196;;;;
2022-04-10 04:00:00;0.0;87.06865494706113;;125.7878828741027;;;;
2022-04-10 05:00:00;0.0;87.06865494706113;;138.3729172256203;;;;
2022-04-10 06:00:00;0.0;87.06865494706113;;153.0052374174184;;;;
2022-04-10 07:00:00;0.0;87.06865494706113;;168.7479142270934;;;;
2022-04-10 08:00:00;0.0;87.06865494706113;;184.5759493590608;;;;
2022-04-10 09:00:00;0.0;87.06865494706113;;199.4260368410126;;;;
2022-04-10 10:00:00;0.0;87.06865494706113;;212.3038260453289;;;;
2022-04-10 11:00:00;0.0;87.06865494706113;;222.3299070760642;;;;
2022-04-10 12:00:00;0.0;87.06865494706113;;228.8426493491211;;;;
2022-04-10 13:00:00;0.0;87.06865494706113;;231.3897768665365;;;;
2022-04-10 14:00:00;0.0;87.06865494706113;;229.8017244179161;;;;
2022-04-10 15:00:00;0.0;87.06865494706113;;224.1967244564021;;;;
2022-04-10 16:00:00;0.0;87.06865494706113;;214.9693417575402;;;;
2022-04-10 17:00:00;0.0;87.06865494706113;;202.7631970800598;;;;
2022-04-10 18:00:00;0.0;87.06865494706113;;188.4253724264743;;;;
2022-04-10 19:00:00;0.0;87.06865494706113;;172.9509383802501;;;;
2022-04-10 20:00:00;0.0;87.06865494706113;;157.4140174957481;;;;
2022-04-10 21:00:00;0.0;87.06865494706113;;142.883885372612;;;;
2022-04-10 22:00:00;0.0;87.06865494706113;;130.3547533787061;;;;
2022-04-10 23:00:00;0.0;87.06865494706113;;118.908152061034;;;;
2022-04-11 00:00:00;0.0;87.06865494706113;;110.9847761178748;;;;
2022-04-11 01:00:00;0.0;87.06865494706113;;106.9040413176412;;;;
2022-04-11 02:00:00;0.0;87.06865494706113;;108.4774400731588;;;;
2022-04-11 03:00:00;0.0;87.06865494706113;;113.6770076469387;;;;
2022-04-11 04:00:00;0.0;87.06865494706113;;122.0862307756591;;;;
2022-04-11 05:00:00;0.0;87.06865494706113;;133.0610384708229;;;;
2022-04-11 06:00:00;0.0;87.06865494706113;;145.7785828695506;;;;
2022-04-11 07:00:00;0.0;87.06865494706113;;159.3090057188908;;;;
2022-04-11 08:00:00;0.0;87.06865494706113;;172.660604121431;;;;
2022-04-11 09:00:00;0.0;87.06865494706113;;184.8794617378148;;;;
2022-04-11 10:00:00;0.0;87.06865494706113;;195.085805866843;;;;
2022-04-11 11:00:00;0.0;87.06865494706113;;202.552199685397;;;;
2022-04-11 12:00:00;0.0;87.06865494706113;;206.7473798813177;;;;
2022-04-11 13:00:00;0.0;87.06865494706113;;207.3605191885051;;;;
2022-04-11 14:00:00;0.0;87.06865494706113;;204.3460900597157;;;;
2022-04-11 15:00:00;0.0;87.06865494706113;;197.8815364114628;;;;
2022-04-11 16:00:00;0.0;87.06865494706113;;188.4006058873976;;;;
2022-04-11 17:00:00;0.0;87.06865494706113;;176.5208789722018;;;;
2022-04-11 18:00:00;0.0;87.06865494706113;;163.0296856558149;;;;
2022-04-11 19:00:00;0.0;87.06865494706113;;148.7962244147752;;;;
2022-04-11 20:00:00;0.0;87.06865494706113;;134.7350279901339;;;;
2022-04-11 21:00:00;0.0;87.06865494706113;;121.7359563335856;;;;
2022-04-11 22:00:00;0.0;87.06865494706113;;110.6125944076443;;;;
2022-04-11 23:00:00;0.0;87.06865494706113;;100.7818536546799;;;;
2022-04-12 00:00:00;0.0;87.06865494706113;;94.03498235413424;;;;
2022-04-12 01:00:00;0.0;87.06865494706113;;90.61918767390227;;;;
2022-04-12 02:00:00;0.0;87.06865494706113;;91.82105634458308;;;;
2022-04-12 03:00:00;0.0;87.06865494706113;;96.15183729223013;;;;
2022-04-12 04:00:00;0.0;87.06865494706113;;103.2585643050558;;;;
2022-04-12 05:00:00;0.0;87.06865494706113;;112.6097997165918;;;;
2022-04-12 06:00:00;0.0;87.06865494706113;;123.5377690789073;;;;
2022-04-12 07:00:00;0.0;87.06865494706113;;135.2642956069349;;;;
2022-04-12 08:00:00;0.0;87.06865494706113;;146.980283367652;;;;
2022-04-12 09:00:00;0.0;87.06865494706113;;157.8846559630762;;;;
2022-04-12 10:00:00;0.0;87.06865494706113;;167.2268747257594;;;;
2022-04-12 11:00:00;0.0;87.06865494706113;;174.3669479390226;;;;
2022-04-12 12:00:00;0.0;87.06865494706113;;178.8122233721751;;;;
2022-04-12 13:00:00;0.0;87.06865494706113;;180.2701462578323;;;;
2022-04-12 14:00:00;0.0;87.06865494706113;;178.6344765614448;;;;
2022-04-12 15:00:00;0.0;87.06865494706113;;174.0183258515239;;;;
2022-04-12 16:00:00;0.0;87.06865494706113;;166.7132190571765;;;;
2022-04-12 17:00:00;0.0;87.06865494706113;;157.2196949381086;;;;
2022-04-12 18:00:00;0.0;87.06865494706113;;146.1673884543034;;;;
2022-04-12 19:00:00;0.0;87.06865494706113;;134.3228625192777;;;;
2022-04-12 20:00:00;0.0;87.06865494706113;;122.4799863572926;;;;
2022-04-12 21:00:00;0.0;87.06865494706113;;111.4488788502626;;;;
2022-04-12 22:00:00;0.0;87.06865494706113;;101.9845612239335;;;;
2022-04-12 23:00:00;0.0;87.06865494706113;;94.63812350077885;;;;
2022-04-13 00:00:00;0.0;87.06865494706113;;90.03027290545376;;;;
2022-04-13 01:00:00;0.0;87.06865494706113;;88.4874665679935;;;;
2022-04-13 02:00:00;0.0;87.06865494706113;;90.23590210225046;;;;
2022-04-13 03:00:00;0.0;87.06865494706113;;95.06631566997235;;;;
2022-04-13 04:00:00;0.0;87.06865494706113;;102.6736700669941;;;;
2022-04-13 05:00:00;0.0;87.06865494706113;;112.556400459055;;;;
2022-04-13 06:00:00;0.0;87.06865494706113;;124.0574652721457;;;;
2022-04-13 07:00:00;0.0;87.06865494706113;;136.4049077056031;;;;
2022-04-13 08:00:00;0.0;87.06865494706113;;148.7613456549076;;;;
2022-04-13 09:00:00;0.0;87.06865494706113;;160.2934369234702;;;;
2022-04-13 10:00:00;0.0;87.06865494706113;;170.2083856273214;;;;
2022-04-13 11:00:00;0.0;87.06865494706113;;177.832264566121;;;;
2022-04-13 12:00:00;0.0;87.06865494706113;;182.6213675456817;;;;
2022-04-13 13:00:00;0.0;87.06865494706113;;184.2560365918984;;;;
2022-04-13 14:00:00;0.0;87.06865494706113;;182.6251499276665;;;;
2022-04-13 15:00:00;0.0;87.06865494706113;;177.8430785690302;;;;
2022-04-13 16:00:00;0.0;87.06865494706113;;170.2334059351135;;;;
2022-04-13 17:00:00;0.0;87.06865494706113;;160.3063880112819;;;;
2022-04-13 18:00:00;0.0;87.06865494706113;;148.7571915856906;;;;
2022-04-13 19:00:00;0.0;87.06865494706113;;136.3684349889261;;;;
2022-04-13 20:00:00;0.0;87.06865494706113;;123.9841866508276;;;;
2022-04-13 21:00:00;0.0;87.06865494706113;;112.4373642501165;;;;
2022-04-13 22:00:00;0.0;87.06865494706113;;102.4957503149645;;;;
2022-04-13 23:00:00;0.0;87.06865494706113;;95.8176104161873;;;;
2022-04-14 00:00:00;0.0;87.06865494706113;;91.87369925823836;;;;
2022-04-14 01:00:00;0.0;87.06865494706113;;91.00164134390369;;;;
2022-04-14 02:00:00;0.0;87.06865494706113;;92.31891363906216;;;;
2022-04-14 03:00:00;0.0;87.06865494706113;;96.73855515351858;;;;
2022-04-14 04:00:00;0.0;87.06865494706113;;103.9067127204322;;;;
2022-04-14 05:00:00;0.0;87.06865494706113;;113.2828017139153;;;;
2022-04-14 06:00:00;0.0;87.06865494706113;;124.1765017073604;;;;
2022-04-14 07:00:00;0.0;87.06865494706113;;135.7972338704118;;;;
2022-04-14 08:00:00;0.0;87.06865494706113;;147.313585830148;;;;
2022-04-14 09:00:00;0.0;87.06865494706113;;157.9109330237354;;;;
2022-04-14 10:00:00;0.0;87.06865494706113;;166.8397043166738;;;;
2022-04-14 11:00:00;0.0;87.06865494706113;;173.4763337463253;;;;
2022-04-14 12:00:00;0.0;87.06865494706113;;177.3551197809975;;;;
2022-04-14 13:00:00;0.0;87.06865494706113;;178.2172980509195;;;;
2022-04-14 14:00:00;0.0;87.06865494706113;;175.9968429802347;;;;
2022-04-14 15:00:00;0.0;87.06865494706113;;170.8356572044466;;;;
2022-04-14 16:00:00;0.0;87.06865494706113;;163.0705287082704;;;;
2022-04-14 17:00:00;0.0;87.06865494706113;;153.2209979694548;;;;
2022-04-14 18:00:00;0.0;87.06865494706113;;141.9448146605516;;;;
2022-04-14 19:00:00;0.0;87.06865494706113;;129.9812013209832;;;;
2022-04-14 20:00:00;0.0;87.06865494706113;;118.1160040602997;;;;
2022-04-14 21:00:00;0.0;87.06865494706113;;107.1260410781597;;;;
2022-04-14 22:00:00;0.0;87.06865494706113;;97.73543110349866;;;;
2022-04-14 23:00:00;0.0;87.06865494706113;;91.7183692776794;;;;
2022-04-15 00:00:00;0.0;87.06865494706113;;88.35885797275282;;;;
2022-04-15 01:00:00;0.0;87.06865494706113;;87.99515852989848;;;;
2022-04-15 02:00:00;0.0;87.06865494706113;;89.60804634151091;;;;
2022-04-15 03:00:00;0.0;87.06865494706113;;94.31998022059364;;;;
2022-04-15 04:00:00;0.0;87.06865494706113;;101.8319530941028;;;;
2022-04-15 05:00:00;0.0;87.06865494706113;;111.6624488466111;;;;
2022-04-15 06:00:00;0.0;87.06865494706113;;123.1804778123862;;;;
2022-04-15 07:00:00;0.0;87.06865494706113;;135.6389228884825;;;;
2022-04-15 08:00:00;0.0;87.06865494706113;;148.233552856203;;;;
2022-04-15 09:00:00;0.0;87.06865494706113;;160.1518642221813;;;;
2022-04-15 10:00:00;0.0;87.06865494706113;;170.621566463702;;;;
2022-04-15 11:00:00;0.0;87.06865494706113;;178.9659039907571;;;;
2022-04-15 12:00:00;0.0;87.06865494706113;;184.6426094616789;;;;
2022-04-15 13:00:00;0.0;87.06865494706113;;187.2845256724318;;;;
2022-04-15 14:00:00;0.0;87.06865494706113;;186.7270368845275;;;;
2022-04-15 15:00:00;0.0;87.06865494706113;;183.0184784913696;;;;
2022-04-15 16:00:00;0.0;87.06865494706113;;176.4170094188687;;;;
2022-04-15 17:00:00;0.0;87.06865494706113;;167.390809395106;;;;
2022-04-15 18:00:00;0.0;87.06865494706113;;156.5802259506694;;;;
2022-04-15 19:00:00;0.0;87.06865494706113;;144.7662068441223;;;;
2022-04-15 20:00:00;0.0;87.06865494706113;;132.7963962144747;;;;
2022-04-15 21:00:00;0.0;87.06865494706113;;121.5536596224242;;;;
2022-04-15 22:00:00;0.0;87.06865494706113;;111.8849761534464;;;;
2022-04-15 23:00:00;0.0;87.06865494706113;;105.0565160101635;;;;
2022-04-16 00:00:00;0.0;87.06865494706113;;101.1668570009112;;;;
2022-04-16 01:00:00;0.0;87.06865494706113;;100.6536043328346;;;;
2022-04-16 02:00:00;0.0;87.06865494706113;;103.2175265287521;;;;
2022-04-16 03:00:00;0.0;87.06865494706113;;109.336483928206;;;;
2022-04-16 04:00:00;0.0;87.06865494706113;;118.7139676106501;;;;
2022-04-16 05:00:00;0.0;87.06865494706113;;130.8191301182735;;;;
2022-04-16 06:00:00;0.0;87.06865494706113;;144.9203931734847;;;;
2022-04-16 07:00:00;0.0;87.06865494706113;;160.1305931326663;;;;
2022-04-16 08:00:00;0.0;87.06865494706113;;175.4782701385578;;;;
2022-04-16 09:00:00;0.0;87.06865494706113;;189.9626327806593;;;;
2022-04-16 10:00:00;0.0;87.06865494706113;;202.6202075174464;;;;
2022-04-16 11:00:00;0.0;87.06865494706113;;212.6173112335999;;;;
2022-04-16 12:00:00;0.0;87.06865494706113;;219.2770724701657;;;;
2022-04-16 13:00:00;0.0;87.06865494706113;;222.163626419039;;;;
2022-04-16 14:00:00;0.0;87.06865494706113;;221.0838657930376;;;;
2022-04-16 15:00:00;0.0;87.06865494706113;;216.1247262544029;;;;
2022-04-16 16:00:00;0.0;87.06865494706113;;207.6488546340088;;;;
2022-04-16 17:00:00;0.0;87.06865494706113;;196.2499923676962;;;;
2022-04-16 18:00:00;0.0;87.06865494706113;;182.7511083179579;;;;
2022-04-16 19:00:00;0.0;87.06865494706113;;168.0986855116743;;;;
2022-04-16 20:00:00;0.0;87.06865494706113;;153.3270820824123;;;;
2022-04-16 21:00:00;0.0;87.06865494706113;;139.4740245496022;;;;
2022-04-16 22:00:00;0.0;87.06865494706113;;127.5189875613977;;;;
2022-04-16 23:00:00;0.0;87.06865494706113;;117.4691795197725;;;;
2022-04-17 00:00:00;0.0;87.06865494706113;;110.8219730882226;;;;
2022-04-17 01:00:00;0.0;87.06865494706113;;107.9488914351769;;;;
2022-04-17 02:00:00;0.0;87.06865494706113;;109.790416345375;;;;
2022-04-17 03:00:00;0.0;87.06865494706113;;115.3181645601976;;;;
2022-04-17 04:00:00;0.0;87.06865494706113;;124.132627866536;;;;
2022-04-17 05:00:00;0.0;87.06865494706113;;135.6028653321749;;;;
2022-04-17 06:00:00;0.0;87.06865494706113;;148.9156080779067;;;;
2022-04-17 07:00:00;0.0;87.06865494706113;;163.124751667299;;;;
2022-04-17 08:00:00;0.0;87.06865494706113;;177.2232966065531;;;;
2022-04-17 09:00:00;0.0;87.06865494706113;;190.2114069743153;;;;
2022-04-17 10:00:00;0.0;87.06865494706113;;201.1833292724991;;;;
2022-04-17 11:00:00;0.0;87.06865494706113;;209.3618222931464;;;;
2022-04-17 12:00:00;0.0;87.06865494706113;;214.190320514905;;;;
2022-04-17 13:00:00;0.0;87.06865494706113;;215.3156194352364;;;;
2022-04-17 14:00:00;0.0;87.06865494706113;;212.6745260435846;;;;
2022-04-17 15:00:00;0.0;87.06865494706113;;206.4274790844487;;;;
2022-04-17 16:00:00;0.0;87.06865494706113;;196.9993341001103;;;;
2022-04-17 17:00:00;0.0;87.06865494706113;;185.0117525755158;;;;
2022-04-17 18:00:00;0.0;87.06865494706113;;171.2658070559086;;;;
2022-04-17 19:00:00;0.0;87.06865494706113;;156.6741397764194;;;;
2022-04-17 20:00:00;0.0;87.06865494706113;;142.1942663272034;;;;
2022-04-17 21:00:00;0.0;87.06865494706113;;128.7739818067797;;;;
2022-04-17 22:00:00;0.0;87.06865494706113;;117.2791036402598;;;;
2022-04-17 23:00:00;0.0;87.06865494706113;;106.8605558945097;;;;
2022-04-18 00:00:00;0.0;87.06865494706113;;99.6845889549399;;;;
2022-04-18 01:00:00;0.0;87.06865494706113;;96.03128646298788;;;;
2022-04-18 02:00:00;0.0;87.06865494706113;;97.5217052324115;;;;
2022-04-18 03:00:00;0.0;87.06865494706113;;102.3419361807237;;;;
2022-04-18 04:00:00;0.0;87.06865494706113;;110.1306728157417;;;;
2022-04-18 05:00:00;0.0;87.06865494706113;;120.3378555393927;;;;
2022-04-18 06:00:00;0.0;87.06865494706113;;132.2543698349264;;;;
2022-04-18 07:00:00;0.0;87.06865494706113;;145.0587763181497;;;;
2022-04-18 08:00:00;0.0;87.06865494706113;;157.8787785719065;;;;
2022-04-18 09:00:00;0.0;87.06865494706113;;169.8401425006204;;;;
2022-04-18 10:00:00;0.0;87.06865494706113;;180.1335498343998;;;;
2022-04-18 11:00:00;0.0;87.06865494706113;;188.0623065380368;;;;
2022-04-18 12:00:00;0.0;87.06865494706113;;193.0882545560843;;;;
2022-04-18 13:00:00;0.0;87.06865494706113;;194.8674905132063;;;;
2022-04-18 14:00:00;0.0;87.06865494706113;;193.2831027161974;;;;
2022-04-18 15:00:00;0.0;87.06865494706113;;188.4468848370741;;;;
2022-04-18 16:00:00;0.0;87.06865494706113;;180.681594972892;;;;
2022-04-18 17:00:00;0.0;87.06865494706113;;170.5108061447843;;;;
2022-04-18 18:00:00;0.0;87.06865494706113;;158.6265162110937;;;;
2022-04-18 19:00:00;0.0;87.06865494706113;;145.8351234965621;;;;
2022-04-18 20:00:00;0.0;87.06865494706113;;133.0180068917214;;;;
2022-04-18 21:00:00;0.0;87.06865494706113;;121.0565163773398;;;;
2022-04-18 22:00:00;0.0;87.06865494706113;;110.7914620411889;;;;
2022-04-18 23:00:00;0.0;87.06865494706113;;101.6469398602222;;;;
2022-04-19 00:00:00;0.0;87.06865494706113;;95.48895797367906;;;;
2022-04-19 01:00:00;0.0;87.06865494706113;;92.62640036975212;;;;
2022-04-19 02:00:00;0.0;87.06865494706113;;94.43357106483154;;;;
2022-04-19 03:00:00;0.0;87.06865494706113;;99.44996771664688;;;;
2022-04-19 04:00:00;0.0;87.06865494706113;;107.3596290214671;;;;
2022-04-19 05:00:00;0.0;87.06865494706113;;117.6366146453884;;;;
2022-04-19 06:00:00;0.0;87.06865494706113;;129.5878903627516;;;;
2022-04-19 07:00:00;0.0;87.06865494706113;;142.395112447107;;;;
2022-04-19 08:00:00;0.0;87.06865494706113;;155.1760603465549;;;;
2022-04-19 09:00:00;0.0;87.06865494706113;;167.0579786383146;;;;
2022-04-19 10:00:00;0.0;87.06865494706113;;177.2197639210305;;;;
2022-04-19 11:00:00;0.0;87.06865494706113;;184.9610636192626;;;;
2022-04-19 12:00:00;0.0;87.06865494706113;;189.7437490054586;;;;
2022-04-19 13:00:00;0.0;87.06865494706113;;191.2416129130198;;;;
2022-04-19 14:00:00;0.0;87.06865494706113;;189.3336114355934;;;;
2022-04-19 15:00:00;0.0;87.06865494706113;;184.1494551285057;;;;
2022-04-19 16:00:00;0.0;87.06865494706113;;176.0337517739161;;;;
2022-04-19 17:00:00;0.0;87.06865494706113;;165.5495662092289;;;;
2022-04-19 18:00:00;0.0;87.06865494706113;;153.4060868747925;;;;
2022-04-19 19:00:00;0.0;87.06865494706113;;140.4241901151651;;;;
2022-04-19 20:00:00;0.0;87.06865494706113;;127.4709625044767;;;;
2022-04-19 21:00:00;0.0;87.06865494706113;;115.4045243921283;;;;
2022-04-19 22:00:00;0.0;87.06865494706113;;105.012233054347;;;;
2022-04-19 23:00:00;0.0;87.06865494706113;;96.85223182651984;;;;
2022-04-20 00:00:00;0.0;87.06865494706113;;91.534043940264;;;;
2022-04-20 01:00:00;0.0;87.06865494706113;;89.34619785264789;;;;
2022-04-20 02:00:00;0.0;87.06865494706113;;90.46213775764062;;;;
2022-04-20 03:00:00;0.0;87.06865494706113;;94.5999298416736;;;;
2022-04-20 04:00:00;0.0;87.06865494706113;;101.3923382981679;;;;
2022-04-20 05:00:00;0.0;87.06865494706113;;110.2989106068792;;;;
2022-04-20 06:00:00;0.0;87.06865494706113;;120.6412548457862;;;;
2022-04-20 07:00:00;0.0;87.06865494706113;;131.6392448746231;;;;
2022-04-20 08:00:00;0.0;87.06865494706113;;142.4752388348083;;;;
2022-04-20 09:00:00;0.0;87.06865494706113;;152.3543991568181;;;;
2022-04-20 10:00:00;0.0;87.06865494706113;;160.5693576182553;;;;
2022-04-20 11:00:00;0.0;87.06865494706113;;166.5399299563692;;;;
2022-04-20 12:00:00;0.0;87.06865494706113;;169.8405377176573;;;;
2022-04-20 13:00:00;0.0;87.06865494706113;;170.2274276105936;;;;
2022-04-20 14:00:00;0.0;87.06865494706113;;167.6637675022776;;;;
2022-04-20 15:00:00;0.0;87.06865494706113;;162.3047597913737;;;;
2022-04-20 16:00:00;0.0;87.06865494706113;;154.5033280104946;;;;
2022-04-20 17:00:00;0.0;87.06865494706113;;144.7578785643174;;;;
2022-04-20 18:00:00;0.0;87.06865494706113;;133.7142056287978;;;;
2022-04-20 19:00:00;0.0;87.06865494706113;;122.0887861182327;;;;
2022-04-20 20:00:00;0.0;87.06865494706113;;110.623127230041;;;;
2022-04-20 21:00:00;0.0;87.06865494706113;;100.0416008354424;;;;
2022-04-20 22:00:00;0.0;87.06865494706113;;91.0020627776222;;;;
2022-04-20 23:00:00;0.0;87.06865494706113;;84.94567224356948;;;;
2022-04-21 00:00:00;0.0;87.06865494706113;;81.39008152955155;;;;
2022-04-21 01:00:00;0.0;87.06865494706113;;80.6201899789204;;;;
2022-04-21 02:00:00;0.0;87.06865494706113;;81.86111900648233;;;;
2022-04-21 03:00:00;0.0;87.06865494706113;;85.92485564961314;;;;
2022-04-21 04:00:00;0.0;87.06865494706113;;92.51109453503273;;;;
2022-04-21 05:00:00;0.0;87.06865494706113;;101.1657973531232;;;;
2022-04-21 06:00:00;0.0;87.06865494706113;;111.3025365392139;;;;
2022-04-21 07:00:00;0.0;87.06865494706113;;122.2440401019916;;;;
2022-04-21 08:00:00;0.0;87.06865494706113;;133.2650802932388;;;;
2022-04-21 09:00:00;0.0;87.06865494706113;;143.6365729410603;;;;
2022-04-21 10:00:00;0.0;87.06865494706113;;152.6740264685936;;;;
2022-04-21 11:00:00;0.0;87.06865494706113;;159.7859099361929;;;;
2022-04-21 12:00:00;0.0;87.06865494706113;;164.5073605569726;;;;
2022-04-21 13:00:00;0.0;87.06865494706113;;166.5242268785395;;;;
2022-04-21 14:00:00;0.0;87.06865494706113;;165.7099950775121;;;;
2022-04-21 15:00:00;0.0;87.06865494706113;;162.1270427744022;;;;
2022-04-21 16:00:00;0.0;87.06865494706113;;156.0232045333145;;;;
2022-04-21 17:00:00;0.0;87.06865494706113;;147.8127501183069;;;;
2022-04-21 18:00:00;0.0;87.06865494706113;;138.0643968382022;;;;
2022-04-21 19:00:00;0.0;87.06865494706113;;127.4719514347061;;;;
2022-04-21 20:00:00;0.0;87.06865494706113;;116.7883469410602;;;;
2022-04-21 21:00:00;0.0;87.06865494706113;;106.7862130543618;;;;
2022-04-21 22:00:00;0.0;87.06865494706113;;98.19785745558065;;;;
2022-04-21 23:00:00;0.0;87.06865494706113;;92.86897054842348;;;;
2022-04-22 00:00:00;0.0;87.06865494706113;;90.12092651677676;;;;
2022-04-22 01:00:00;0.0;87.06865494706113;;90.3619992826269;;;;
2022-04-22 02:00:00;0.0;87.06865494706113;;92.60565560958403;;;;
2022-04-22 03:00:00;0.0;87.06865494706113;;98.04869535369198;;;;
2022-04-22 04:00:00;0.0;87.06865494706113;;106.415946794058;;;;
2022-04-22 05:00:00;0.0;87.06865494706113;;117.2300193010135;;;;
2022-04-22 06:00:00;0.0;87.06865494706113;;129.8340270836048;;;;
2022-04-22 07:00:00;0.0;87.06865494706113;;143.4412012099252;;;;
2022-04-22 08:00:00;0.0;87.06865494706113;;157.1747514349526;;;;
2022-04-22 09:00:00;0.0;87.06865494706113;;170.1407423592425;;;;
2022-04-22 10:00:00;0.0;87.06865494706113;;181.4858936666504;;;;
2022-04-22 11:00:00;0.0;87.06865494706113;;190.4652512848596;;;;
2022-04-22 12:00:00;0.0;87.06865494706113;;196.4724791067749;;;;
2022-04-22 13:00:00;0.0;87.06865494706113;;199.1154611878599;;;;
2022-04-22 14:00:00;0.0;87.06865494706113;;198.2245403061408;;;;
2022-04-22 15:00:00;0.0;87.06865494706113;;193.880971597968;;;;
2022-04-22 16:00:00;0.0;87.06865494706113;;186.386397907184;;;;
2022-04-22 17:00:00;0.0;87.06865494706113;;176.266803674641;;;;
2022-04-22 18:00:00;0.0;87.06865494706113;;164.2433339638347;;;;
2022-04-22 19:00:00;0.0;87.06865494706113;;151.1724904600232;;;;
2022-04-22 20:00:00;0.0;87.06865494706113;;137.989667719337;;;;
2022-04-22 21:00:00;0.0;87.06865494706113;;125.6302230265184;;;;
2022-04-22 22:00:00;0.0;87.06865494706113;;114.9713583969698;;;;
2022-04-22 23:00:00;0.0;87.06865494706113;;107.2809289252179;;;;
2022-04-23 00:00:00;0.0;87.06865494706113;;102.6278241760334;;;;
2022-04-23 01:00:00;0.0;87.06865494706113;;101.4071208872678;;;;
2022-04-23 02:00:00;0.0;87.06865494706113;;103.2572494723206;;;;
2022-04-23 03:00:00;0.0;87.06865494706113;;108.5947478358663;;;;
2022-04-23 04:00:00;0.0;87.06865494706113;;117.0530792878496;;;;
2022-04-23 05:00:00;0.0;87.06865494706113;;128.0438055933918;;;;
2022-04-23 06:00:00;0.0;87.06865494706113;;140.8074525558116;;;;
2022-04-23 07:00:00;0.0;87.06865494706113;;154.4610061609801;;;;
2022-04-23 08:00:00;0.0;87.06865494706113;;168.0693954264103;;;;
2022-04-23 09:00:00;0.0;87.06865494706113;;180.6846869905729;;;;
2022-04-23 10:00:00;0.0;87.06865494706113;;191.4330828879196;;;;
2022-04-23 11:00:00;0.0;87.06865494706113;;199.5782137605011;;;;
2022-04-23 12:00:00;0.0;87.06865494706113;;204.5615006951715;;;;
2022-04-23 13:00:00;0.0;87.06865494706113;;206.0440812777534;;;;
2022-04-23 14:00:00;0.0;87.06865494706113;;203.920590302586;;;;
2022-04-23 15:00:00;0.0;87.06865494706113;;198.328436876702;;;;
2022-04-23 16:00:00;0.0;87.06865494706113;;189.6528944648261;;;;
2022-04-23 17:00:00;0.0;87.06865494706113;;178.4869954010285;;;;
2022-04-23 18:00:00;0.0;87.06865494706113;;165.5885593568009;;;;
2022-04-23 19:00:00;0.0;87.06865494706113;;151.8149843859308;;;;
2022-04-23 20:00:00;0.0;87.06865494706113;;138.0886090671102;;;;
2022-04-23 21:00:00;0.0;87.06865494706113;;125.3406335823009;;;;
2022-04-23 22:00:00;0.0;87.06865494706113;;114.4278034392096;;;;
2022-04-23 23:00:00;0.0;87.06865494706113;;105.3181517211299;;;;
2022-04-24 00:00:00;0.0;87.06865494706113;;99.3302212474175;;;;
2022-04-24 01:00:00;0.0;87.06865494706113;;96.78458696977049;;;;
2022-04-24 02:00:00;0.0;87.06865494706113;;98.52733164913896;;;;
2022-04-24 03:00:00;0.0;87.06865494706113;;103.6503023200892;;;;
2022-04-24 04:00:00;0.0;87.06865494706113;;111.8153728666842;;;;
2022-04-24 05:00:00;0.0;87.06865494706113;;122.4842257822465;;;;
2022-04-24 06:00:00;0.0;87.06865494706113;;134.9515701647212;;;;
2022-04-24 07:00:00;0.0;87.06865494706113;;148.3877343282097;;;;
2022-04-24 08:00:00;0.0;87.06865494706113;;161.9053364477852;;;;
2022-04-24 09:00:00;0.0;87.06865494706113;;174.6097603175001;;;;
2022-04-24 10:00:00;0.0;87.06865494706113;;185.6527965604089;;;;
2022-04-24 11:00:00;0.0;87.06865494706113;;194.3011802368367;;;;
2022-04-24 12:00:00;0.0;87.06865494706113;;199.979446373854;;;;
2022-04-24 13:00:00;0.0;87.06865494706113;;202.3196776556451;;;;
2022-04-24 14:00:00;0.0;87.06865494706113;;201.1585583680098;;;;
2022-04-24 15:00:00;0.0;87.06865494706113;;196.5894514998486;;;;
2022-04-24 16:00:00;0.0;87.06865494706113;;188.9221207775902;;;;
2022-04-24 17:00:00;0.0;87.06865494706113;;178.6895223469562;;;;
2022-04-24 18:00:00;0.0;87.06865494706113;;166.5958489049718;;;;
2022-04-24 19:00:00;0.0;87.06865494706113;;153.4947742913479;;;;
2022-04-24 20:00:00;0.0;87.06865494706113;;140.306679484802;;;;
2022-04-24 21:00:00;0.0;87.06865494706113;;127.9606546979228;;;;
2022-04-24 22:00:00;0.0;87.06865494706113;;117.3454326203555;;;;
2022-04-24 23:00:00;0.0;87.06865494706113;;107.6233799009312;;;;
2022-04-25 00:00:00;0.0;87.06865494706113;;101.0441277759087;;;;
2022-04-25 01:00:00;0.0;87.06865494706113;;97.93678559500556;;;;
2022-04-25 02:00:00;0.0;87.06865494706113;;100.0205145887773;;;;
2022-04-25 03:00:00;0.0;87.06865494706113;;105.5058354013389;;;;
2022-04-25 04:00:00;0.0;87.06865494706113;;114.0737575201668;;;;
2022-04-25 05:00:00;0.0;87.06865494706113;;125.1731433206034;;;;
2022-04-25 06:00:00;0.0;87.06865494706113;;138.0808557677165;;;;
2022-04-25 07:00:00;0.0;87.06865494706113;;151.9330785644206;;;;
2022-04-25 08:00:00;0.0;87.06865494706113;;165.7966273656039;;;;
2022-04-25 09:00:00;0.0;87.06865494706113;;178.7261404834794;;;;
2022-04-25 10:00:00;0.0;87.06865494706113;;189.8401344233303;;;;
2022-04-25 11:00:00;0.0;87.06865494706113;;198.3704270740241;;;;
2022-04-25 12:00:00;0.0;87.06865494706113;;203.7329670453527;;;;
2022-04-25 13:00:00;0.0;87.06865494706113;;205.5579865547721;;;;
2022-04-25 14:00:00;0.0;87.06865494706113;;203.705135874633;;;;
2022-04-25 15:00:00;0.0;87.06865494706113;;198.3082772902232;;;;
2022-04-25 16:00:00;0.0;87.06865494706113;;189.730249646887;;;;
2022-04-25 17:00:00;0.0;87.06865494706113;;178.5764325537666;;;;
2022-04-25 18:00:00;0.0;87.06865494706113;;165.5980089979737;;;;
2022-04-25 19:00:00;0.0;87.06865494706113;;151.6847999393693;;;;
2022-04-25 20:00:00;0.0;87.06865494706113;;137.775379483427;;;;
2022-04-25 21:00:00;0.0;87.06865494706113;;124.8052162330868;;;;
2022-04-25 22:00:00;0.0;87.06865494706113;;113.6307869134038;;;;
2022-04-25 23:00:00;0.0;87.06865494706113;;103.6682259078159;;;;
2022-04-26 00:00:00;0.0;87.06865494706113;;96.79247011836534;;;;
2022-04-26 01:00:00;0.0;87.06865494706113;;93.27178394566764;;;;
2022-04-26 02:00:00;0.0;87.06865494706113;;94.4520229914433;;;;
2022-04-26 03:00:00;0.0;87.06865494706113;;98.7872483493199;;;;
2022-04-26 04:00:00;0.0;87.06865494706113;;105.8954943493482;;;;
2022-04-26 05:00:00;0.0;87.06865494706113;;115.2042392488588;;;;
2022-04-26 06:00:00;0.0;87.06865494706113;;125.9936114768867;;;;
2022-04-26 07:00:00;0.0;87.06865494706113;;137.4502651655401;;;;
2022-04-26 08:00:00;0.0;87.06865494706113;;148.7238209604369;;;;
2022-04-26 09:00:00;0.0;87.06865494706113;;158.9899719407368;;;;
2022-04-26 10:00:00;0.0;87.06865494706113;;167.5011615937641;;;;
2022-04-26 11:00:00;0.0;87.06865494706113;;173.637935562736;;;;
2022-04-26 12:00:00;0.0;87.06865494706113;;176.9571273412511;;;;
2022-04-26 13:00:00;0.0;87.06865494706113;;177.2210704406231;;;;
2022-04-26 14:00:00;0.0;87.06865494706113;;174.3992644614632;;;;
2022-04-26 15:00:00;0.0;87.06865494706113;;168.6664694200998;;;;
2022-04-26 16:00:00;0.0;87.06865494706113;;160.3876658359935;;;;
2022-04-26 17:00:00;0.0;87.06865494706113;;150.1036836199649;;;;
2022-04-26 18:00:00;0.0;87.06865494706113;;138.4774114544173;;;;
2022-04-26 19:00:00;0.0;87.06865494706113;;126.2546912639308;;;;
2022-04-26 20:00:00;0.0;87.06865494706113;;114.2126440262446;;;;
2022-04-26 21:00:00;0.0;87.06865494706113;;103.1075557540546;;;;
2022-04-26 22:00:00;0.0;87.06865494706113;;93.62517952092222;;;;
2022-04-26 23:00:00;0.0;87.06865494706113;;86.22009390600044;;;;
2022-04-27 00:00:00;0.0;87.06865494706113;;81.41815307495665;;;;
2022-04-27 01:00:00;0.0;87.06865494706113;;79.45715098282247;;;;
2022-04-27 02:00:00;0.0;87.06865494706113;;80.49490966433409;;;;
2022-04-27 03:00:00;0.0;87.06865494706113;;84.28616690151078;;;;
2022-04-27 04:00:00;0.0;87.06865494706113;;90.52195639121474;;;;
2022-04-27 05:00:00;0.0;87.06865494706113;;98.74317719946956;;;;
2022-04-27 06:00:00;0.0;87.06865494706113;;108.3626676841504;;;;
2022-04-27 07:00:00;0.0;87.06865494706113;;118.7114610047572;;;;
2022-04-27 08:00:00;0.0;87.06865494706113;;129.0770459482751;;;;
2022-04-27 09:00:00;0.0;87.06865494706113;;138.759160286121;;;;
2022-04-27 10:00:00;0.0;87.06865494706113;;147.1030899902916;;;;
2022-04-27 11:00:00;0.0;87.06865494706113;;153.5381549972855;;;;
2022-04-27 12:00:00;0.0;87.06865494706113;;157.6321191883157;;;;
2022-04-27 13:00:00;0.0;87.06865494706113;;159.1108355157931;;;;
2022-04-27 14:00:00;0.0;87.06865494706113;;157.8778754120947;;;;
2022-04-27 15:00:00;0.0;87.06865494706113;;154.0141101604549;;;;
2022-04-27 16:00:00;0.0;87.06865494706113;;147.7806502056912;;;;
2022-04-27 17:00:00;0.0;87.06865494706113;;139.6016458782756;;;;
2022-04-27 18:00:00;0.0;87.06865494706113;;130.0286735304708;;;;
2022-04-27 19:00:00;0.0;87.06865494706113;;119.7090928905701;;;;
2022-04-27 20:00:00;0.0;87.06865494706113;;109.3641697981455;;;;
2022-04-27 21:00:00;0.0;87.06865494706113;;99.71206963792888;;;;
2022-04-27 22:00:00;0.0;87.06865494706113;;91.44149335225435;;;;
2022-04-27 23:00:00;0.0;87.06865494706113;;86.03523478977776;;;;
2022-04-28 00:00:00;0.0;87.06865494706113;;83.06157033359321;;;;
2022-04-28 01:00:00;0.0;87.06865494706113;;82.86085262692004;;;;
2022-04-28 02:00:00;0.0;87.06865494706113;;84.70078995056497;;;;
2022-04-28 03:00:00;0.0;87.06865494706113;;89.45335582487886;;;;
2022-04-28 04:00:00;0.0;87.06865494706113;;96.85108305246791;;;;
2022-04-28 05:00:00;0.0;87.06865494706113;;106.4399526603759;;;;
2022-04-28 06:00:00;0.0;87.06865494706113;;117.6127389044421;;;;
2022-04-28 07:00:00;0.0;87.06865494706113;;129.6435954443416;;;;
2022-04-28 08:00:00;0.0;87.06865494706113;;141.7456023693074;;;;
2022-04-28 09:00:00;0.0;87.06865494706113;;153.1166265147664;;;;
2022-04-28 10:00:00;0.0;87.06865494706113;;162.9983959831193;;;;
2022-04-28 11:00:00;0.0;87.06865494706113;;170.7334034839914;;;;
2022-04-28 12:00:00;0.0;87.06865494706113;;175.7957570165082;;;;
2022-04-28 13:00:00;0.0;87.06865494706113;;177.8450400556663;;;;
2022-04-28 14:00:00;0.0;87.06865494706113;;176.7368205909032;;;;
2022-04-28 15:00:00;0.0;87.06865494706113;;172.5556477382518;;;;
2022-04-28 16:00:00;0.0;87.06865494706113;;165.6009182045528;;;;
2022-04-28 17:00:00;0.0;87.06865494706113;;156.3621694021334;;;;
2022-04-28 18:00:00;0.0;87.06865494706113;;145.4870214975271;;;;
2022-04-28 19:00:00;0.0;87.06865494706113;;133.7283791925675;;;;
2022-04-28 20:00:00;0.0;87.06865494706113;;121.9073695017361;;;;
2022-04-28 21:00:00;0.0;87.06865494706113;;110.8458413827282;;;;
2022-04-28 22:00:00;0.0;87.06865494706113;;101.3166675778335;;;;
2022-04-28 23:00:00;0.0;87.06865494706113;;95.18748536804236;;;;
2022-04-29 00:00:00;0.0;87.06865494706113;;91.7404433278876;;;;
2022-04-29 01:00:00;0.0;87.06865494706113;;91.3362288303886;;;;
2022-04-29 02:00:00;0.0;87.06865494706113;;92.91577874352214;;;;
2022-04-29 03:00:00;0.0;87.06865494706113;;97.63071070101084;;;;
2022-04-29 04:00:00;0.0;87.06865494706113;;105.1452294791114;;;;
2022-04-29 05:00:00;0.0;87.06865494706113;;114.9286990644926;;;;
2022-04-29 06:00:00;0.0;87.06865494706113;;126.2973056461982;;;;
2022-04-29 07:00:00;0.0;87.06865494706113;;138.4591019598498;;;;
2022-04-29 08:00:00;0.0;87.06865494706113;;150.5746230855964;;;;
2022-04-29 09:00:00;0.0;87.06865494706113;;161.8083951105299;;;;
2022-04-29 10:00:00;0.0;87.06865494706113;;171.3778620121415;;;;
2022-04-29 11:00:00;0.0;87.06865494706113;;178.6224536177186;;;;
2022-04-29 12:00:00;0.0;87.06865494706113;;183.0485308850515;;;;
2022-04-29 13:00:00;0.0;87.06865494706113;;184.3577013226434;;;;
2022-04-29 14:00:00;0.0;87.06865494706113;;182.4625503161511;;;;
2022-04-29 15:00:00;0.0;87.06865494706113;;177.4867857395347;;;;
2022-04-29 16:00:00;0.0;87.06865494706113;;169.7652877385648;;;;
2022-04-29 17:00:00;0.0;87.06865494706113;;159.8248572702919;;;;
2022-04-29 18:00:00;0.0;87.06865494706113;;148.3273811295403;;;;
2022-04-29 19:00:00;0.0;87.06865494706113;;136.0583233411407;;;;
2022-04-29 20:00:00;0.0;87.06865494706113;;123.8358276679127;;;;
2022-04-29 21:00:00;0.0;87.06865494706113;;112.4875057928519;;;;
2022-04-29 22:00:00;0.0;87.06865494706113;;102.7728405871719;;;;
2022-04-29 23:00:00;0.0;87.06865494706113;;95.8066969573412;;;;
2022-04-30 00:00:00;0.0;87.06865494706113;;91.62791112339372;;;;
2022-04-30 01:00:00;0.0;87.06865494706113;;90.57653720698038;;;;
2022-04-30 02:00:00;0.0;87.06865494706113;;92.32676827474448;;;;
2022-04-30 03:00:00;0.0;87.06865494706113;;97.27053671907102;;;;
2022-04-30 04:00:00;0.0;87.06865494706113;;105.1009911068607;;;;
2022-04-30 05:00:00;0.0;87.06865494706113;;115.322163131527;;;;
2022-04-30 06:00:00;0.0;87.06865494706113;;127.2809193285582;;;;
2022-04-30 07:00:00;0.0;87.06865494706113;;140.2087068507537;;;;
2022-04-30 08:00:00;0.0;87.06865494706113;;153.2705226493945;;;;
2022-04-30 09:00:00;0.0;87.06865494706113;;165.6124394830326;;;;
2022-04-30 10:00:00;0.0;87.06865494706113;;176.4296967230923;;;;
2022-04-30 11:00:00;0.0;87.06865494706113;;185.0179962535125;;;;
2022-04-30 12:00:00;0.0;87.06865494706113;;190.8189936274026;;;;
2022-04-30 13:00:00;0.0;87.06865494706113;;193.4584289514612;;;;
2022-04-30 14:00:00;0.0;87.06865494706113;;192.7654593446306;;;;
2022-04-30 15:00:00;0.0;87.06865494706113;;188.7951828813752;;;;
2022-04-30 16:00:00;0.0;87.06865494706113;;181.8346410963874;;;;
2022-04-30 17:00:00;0.0;87.06865494706113;;172.3792977108865;;;;
2022-04-30 18:00:00;0.0;87.06865494706113;;161.0966057674381;;;;
2022-04-30 19:00:00;0.0;87.06865494706113;;148.7820156517428;;;;
2022-04-30 20:00:00;0.0;87.06865494706113;;136.3207692733523;;;;
2022-04-30 21:00:00;0.0;87.06865494706113;;124.6256672314155;;;;
2022-04-30 22:00:00;0.0;87.06865494706113;;114.5638064002037;;;;
2022-04-30 23:00:00;0.0;87.06865494706113;;106.1452313398628;;;;
2022-05-01 00:00:00;0.0;87.06865494706113;;100.7541821098366;;;;
2022-05-01 01:00:00;0.0;87.06865494706113;;98.77782199390197;;;;
2022-05-01 02:00:00;0.0;87.06865494706113;;101.1337842305246;;;;
2022-05-01 03:00:00;0.0;87.06865494706113;;106.9533531713449;;;;
2022-05-01 04:00:00;0.0;87.06865494706113;;115.9322446935475;;;;
2022-05-01 05:00:00;0.0;87.06865494706113;;127.5304087954906;;;;
2022-05-01 06:00:00;0.0;87.06865494706113;;141.0227182006288;;;;
2022-05-01 07:00:00;0.0;87.06865494706113;;155.5395428303248;;;;
2022-05-01 08:00:00;0.0;87.06865494706113;;170.1242422424734;;;;
2022-05-01 09:00:00;0.0;87.06865494706113;;183.8082556271744;;;;
2022-05-01 10:00:00;0.0;87.06865494706113;;195.6729931948088;;;;
2022-05-01 11:00:00;0.0;87.06865494706113;;204.9179141507981;;;;
2022-05-01 12:00:00;0.0;87.06865494706113;;210.9159446440963;;;;
2022-05-01 13:00:00;0.0;87.06865494706113;;213.2615968226076;;;;
2022-05-01 14:00:00;0.0;87.06865494706113;;211.7973870398898;;;;
2022-05-01 15:00:00;0.0;87.06865494706113;;206.6378859461207;;;;
2022-05-01 16:00:00;0.0;87.06865494706113;;198.131895777642;;;;
2022-05-01 17:00:00;0.0;87.06865494706113;;186.8798589364056;;;;
2022-05-01 18:00:00;0.0;87.06865494706113;;173.6617460261886;;;;
2022-05-01 19:00:00;0.0;87.06865494706113;;159.4018391921081;;;;
2022-05-01 20:00:00;0.0;87.06865494706113;;145.0859506125663;;;;
2022-05-01 21:00:00;0.0;87.06865494706113;;131.6972380227643;;;;
2022-05-01 22:00:00;0.0;87.06865494706113;;120.1533065002201;;;;
2022-05-01 23:00:00;0.0;87.06865494706113;;109.5992121513459;;;;
2022-05-02 00:00:00;0.0;87.06865494706113;;102.2866628611489;;;;
2022-05-02 01:00:00;0.0;87.06865494706113;;98.51662091030089;;;;
2022-05-02 02:00:00;0.0;87.06865494706113;;99.96616068121774;;;;
2022-05-02 03:00:00;0.0;87.06865494706113;;104.7620956965982;;;;
2022-05-02 04:00:00;0.0;87.06865494706113;;112.5111421087902;;;;
2022-05-02 05:00:00;0.0;87.06865494706113;;122.6242017091663;;;;
2022-05-02 06:00:00;0.0;87.06865494706113;;134.3487287634694;;;;
2022-05-02 07:00:00;0.0;87.06865494706113;;146.8271754027808;;;;
2022-05-02 08:00:00;0.0;87.06865494706113;;159.1446531896881;;;;
2022-05-02 09:00:00;0.0;87.06865494706113;;170.4093777755377;;;;
2022-05-02 10:00:00;0.0;87.06865494706113;;179.8092987874103;;;;
2022-05-02 11:00:00;0.0;87.06865494706113;;186.6813748515355;;;;
2022-05-02 12:00:00;0.0;87.06865494706113;;190.5362032623052;;;;
2022-05-02 13:00:00;0.0;87.06865494706113;;191.0956107229042;;;;
2022-05-02 14:00:00;0.0;87.06865494706113;;188.3088757937558;;;;
2022-05-02 15:00:00;0.0;87.06865494706113;;182.348462862322;;;;
2022-05-02 16:00:00;0.0;87.06865494706113;;173.6119064897278;;;;
2022-05-02 17:00:00;0.0;87.06865494706113;;162.6670656460265;;;;
2022-05-02 18:00:00;0.0;87.06865494706113;;150.2300997624121;;;;
2022-05-02 19:00:00;0.0;87.06865494706113;;137.1054633051116;;;;
2022-05-02 20:00:00;0.0;87.06865494706113;;124.1370876612688;;;;
2022-05-02 21:00:00;0.0;87.06865494706113;;112.1534984675904;;;;
2022-05-02 22:00:00;0.0;87.06865494706113;;101.9013490060284;;;;
2022-05-02 23:00:00;0.0;87.06865494706113;;92.8346654101576;;;;
2022-05-03 00:00:00;0.0;87.06865494706113;;86.61209818880566;;;;
2022-05-03 01:00:00;0.0;87.06865494706113;;83.45892232504053;;;;
2022-05-03 02:00:00;0.0;87.06865494706113;;84.56790621499326;;;;
2022-05-03 03:00:00;0.0;87.06865494706113;;88.56118960778221;;;;
2022-05-03 04:00:00;0.0;87.06865494706113;;95.11067938648596;;;;
2022-05-03 05:00:00;0.0;87.06865494706113;;103.7264609195109;;;;
2022-05-03 06:00:00;0.0;87.06865494706113;;113.7872082821887;;;;
2022-05-03 07:00:00;0.0;87.06865494706113;;124.5869786224626;;;;
2022-05-03 08:00:00;0.0;87.06865494706113;;135.3765634961425;;;;
2022-05-03 09:00:00;0.0;87.06865494706113;;145.4132845440931;;;;
2022-05-03 10:00:00;0.0;87.06865494706113;;154.0186260075594;;;;
2022-05-03 11:00:00;0.0;87.06865494706113;;160.5957402513385;;;;
2022-05-03 12:00:00;0.0;87.06865494706113;;164.6949932717459;;;;
2022-05-03 13:00:00;0.0;87.06865494706113;;166.0264415963417;;;;
2022-05-03 14:00:00;0.0;87.06865494706113;;164.5108589988031;;;;
2022-05-03 15:00:00;0.0;87.06865494706113;;160.2495311693345;;;;
2022-05-03 16:00:00;0.0;87.06865494706113;;153.524039435725;;;;
2022-05-03 17:00:00;0.0;87.06865494706113;;144.7812952371041;;;;
2022-05-03 18:00:00;0.0;87.06865494706113;;134.6098173985555;;;;
2022-05-03 19:00:00;0.0;87.06865494706113;;123.6927332330472;;;;
2022-05-03 20:00:00;0.0;87.06865494706113;;112.7786214943409;;;;
2022-05-03 21:00:00;0.0;87.06865494706113;;102.6104745920776;;;;
2022-05-03 22:00:00;0.0;87.06865494706113;;93.89654160502624;;;;
2022-05-03 23:00:00;0.0;87.06865494706113;;87.12513750000932;;;;
2022-05-04 00:00:00;0.0;87.06865494706113;;82.87742099941758;;;;
2022-05-04 01:00:00;0.0;87.06865494706113;;81.45098709793223;;;;
2022-05-04 02:00:00;0.0;87.06865494706113;;83.06326233965112;;;;
2022-05-04 03:00:00;0.0;87.06865494706113;;87.5128031897535;;;;
2022-05-04 04:00:00;0.0;87.06865494706113;;94.5221645619094;;;;
2022-05-04 05:00:00;0.0;87.06865494706113;;103.6275056850707;;;;
2022-05-04 06:00:00;0.0;87.06865494706113;;114.2247101798301;;;;
2022-05-04 07:00:00;0.0;87.06865494706113;;125.5966537417316;;;;
2022-05-04 08:00:00;0.0;87.06865494706113;;136.9803612464782;;;;
2022-05-04 09:00:00;0.0;87.06865494706113;;147.5915247672882;;;;
2022-05-04 10:00:00;0.0;87.06865494706113;;156.7116838107765;;;;
2022-05-04 11:00:00;0.0;87.06865494706113;;163.7075049500767;;;;
2022-05-04 12:00:00;0.0;87.06865494706113;;168.1078721181222;;;;
2022-05-04 13:00:00;0.0;87.06865494706113;;169.6121922256206;;;;
2022-05-04 14:00:00;0.0;87.06865494706113;;168.1168159186665;;;;
2022-05-04 15:00:00;0.0;87.06865494706113;;163.7203474649613;;;;
2022-05-04 16:00:00;0.0;87.06865494706113;;156.719894583894;;;;
2022-05-04 17:00:00;0.0;87.06865494706113;;147.5955780875202;;;;
2022-05-04 18:00:00;0.0;87.06865494706113;;136.9684635936757;;;;
2022-05-04 19:00:00;0.0;87.06865494706113;;125.5617496363755;;;;
2022-05-04 20:00:00;0.0;87.06865494706113;;114.1496648465074;;;;
2022-05-04 21:00:00;0.0;87.06865494706113;;103.5139358507275;;;;
2022-05-04 22:00:00;0.0;87.06865494706113;;94.36188199299464;;;;
2022-05-04 23:00:00;0.0;87.06865494706113;;88.21070289027647;;;;
2022-05-05 00:00:00;0.0;87.06865494706113;;84.57730219721716;;;;
2022-05-05 01:00:00;0.0;87.06865494706113;;83.77220650982136;;;;
2022-05-05 02:00:00;0.0;87.06865494706113;;84.98801649500002;;;;
2022-05-05 03:00:00;0.0;87.06865494706113;;89.06131425079238;;;;
2022-05-05 04:00:00;0.0;87.06865494706113;;95.66330069583586;;;;
2022-05-05 05:00:00;0.0;87.06865494706113;;104.3005087673029;;;;
2022-05-05 06:00:00;0.0;87.06865494706113;;114.3362755055948;;;;
2022-05-05 07:00:00;0.0;87.06865494706113;;125.0408129971463;;;;
2022-05-05 08:00:00;0.0;87.06865494706113;;135.6470152239557;;;;
2022-05-05 09:00:00;0.0;87.06865494706113;;145.4000032657902;;;;
2022-05-05 10:00:00;0.0;87.06865494706113;;153.617637405904;;;;
2022-05-05 11:00:00;0.0;87.06865494706113;;159.7270571078178;;;;
2022-05-05 12:00:00;0.0;87.06865494706113;;163.3046839938128;;;;
2022-05-05 13:00:00;0.0;87.06865494706113;;164.104194216573;;;;
2022-05-05 14:00:00;0.0;87.06865494706113;;162.0598086284722;;;;
2022-05-05 15:00:00;0.0;87.06865494706113;;157.3068939907706;;;;
2022-05-05 16:00:00;0.0;87.06865494706113;;150.1593999839762;;;;
2022-05-05 17:00:00;0.0;87.06865494706113;;141.0960969517741;;;;
2022-05-05 18:00:00;0.0;87.06865494706113;;130.7156071164839;;;;
2022-05-05 19:00:00;0.0;87.06865494706113;;119.6993340212848;;;;
2022-05-05 20:00:00;0.0;87.06865494706113;;108.7739929893983;;;;
2022-05-05 21:00:00;0.0;87.06865494706113;;98.6570013762799;;;;
2022-05-05 22:00:00;0.0;87.06865494706113;;90.00996208501152;;;;
2022-05-05 23:00:00;0.0;87.06865494706113;;84.46774916211038;;;;
2022-05-06 00:00:00;0.0;87.06865494706113;;81.37016426910714;;;;
2022-05-06 01:00:00;0.0;87.06865494706113;;81.03043415727342;;;;
2022-05-06 02:00:00;0.0;87.06865494706113;;82.51078760935717;;;;
2022-05-06 03:00:00;0.0;87.06865494706113;;86.84823402473728;;;;
2022-05-06 04:00:00;0.0;87.06865494706113;;93.76480985842169;;;;
2022-05-06 05:00:00;0.0;87.06865494706113;;102.8173263310647;;;;
2022-05-06 06:00:00;0.0;87.06865494706113;;113.4198487759137;;;;
2022-05-06 07:00:00;0.0;87.06865494706113;;124.8909596796998;;;;
2022-05-06 08:00:00;0.0;87.06865494706113;;136.489758418037;;;;
2022-05-06 09:00:00;0.0;87.06865494706113;;147.4731524415772;;;;
2022-05-06 10:00:00;0.0;87.06865494706113;;157.1271305846814;;;;
2022-05-06 11:00:00;0.0;87.06865494706113;;164.8202900542053;;;;
2022-05-06 12:00:00;0.0;87.06865494706113;;170.051878934731;;;;
2022-05-06 13:00:00;0.0;87.06865494706113;;172.4829045525775;;;;
2022-05-06 14:00:00;0.0;87.06865494706113;;171.9680427435117;;;;
2022-05-06 15:00:00;0.0;87.06865494706113;;168.5480631604486;;;;
2022-05-06 16:00:00;0.0;87.06865494706113;;162.4691695934939;;;;
2022-05-06 17:00:00;0.0;87.06865494706113;;154.1609712248371;;;;
2022-05-06 18:00:00;0.0;87.06865494706113;;144.2095714808739;;;;
2022-05-06 19:00:00;0.0;87.06865494706113;;133.3246738427169;;;;
2022-05-06 20:00:00;0.0;87.06865494706113;;122.2931775323116;;;;
2022-05-06 21:00:00;0.0;87.06865494706113;;111.9342530189774;;;;
2022-05-06 22:00:00;0.0;87.06865494706113;;103.0291728071375;;;;
2022-05-06 23:00:00;0.0;87.06865494706113;;96.7333381303196;;;;
2022-05-07 00:00:00;0.0;87.06865494706113;;93.1433369591055;;;;
2022-05-07 01:00:00;0.0;87.06865494706113;;92.6630196128506;;;;
2022-05-07 02:00:00;0.0;87.06865494706113;;95.0284893559133;;;;
2022-05-07 03:00:00;0.0;87.06865494706113;;100.6682260997267;;;;
2022-05-07 04:00:00;0.0;87.06865494706113;;109.3050020392074;;;;
2022-05-07 05:00:00;0.0;87.06865494706113;;120.4486214395714;;;;
2022-05-07 06:00:00;0.0;87.06865494706113;;133.4272708330116;;;;
2022-05-07 07:00:00;0.0;87.06865494706113;;147.4264820938816;;;;
2022-05-07 08:00:00;0.0;87.06865494706113;;161.5492700221404;;;;
2022-05-07 09:00:00;0.0;87.06865494706113;;174.8781594651888;;;;
2022-05-07 10:00:00;0.0;87.06865494706113;;186.5302972294522;;;;
2022-05-07 11:00:00;0.0;87.06865494706113;;195.7254986408714;;;;
2022-05-07 12:00:00;0.0;87.06865494706113;;201.8508296212165;;;;
2022-05-07 13:00:00;0.0;87.06865494706113;;204.4971322587112;;;;
2022-05-07 14:00:00;0.0;87.06865494706113;;203.5001003623828;;;;
2022-05-07 15:00:00;0.0;87.06865494706113;;198.9405403202066;;;;
2022-05-07 16:00:00;0.0;87.06865494706113;;191.1472805992553;;;;
2022-05-07 17:00:00;0.0;87.06865494706113;;180.6705447778289;;;;
2022-05-07 18:00:00;0.0;87.06865494706113;;168.2483448901944;;;;
2022-05-07 19:00:00;0.0;87.06865494706113;;154.7629435442234;;;;
2022-05-07 20:00:00;0.0;87.06865494706113;;141.1636628200403;;;;
2022-05-07 21:00:00;0.0;87.06865494706113;;128.4122776270576;;;;
2022-05-07 22:00:00;0.0;87.06865494706113;;117.4118067647481;;;;
2022-05-07 23:00:00;0.0;87.06865494706113;;108.1621841709347;;;;
2022-05-08 00:00:00;0.0;87.06865494706113;;102.0419530923484;;;;
2022-05-08 01:00:00;0.0;87.06865494706113;;99.3930673734836;;;;
2022-05-08 02:00:00;0.0;87.06865494706113;;101.0843877180078;;;;
2022-05-08 03:00:00;0.0;87.06865494706113;;106.1716902280642;;;;
2022-05-08 04:00:00;0.0;87.06865494706113;;114.2880675888185;;;;
2022-05-08 05:00:00;0.0;87.06865494706113;;124.8543874903725;;;;
2022-05-08 06:00:00;0.0;87.06865494706113;;137.1127721276052;;;;
2022-05-08 07:00:00;0.0;87.06865494706113;;150.1852991288848;;;;
2022-05-08 08:00:00;0.0;87.06865494706113;;163.1539080927375;;;;
2022-05-08 09:00:00;0.0;87.06865494706113;;175.1123403947112;;;;
2022-05-08 10:00:00;0.0;87.06865494706113;;185.2262637281277;;;;
2022-05-08 11:00:00;0.0;87.06865494706113;;192.7795546396815;;;;
2022-05-08 12:00:00;0.0;87.06865494706113;;197.2410246223757;;;;
2022-05-08 13:00:00;0.0;87.06865494706113;;198.2951057739307;;;;
2022-05-08 14:00:00;0.0;87.06865494706113;;195.8689963759782;;;;
2022-05-08 15:00:00;0.0;87.06865494706113;;190.1149731513433;;;;
2022-05-08 16:00:00;0.0;87.06865494706113;;181.4323067986378;;;;
2022-05-08 17:00:00;0.0;87.06865494706113;;170.3953181570591;;;;
2022-05-08 18:00:00;0.0;87.06865494706113;;157.7496032958686;;;;
2022-05-08 19:00:00;0.0;87.06865494706113;;144.3119080739959;;;;
2022-05-08 20:00:00;0.0;87.06865494706113;;130.9762919422612;;;;
2022-05-08 21:00:00;0.0;87.06865494706113;;118.6101859684023;;;;
2022-05-08 22:00:00;0.0;87.06865494706113;;108.020331563152;;;;
2022-05-08 23:00:00;0.0;87.06865494706113;;98.41783074353197;;;;
2022-05-09 00:00:00;0.0;87.06865494706113;;91.8028647025766;;;;
2022-05-09 01:00:00;0.0;87.06865494706113;;88.42946727234185;;;;
2022-05-09 02:00:00;0.0;87.06865494706113;;89.79599730244632;;;;
2022-05-09 03:00:00;0.0;87.06865494706113;;94.22967088895378;;;;
2022-05-09 04:00:00;0.0;87.06865494706113;;101.3988758001299;;;;
2022-05-09 05:00:00;0.0;87.06865494706113;;110.7937843465208;;;;
2022-05-09 06:00:00;0.0;87.06865494706113;;121.7667744365269;;;;
2022-05-09 07:00:00;0.0;87.06865494706113;;133.5615339022798;;;;
2022-05-09 08:00:00;0.0;87.06865494706113;;145.3669967188272;;;;
2022-05-09 09:00:00;0.0;87.06865494706113;;156.3779952426157;;;;
2022-05-09 10:00:00;0.0;87.06865494706113;;165.8531531815805;;;;
2022-05-09 11:00:00;0.0;87.06865494706113;;173.149945747361;;;;
2022-05-09 12:00:00;0.0;87.06865494706113;;177.7715314608196;;;;
2022-05-09 13:00:00;0.0;87.06865494706113;;179.4095810895691;;;;
2022-05-09 14:00:00;0.0;87.06865494706113;;177.9537590509679;;;;
2022-05-09 15:00:00;0.0;87.06865494706113;;173.4992237232836;;;;
2022-05-09 16:00:00;0.0;87.06865494706113;;166.3411493324972;;;;
2022-05-09 17:00:00;0.0;87.06865494706113;;156.9686426086039;;;;
2022-05-09 18:00:00;0.0;87.06865494706113;;146.0193744133721;;;;
2022-05-09 19:00:00;0.0;87.06865494706113;;134.2431535976656;;;;
2022-05-09 20:00:00;0.0;87.06865494706113;;122.4456365362519;;;;
2022-05-09 21:00:00;0.0;87.06865494706113;;111.4390590205762;;;;
2022-05-09 22:00:00;0.0;87.06865494706113;;101.9847222387178;;;;
2022-05-09 23:00:00;0.0;87.06865494706113;;93.55831659093002;;;;
2022-05-10 00:00:00;0.0;87.06865494706113;;87.88330839231368;;;;
2022-05-10 01:00:00;0.0;87.06865494706113;;85.24840312590291;;;;
2022-05-10 02:00:00;0.0;87.06865494706113;;86.91418331321923;;;;
2022-05-10 03:00:00;0.0;87.06865494706113;;91.53825354049437;;;;
2022-05-10 04:00:00;0.0;87.06865494706113;;98.82238716625504;;;;
2022-05-10 05:00:00;0.0;87.06865494706113;;108.2799921661068;;;;
2022-05-10 06:00:00;0.0;87.06865494706113;;119.2747218668647;;;;
2022-05-10 07:00:00;0.0;87.06865494706113;;131.0544792417426;;;;
2022-05-10 08:00:00;0.0;87.06865494706113;;142.8208402484143;;;;
2022-05-10 09:00:00;0.0;87.06865494706113;;153.7595100741599;;;;
2022-05-10 10:00:00;0.0;87.06865494706113;;163.1141849266623;;;;
2022-05-10 11:00:00;0.0;87.06865494706113;;170.2404251313023;;;;
2022-05-10 12:00:00;0.0;87.06865494706113;;174.6504778182913;;;;
2022-05-10 13:00:00;0.0;87.06865494706113;;176.0323916450236;;;;
2022-05-10 14:00:00;0.0;87.06865494706113;;174.2828132010531;;;;
2022-05-10 15:00:00;0.0;87.06865494706113;;169.5156429171697;;;;
2022-05-10 16:00:00;0.0;87.06865494706113;;162.0539841367453;;;;
2022-05-10 17:00:00;0.0;87.06865494706113;;152.4057130470037;;;;
2022-05-10 18:00:00;0.0;87.06865494706113;;141.2265977087591;;;;
2022-05-10 19:00:00;0.0;87.06865494706113;;129.2773861659914;;;;
2022-05-10 20:00:00;0.0;87.06865494706113;;117.3546416084666;;;;
2022-05-10 21:00:00;0.0;87.06865494706113;;106.2510413066498;;;;
2022-05-10 22:00:00;0.0;87.06865494706113;;96.69075625179912;;;;
2022-05-10 23:00:00;0.0;87.06865494706113;;89.17870748601264;;;;
2022-05-11 00:00:00;0.0;87.06865494706113;;84.28153886694277;;;;
2022-05-11 01:00:00;0.0;87.06865494706113;;82.26176486229531;;;;
2022-05-11 02:00:00;0.0;87.06865494706113;;83.29041784968763;;;;
2022-05-11 03:00:00;0.0;87.06865494706113;;87.10091955486658;;;;
2022-05-11 04:00:00;0.0;87.06865494706113;;93.36556555241457;;;;
2022-05-11 05:00:00;0.0;87.06865494706113;;101.5766350806305;;;;
2022-05-11 06:00:00;0.0;87.06865494706113;;111.1026287572097;;;;
2022-05-11 07:00:00;0.0;87.06865494706113;;121.2271144297457;;;;
2022-05-11 08:00:00;0.0;87.06865494706113;;131.2051044829303;;;;
2022-05-11 09:00:00;0.0;87.06865494706113;;140.312208103214;;;;
2022-05-11 10:00:00;0.0;87.06865494706113;;147.8912408954542;;;;
2022-05-11 11:00:00;0.0;87.06865494706113;;153.3950510110696;;;;
2022-05-11 12:00:00;0.0;87.06865494706113;;156.4402290588109;;;;
2022-05-11 13:00:00;0.0;87.06865494706113;;156.792878413809;;;;
2022-05-11 14:00:00;0.0;87.06865494706113;;154.4244873512783;;;;
2022-05-11 15:00:00;0.0;87.06865494706113;;149.4748106050482;;;;
2022-05-11 16:00:00;0.0;87.06865494706113;;142.2804030616043;;;;
2022-05-11 17:00:00;0.0;87.06865494706113;;133.3105916531517;;;;
2022-05-11 18:00:00;0.0;87.06865494706113;;123.1492876028885;;;;
2022-05-11 19:00:00;0.0;87.06865494706113;;112.4462314209815;;;;
2022-05-11 20:00:00;0.0;87.06865494706113;;101.8808343324667;;;;
2022-05-11 21:00:00;0.0;87.06865494706113;;92.125961281967;;;;
2022-05-11 22:00:00;0.0;87.06865494706113;;83.79604103707844;;;;
2022-05-11 23:00:00;0.0;87.06865494706113;;78.21826507530564;;;;
2022-05-12 00:00:00;0.0;87.06865494706113;;74.94425015125435;;;;
2022-05-12 01:00:00;0.0;87.06865494706113;;74.23475128892335;;;;
2022-05-12 02:00:00;0.0;87.06865494706113;;75.37252014271854;;;;
2022-05-12 03:00:00;0.0;87.06865494706113;;79.11232386087049;;;;
2022-05-12 04:00:00;0.0;87.06865494706113;;85.17770978535592;;;;
2022-05-12 05:00:00;0.0;87.06865494706113;;93.1513778235692;;;;
2022-05-12 06:00:00;0.0;87.06865494706113;;102.4902680175044;;;;
2022-05-12 07:00:00;0.0;87.06865494706113;;112.5711943622031;;;;
2022-05-12 08:00:00;0.0;87.06865494706113;;122.7310853679377;;;;
2022-05-12 09:00:00;0.0;87.06865494706113;;132.2947652122492;;;;
2022-05-12 10:00:00;0.0;87.06865494706113;;140.6326459990715;;;;
2022-05-12 11:00:00;0.0;87.06865494706113;;147.1911182575037;;;;
2022-05-12 12:00:00;0.0;87.06865494706113;;151.5455735608595;;;;
2022-05-12 13:00:00;0.0;87.06865494706113;;153.4083199206217;;;;
2022-05-12 14:00:00;0.0;87.06865494706113;;152.6536268048767;;;;
2022-05-12 15:00:00;0.0;87.06865494706113;;149.3416924743853;;;;
2022-05-12 16:00:00;0.0;87.06865494706113;;143.7111645404808;;;;
2022-05-12 17:00:00;0.0;87.06865494706113;;136.1514970547512;;;;
2022-05-12 18:00:00;0.0;87.06865494706113;;127.1818405792231;;;;
2022-05-12 19:00:00;0.0;87.06865494706113;;117.4199028540657;;;;
2022-05-12 20:00:00;0.0;87.06865494706113;;107.5704479233312;;;;
2022-05-12 21:00:00;0.0;87.06865494706113;;98.34441493843804;;;;
2022-05-12 22:00:00;0.0;87.06865494706113;;90.4294849609673;;;;
2022-05-12 23:00:00;0.0;87.06865494706113;;85.51869442368015;;;;
2022-05-13 00:00:00;0.0;87.06865494706113;;82.9915301542588;;;;
2022-05-13 01:00:00;0.0;87.06865494706113;;83.21783078571386;;;;
2022-05-13 02:00:00;0.0;87.06865494706113;;85.28985819806489;;;;
2022-05-13 03:00:00;0.0;87.06865494706113;;90.30226501074246;;;;
2022-05-13 04:00:00;0.0;87.06865494706113;;98.006880544249;;;;
2022-05-13 05:00:00;0.0;87.06865494706113;;107.9662920270752;;;;
2022-05-13 06:00:00;0.0;87.06865494706113;;119.5808255847771;;;;
2022-05-13 07:00:00;0.0;87.06865494706113;;132.1153748501483;;;;
2022-05-13 08:00:00;0.0;87.06865494706113;;144.7696394285986;;;;
2022-05-13 09:00:00;0.0;87.06865494706113;;156.7180609728714;;;;
2022-05-13 10:00:00;0.0;87.06865494706113;;167.1816323405199;;;;
2022-05-13 11:00:00;0.0;87.06865494706113;;175.4570930576321;;;;
2022-05-13 12:00:00;0.0;87.06865494706113;;181.0037113419409;;;;
2022-05-13 13:00:00;0.0;87.06865494706113;;183.4479880081824;;;;
2022-05-13 14:00:00;0.0;87.06865494706113;;182.6306056593916;;;;
2022-05-13 15:00:00;0.0;87.06865494706113;;178.6182500356069;;;;
2022-05-13 16:00:00;0.0;87.06865494706113;;171.700815594611;;;;
2022-05-13 17:00:00;0.0;87.06865494706113;;162.3762614280838;;;;
2022-05-13 18:00:00;0.0;87.06865494706113;;151.3008828926918;;;;
2022-05-13 19:00:00;0.0;87.06865494706113;;139.2634976130995;;;;
2022-05-13 20:00:00;0.0;87.06865494706113;;127.1210212828329;;;;
2022-05-13 21:00:00;0.0;87.06865494706113;;115.7400606213519;;;;
2022-05-13 22:00:00;0.0;87.06865494706113;;105.9215885397965;;;;
2022-05-13 23:00:00;0.0;87.06865494706113;;98.83803491279428;;;;
2022-05-14 00:00:00;0.0;87.06865494706113;;94.54875563752157;;;;
2022-05-14 01:00:00;0.0;87.06865494706113;;93.42166884124627;;;;
2022-05-14 02:00:00;0.0;87.06865494706113;;95.12361106846224;;;;
2022-05-14 03:00:00;0.0;87.06865494706113;;100.0359844716059;;;;
2022-05-14 04:00:00;0.0;87.06865494706113;;107.8257907297185;;;;
2022-05-14 05:00:00;0.0;87.06865494706113;;117.9540303271059;;;;
2022-05-14 06:00:00;0.0;87.06865494706113;;129.7185531472722;;;;
2022-05-14 07:00:00;0.0;87.06865494706113;;142.2990664080187;;;;
2022-05-14 08:00:00;0.0;87.06865494706113;;154.8261796652738;;;;
2022-05-14 09:00:00;0.0;87.06865494706113;;166.4349556132795;;;;
2022-05-14 10:00:00;0.0;87.06865494706113;;176.3286678551978;;;;
2022-05-14 11:00:00;0.0;87.06865494706113;;183.8176505513194;;;;
2022-05-14 12:00:00;0.0;87.06865494706113;;188.3901716473183;;;;
2022-05-14 13:00:00;0.0;87.06865494706113;;189.7440152932511;;;;
2022-05-14 14:00:00;0.0;87.06865494706113;;187.7781780553912;;;;
2022-05-14 15:00:00;0.0;87.06865494706113;;182.625948612768;;;;
2022-05-14 16:00:00;0.0;87.06865494706113;;174.6329046212873;;;;
2022-05-14 17:00:00;0.0;87.06865494706113;;164.3534672737669;;;;
2022-05-14 18:00:00;0.0;87.06865494706113;;152.4758239706407;;;;
2022-05-14 19:00:00;0.0;87.06865494706113;;139.7926154459741;;;;
2022-05-14 20:00:00;0.0;87.06865494706113;;127.1603810666567;;;;
2022-05-14 21:00:00;0.0;87.06865494706113;;115.4283271879972;;;;
2022-05-14 22:00:00;0.0;87.06865494706113;;105.3725810418601;;;;
2022-05-14 23:00:00;0.0;87.06865494706113;;96.97436560856345;;;;
2022-05-15 00:00:00;0.0;87.06865494706113;;91.4512594722754;;;;
2022-05-15 01:00:00;0.0;87.06865494706113;;89.1049471891854;;;;
2022-05-15 02:00:00;0.0;87.06865494706113;;90.7106390220968;;;;
2022-05-15 03:00:00;0.0;87.06865494706113;;95.4280255621822;;;;
2022-05-15 04:00:00;0.0;87.06865494706113;;102.9467858133876;;;;
2022-05-15 05:00:00;0.0;87.06865494706113;;112.7650419431396;;;;
2022-05-15 06:00:00;0.0;87.06865494706113;;124.2378037751196;;;;
2022-05-15 07:00:00;0.0;87.06865494706113;;136.606276913145;;;;
2022-05-15 08:00:00;0.0;87.06865494706113;;149.0535365740875;;;;
2022-05-15 09:00:00;0.0;87.06865494706113;;160.7487449874574;;;;
2022-05-15 10:00:00;0.0;87.06865494706113;;170.9188457605295;;;;
2022-05-15 11:00:00;0.0;87.06865494706113;;178.8814582105041;;;;
2022-05-15 12:00:00;0.0;87.06865494706113;;184.1133069166941;;;;
2022-05-15 13:00:00;0.0;87.06865494706113;;186.2559607735712;;;;
2022-05-15 14:00:00;0.0;87.06865494706113;;185.1792065611604;;;;
2022-05-15 15:00:00;0.0;87.06865494706113;;180.9589097621992;;;;
2022-05-15 16:00:00;0.0;87.06865494706113;;173.8995038215504;;;;
2022-05-15 17:00:00;0.0;87.06865494706113;;164.4788026710026;;;;
2022-05-15 18:00:00;0.0;87.06865494706113;;153.3505777005036;;;;
2022-05-15 19:00:00;0.0;87.06865494706113;;141.2869609552334;;;;
2022-05-15 20:00:00;0.0;87.06865494706113;;129.1396267389759;;;;
2022-05-15 21:00:00;0.0;87.06865494706113;;117.7734318245035;;;;
2022-05-15 22:00:00;0.0;87.06865494706113;;107.9994782259942;;;;
2022-05-15 23:00:00;0.0;87.06865494706113;;99.05873686098523;;;;
2022-05-16 00:00:00;0.0;87.06865494706113;;93.0061866109373;;;;
2022-05-16 01:00:00;0.0;87.06865494706113;;90.15736859797238;;;;
2022-05-16 02:00:00;0.0;87.06865494706113;;92.0796672979635;;;;
2022-05-16 03:00:00;0.0;87.06865494706113;;97.13692495960204;;;;
2022-05-16 04:00:00;0.0;87.06865494706113;;105.0291309487402;;;;
2022-05-16 05:00:00;0.0;87.06865494706113;;115.2537737598999;;;;
2022-05-16 06:00:00;0.0;87.06865494706113;;127.1449461412651;;;;
2022-05-16 07:00:00;0.0;87.06865494706113;;139.9042848578745;;;;
2022-05-16 08:00:00;0.0;87.06865494706113;;152.6684893314313;;;;
2022-05-16 09:00:00;0.0;87.06865494706113;;164.5705596366235;;;;
2022-05-16 10:00:00;0.0;87.06865494706113;;174.798083730237;;;;
2022-05-16 11:00:00;0.0;87.06865494706113;;182.6492111133653;;;;
2022-05-16 12:00:00;0.0;87.06865494706113;;187.578186460319;;;;
2022-05-16 13:00:00;0.0;87.06865494706113;;189.2501334446354;;;;
2022-05-16 14:00:00;0.0;87.06865494706113;;187.5405739703064;;;;
2022-05-16 15:00:00;0.0;87.06865494706113;;182.5708723172758;;;;
2022-05-16 16:00:00;0.0;87.06865494706113;;174.6754862277543;;;;
2022-05-16 17:00:00;0.0;87.06865494706113;;164.3987112663752;;;;
2022-05-16 18:00:00;0.0;87.06865494706113;;152.4460339204652;;;;
2022-05-16 19:00:00;0.0;87.06865494706113;;139.6272217740861;;;;
2022-05-16 20:00:00;0.0;87.06865494706113;;126.8169934794346;;;;
2022-05-16 21:00:00;0.0;87.06865494706113;;114.86600874807;;;;
2022-05-16 22:00:00;0.0;87.06865494706113;;104.5709429685055;;;;
2022-05-16 23:00:00;0.0;87.06865494706113;;95.40001742950471;;;;
2022-05-17 00:00:00;0.0;87.06865494706113;;89.07491249469057;;;;
2022-05-17 01:00:00;0.0;87.06865494706113;;85.84802707831216;;;;
2022-05-17 02:00:00;0.0;87.06865494706113;;86.93691463225795;;;;
2022-05-17 03:00:00;0.0;87.06865494706113;;90.93036188206568;;;;
2022-05-17 04:00:00;0.0;87.06865494706113;;97.46670477460876;;;;
2022-05-17 05:00:00;0.0;87.06865494706113;;106.0264878302073;;;;
2022-05-17 06:00:00;0.0;87.06865494706113;;115.9443428187072;;;;
2022-05-17 07:00:00;0.0;87.06865494706113;;126.4816727132669;;;;
2022-05-17 08:00:00;0.0;87.06865494706113;;136.8536794130839;;;;
2022-05-17 09:00:00;0.0;87.06865494706113;;146.2999099035738;;;;
2022-05-17 10:00:00;0.0;87.06865494706113;;154.1274539016411;;;;
2022-05-17 11:00:00;0.0;87.06865494706113;;159.7730420968083;;;;
2022-05-17 12:00:00;0.0;87.06865494706113;;162.8307312047211;;;;
2022-05-17 13:00:00;0.0;87.06865494706113;;163.0725487549279;;;;
2022-05-17 14:00:00;0.0;87.06865494706113;;160.4745114585343;;;;
2022-05-17 15:00:00;0.0;87.06865494706113;;155.1953144183266;;;;
2022-05-17 16:00:00;0.0;87.06865494706113;;147.5801974307838;;;;
2022-05-17 17:00:00;0.0;87.06865494706113;;138.116619699269;;;;
2022-05-17 18:00:00;0.0;87.06865494706113;;127.4215792169216;;;;
2022-05-17 19:00:00;0.0;87.06865494706113;;116.1758206243553;;;;
2022-05-17 20:00:00;0.0;87.06865494706113;;105.0985043679622;;;;
2022-05-17 21:00:00;0.0;87.06865494706113;;94.88054728815254;;;;
2022-05-17 22:00:00;0.0;87.06865494706113;;86.15897348311404;;;;
2022-05-17 23:00:00;0.0;87.06865494706113;;79.35309641262094;;;;
2022-05-18 00:00:00;0.0;87.06865494706113;;74.93966359653686;;;;
2022-05-18 01:00:00;0.0;87.06865494706113;;73.13770626265476;;;;
2022-05-18 02:00:00;0.0;87.06865494706113;;74.09180128324876;;;;
2022-05-18 03:00:00;0.0;87.06865494706113;;77.58218875769091;;;;
2022-05-18 04:00:00;0.0;87.06865494706113;;83.32676983906467;;;;
2022-05-18 05:00:00;0.0;87.06865494706113;;90.89540213126652;;;;
2022-05-18 06:00:00;0.0;87.06865494706113;;99.75242834594953;;;;
2022-05-18 07:00:00;0.0;87.06865494706113;;109.2758672718418;;;;
2022-05-18 08:00:00;0.0;87.06865494706113;;118.8109113207799;;;;
2022-05-18 09:00:00;0.0;87.06865494706113;;127.7107342488766;;;;
2022-05-18 10:00:00;0.0;87.06865494706113;;135.372056851263;;;;
2022-05-18 11:00:00;0.0;87.06865494706113;;141.2841186397716;;;;
2022-05-18 12:00:00;0.0;87.06865494706113;;145.0459962776636;;;;
2022-05-18 13:00:00;0.0;87.06865494706113;;146.4105188428137;;;;
2022-05-18 14:00:00;0.0;87.06865494706113;;145.2783590280032;;;;
2022-05-18 15:00:00;0.0;87.06865494706113;;141.7256611769787;;;;
2022-05-18 16:00:00;0.0;87.06865494706113;;135.9873011273123;;;;
2022-05-18 17:00:00;0.0;87.06865494706113;;128.4568457759521;;;;
2022-05-18 18:00:00;0.0;87.06865494706113;;119.6433325967047;;;;
2022-05-18 19:00:00;0.0;87.06865494706113;;110.1498385660189;;;;
2022-05-18 20:00:00;0.0;87.06865494706113;;100.6322412737672;;;;
2022-05-18 21:00:00;0.0;87.06865494706113;;91.75121989038944;;;;
2022-05-18 22:00:00;0.0;87.06865494706113;;84.13779818802598;;;;
2022-05-18 23:00:00;0.0;87.06865494706113;;79.16608662675652;;;;
2022-05-19 00:00:00;0.0;87.06865494706113;;76.43694438642748;;;;
2022-05-19 01:00:00;0.0;87.06865494706113;;76.26066843203351;;;;
2022-05-19 02:00:00;0.0;87.06865494706113;;77.95799391196903;;;;
2022-05-19 03:00:00;0.0;87.06865494706113;;82.33094250235837;;;;
2022-05-19 04:00:00;0.0;87.06865494706113;;89.13288438911046;;;;
2022-05-19 05:00:00;0.0;87.06865494706113;;97.95376810286372;;;;
2022-05-19 06:00:00;0.0;87.06865494706113;;108.2331853454887;;;;
2022-05-19 07:00:00;0.0;87.06865494706113;;119.313082474659;;;;
2022-05-19 08:00:00;0.0;87.06865494706113;;130.4570536804392;;;;
2022-05-19 09:00:00;0.0;87.06865494706113;;140.9290384918832;;;;
2022-05-19 10:00:00;0.0;87.06865494706113;;150.0227577485742;;;;
2022-05-19 11:00:00;0.0;87.06865494706113;;157.1367234747407;;;;
2022-05-19 12:00:00;0.0;87.06865494706113;;161.7877056459416;;;;
2022-05-19 13:00:00;0.0;87.06865494706113;;163.6685592113978;;;;
2022-05-19 14:00:00;0.0;87.06865494706113;;162.6495407462497;;;;
2022-05-19 15:00:00;0.0;87.06865494706113;;158.813921462448;;;;
2022-05-19 16:00:00;0.0;87.06865494706113;;152.4271527233578;;;;
2022-05-19 17:00:00;0.0;87.06865494706113;;143.9407831929231;;;;
2022-05-19 18:00:00;0.0;87.06865494706113;;133.936783503884;;;;
2022-05-19 19:00:00;0.0;87.06865494706113;;123.1157811594094;;;;
2022-05-19 20:00:00;0.0;87.06865494706113;;112.2297843577477;;;;
2022-05-19 21:00:00;0.0;87.06865494706113;;102.0448468753913;;;;
2022-05-19 22:00:00;0.0;87.06865494706113;;93.2719589693533;;;;
2022-05-19 23:00:00;0.0;87.06865494706113;;87.63419784639824;;;;
2022-05-20 00:00:00;0.0;87.06865494706113;;84.46486218798829;;;;
2022-05-20 01:00:00;0.0;87.06865494706113;;84.09763870839642;;;;
2022-05-20 02:00:00;0.0;87.06865494706113;;85.55397521707931;;;;
2022-05-20 03:00:00;0.0;87.06865494706113;;89.89681658414226;;;;
2022-05-20 04:00:00;0.0;87.06865494706113;;96.81676645878493;;;;
2022-05-20 05:00:00;0.0;87.06865494706113;;105.8267982367306;;;;
2022-05-20 06:00:00;0.0;87.06865494706113;;116.2982107581346;;;;
2022-05-20 07:00:00;0.0;87.06865494706113;;127.4993528786278;;;;
2022-05-20 08:00:00;0.0;87.06865494706113;;138.6516278137532;;;;
2022-05-20 09:00:00;0.0;87.06865494706113;;148.9846171661268;;;;
2022-05-20 10:00:00;0.0;87.06865494706113;;157.7804612600984;;;;
2022-05-20 11:00:00;0.0;87.06865494706113;;164.4443895395314;;;;
2022-05-20 12:00:00;0.0;87.06865494706113;;168.5142420822995;;;;
2022-05-20 13:00:00;0.0;87.06865494706113;;169.7168279291801;;;;
2022-05-20 14:00:00;0.0;87.06865494706113;;167.9575525909381;;;;
2022-05-20 15:00:00;0.0;87.06865494706113;;163.3613841230392;;;;
2022-05-20 16:00:00;0.0;87.06865494706113;;156.2430873024724;;;;
2022-05-20 17:00:00;0.0;87.06865494706113;;147.0846028407371;;;;
2022-05-20 18:00:00;0.0;87.06865494706113;;136.5036611477851;;;;
2022-05-20 19:00:00;0.0;87.06865494706113;;125.2112448196563;;;;
2022-05-20 20:00:00;0.0;87.06865494706113;;113.9667395001732;;;;
2022-05-20 21:00:00;0.0;87.06865494706113;;103.52452275636;;;;
2022-05-20 22:00:00;0.0;87.06865494706113;;94.5831965228887;;;;
2022-05-20 23:00:00;0.0;87.06865494706113;;88.18135526317342;;;;
2022-05-21 00:00:00;0.0;87.06865494706113;;84.34596320503346;;;;
2022-05-21 01:00:00;0.0;87.06865494706113;;83.39006047786222;;;;
2022-05-21 02:00:00;0.0;87.06865494706113;;85.00664219687516;;;;
2022-05-21 03:00:00;0.0;87.06865494706113;;89.56305145959081;;;;
2022-05-21 04:00:00;0.0;87.06865494706113;;96.77564569686984;;;;
2022-05-21 05:00:00;0.0;87.06865494706113;;106.1892044592359;;;;
2022-05-21 06:00:00;0.0;87.06865494706113;;117.1991081558423;;;;
2022-05-21 07:00:00;0.0;87.06865494706113;;129.0961093099806;;;;
2022-05-21 08:00:00;0.0;87.06865494706113;;141.1188030428285;;;;
2022-05-21 09:00:00;0.0;87.06865494706113;;152.4864440089973;;;;
2022-05-21 10:00:00;0.0;87.06865494706113;;162.4588266807924;;;;
2022-05-21 11:00:00;0.0;87.06865494706113;;170.374491594772;;;;
2022-05-21 12:00:00;0.0;87.06865494706113;;175.7159854526563;;;;
2022-05-21 13:00:00;0.0;87.06865494706113;;178.1434689553856;;;;
2022-05-21 14:00:00;0.0;87.06865494706113;;177.5080033183212;;;;
2022-05-21 15:00:00;0.0;87.06865494706113;;173.8617687263533;;;;
2022-05-21 16:00:00;0.0;87.06865494706113;;167.4575012483432;;;;
2022-05-21 17:00:00;0.0;87.06865494706113;;158.7461290578249;;;;
2022-05-21 18:00:00;0.0;87.06865494706113;;148.3391201435753;;;;
2022-05-21 19:00:00;0.0;87.06865494706113;;136.9835997398882;;;;
2022-05-21 20:00:00;0.0;87.06865494706113;;125.495027772553;;;;
2022-05-21 21:00:00;0.0;87.06865494706113;;114.7189604090658;;;;
2022-05-21 22:00:00;0.0;87.06865494706113;;105.4505722705771;;;;
2022-05-21 23:00:00;0.0;87.06865494706113;;97.70228311928724;;;;
2022-05-22 00:00:00;0.0;87.06865494706113;;92.74096133641952;;;;
2022-05-22 01:00:00;0.0;87.06865494706113;;90.92758792029014;;;;
2022-05-22 02:00:00;0.0;87.06865494706113;;93.09644372499262;;;;
2022-05-22 03:00:00;0.0;87.06865494706113;;98.45715960468502;;;;
2022-05-22 04:00:00;0.0;87.06865494706113;;106.7195005108171;;;;
2022-05-22 05:00:00;0.0;87.06865494706113;;117.3934130946873;;;;
2022-05-22 06:00:00;0.0;87.06865494706113;;129.8101260828224;;;;
2022-05-22 07:00:00;0.0;87.06865494706113;;143.174960659522;;;;
2022-05-22 08:00:00;0.0;87.06865494706113;;156.6129784493812;;;;
2022-05-22 09:00:00;0.0;87.06865494706113;;169.2198356431353;;;;
2022-05-22 10:00:00;0.0;87.06865494706113;;180.1449403872328;;;;
2022-05-22 11:00:00;0.0;87.06865494706113;;188.64630733985;;;;
2022-05-22 12:00:00;0.0;87.06865494706113;;194.1701617988532;;;;
2022-05-22 13:00:00;0.0;87.06865494706113;;196.3346389963401;;;;
2022-05-22 14:00:00;0.0;87.06865494706113;;195.00346835949;;;;
2022-05-22 15:00:00;0.0;87.06865494706113;;190.2543909373232;;;;
2022-05-22 16:00:00;0.0;87.06865494706113;;182.4287856167388;;;;
2022-05-22 17:00:00;0.0;87.06865494706113;;172.071531335576;;;;
2022-05-22 18:00:00;0.0;87.06865494706113;;159.9050127549712;;;;
2022-05-22 19:00:00;0.0;87.06865494706113;;146.769056903298;;;;
2022-05-22 20:00:00;0.0;87.06865494706113;;133.5751641818671;;;;
2022-05-22 21:00:00;0.0;87.06865494706113;;121.2378195154371;;;;
2022-05-22 22:00:00;0.0;87.06865494706113;;110.6093175934776;;;;
2022-05-22 23:00:00;0.0;87.06865494706113;;100.90194502511;;;;
2022-05-23 00:00:00;0.0;87.06865494706113;;94.18229278248424;;;;
2022-05-23 01:00:00;0.0;87.06865494706113;;90.72135462105982;;;;
2022-05-23 02:00:00;0.0;87.06865494706113;;92.05432976956382;;;;
2022-05-23 03:00:00;0.0;87.06865494706113;;96.46288040832852;;;;
2022-05-23 04:00:00;0.0;87.06865494706113;;103.59160737834;;;;
2022-05-23 05:00:00;0.0;87.06865494706113;;112.8967702651427;;;;
2022-05-23 06:00:00;0.0;87.06865494706113;;123.6845086524449;;;;
2022-05-23 07:00:00;0.0;87.06865494706113;;135.1580518290661;;;;
2022-05-23 08:00:00;0.0;87.06865494706113;;146.4869157841756;;;;
2022-05-23 09:00:00;0.0;87.06865494706113;;156.8556766142567;;;;
2022-05-23 10:00:00;0.0;87.06865494706113;;165.5215191646751;;;;
2022-05-23 11:00:00;0.0;87.06865494706113;;171.858121975036;;;;
2022-05-23 12:00:00;0.0;87.06865494706113;;175.4171742690518;;;;
2022-05-23 13:00:00;0.0;87.06865494706113;;175.9355889250556;;;;
2022-05-23 14:00:00;0.0;87.06865494706113;;173.3730476239623;;;;
2022-05-23 15:00:00;0.0;87.06865494706113;;167.8861097915281;;;;
2022-05-23 16:00:00;0.0;87.06865494706113;;159.8414515792951;;;;
2022-05-23 17:00:00;0.0;87.06865494706113;;149.7591402694715;;;;
2022-05-23 18:00:00;0.0;87.06865494706113;;138.3072534401556;;;;
2022-05-23 19:00:00;0.0;87.06865494706113;;126.2244898592519;;;;
2022-05-23 20:00:00;0.0;87.06865494706113;;114.2919515695162;;;;
2022-05-23 21:00:00;0.0;87.06865494706113;;103.260907193935;;;;
2022-05-23 22:00:00;0.0;87.06865494706113;;93.82579350730704;;;;
2022-05-23 23:00:00;0.0;87.06865494706113;;85.4928283394757;;;;
2022-05-24 00:00:00;0.0;87.06865494706113;;79.77615057398286;;;;
2022-05-24 01:00:00;0.0;87.06865494706113;;76.88381836099418;;;;
2022-05-24 02:00:00;0.0;87.06865494706113;;77.90540269731864;;;;
2022-05-24 03:00:00;0.0;87.06865494706113;;81.58065223687193;;;;
2022-05-24 04:00:00;0.0;87.06865494706113;;87.60737468149217;;;;
2022-05-24 05:00:00;0.0;87.06865494706113;;95.53933700836338;;;;
2022-05-24 06:00:00;0.0;87.06865494706113;;104.8075022883836;;;;
2022-05-24 07:00:00;0.0;87.06865494706113;;114.7594042184035;;;;
2022-05-24 08:00:00;0.0;87.06865494706113;;124.6970895115976;;;;
2022-05-24 09:00:00;0.0;87.06865494706113;;133.9365520068332;;;;
2022-05-24 10:00:00;0.0;87.06865494706113;;141.8488866056599;;;;
2022-05-24 11:00:00;0.0;87.06865494706113;;147.8984939113669;;;;
2022-05-24 12:00:00;0.0;87.06865494706113;;151.667486387344;;;;
2022-05-24 13:00:00;0.0;87.06865494706113;;152.9065084381709;;;;
2022-05-24 14:00:00;0.0;87.06865494706113;;151.5193182044;;;;
2022-05-24 15:00:00;0.0;87.06865494706113;;147.6056865702599;;;;
2022-05-24 16:00:00;0.0;87.06865494706113;;141.4136263517099;;;;
2022-05-24 17:00:00;0.0;87.06865494706113;;133.3637005581591;;;;
2022-05-24 18:00:00;0.0;87.06865494706113;;123.9944089105356;;;;
2022-05-24 19:00:00;0.0;87.06865494706113;;113.9418972845935;;;;
2022-05-24 20:00:00;0.0;87.06865494706113;;103.8897659394498;;;;
2022-05-24 21:00:00;0.0;87.06865494706113;;94.52364446745048;;;;
2022-05-24 22:00:00;0.0;87.06865494706113;;86.4895573019098;;;;
2022-05-24 23:00:00;0.0;87.06865494706113;;80.25968804011038;;;;
2022-05-25 00:00:00;0.0;87.06865494706113;;76.35906970535481;;;;
2022-05-25 01:00:00;0.0;87.06865494706113;;75.05837664804417;;;;
2022-05-25 02:00:00;0.0;87.06865494706113;;76.54625149051137;;;;
2022-05-25 03:00:00;0.0;87.06865494706113;;80.64901593045221;;;;
2022-05-25 04:00:00;0.0;87.06865494706113;;87.10527766444463;;;;
2022-05-25 05:00:00;0.0;87.06865494706113;;95.49396259932828;;;;
2022-05-25 06:00:00;0.0;87.06865494706113;;105.2508531480021;;;;
2022-05-25 07:00:00;0.0;87.06865494706113;;115.7298851698215;;;;
2022-05-25 08:00:00;0.0;87.06865494706113;;126.2141205406557;;;;
2022-05-25 09:00:00;0.0;87.06865494706113;;135.9953325877288;;;;
2022-05-25 10:00:00;0.0;87.06865494706113;;144.4007852161441;;;;
2022-05-25 11:00:00;0.0;87.06865494706113;;150.8632633695995;;;;
2022-05-25 12:00:00;0.0;87.06865494706113;;154.9323176379025;;;;
2022-05-25 13:00:00;0.0;87.06865494706113;;156.3330793079011;;;;
2022-05-25 14:00:00;0.0;87.06865494706113;;154.9540168922502;;;;
2022-05-25 15:00:00;0.0;87.06865494706113;;150.8943085109618;;;;
2022-05-25 16:00:00;0.0;87.06865494706113;;144.4273171457991;;;;
2022-05-25 17:00:00;0.0;87.06865494706113;;136.0081187039826;;;;
2022-05-25 18:00:00;0.0;87.06865494706113;;126.2132270828138;;;;
2022-05-25 19:00:00;0.0;87.06865494706113;;115.7013648871749;;;;
2022-05-25 20:00:00;0.0;87.06865494706113;;105.1896737768068;;;;
2022-05-25 21:00:00;0.0;87.06865494706113;;95.3897412854403;;;;
2022-05-25 22:00:00;0.0;87.06865494706113;;86.9591757081015;;;;
2022-05-25 23:00:00;0.0;87.06865494706113;;81.30029752283596;;;;
2022-05-26 00:00:00;0.0;87.06865494706113;;77.96179511381125;;;;
2022-05-26 01:00:00;0.0;87.06865494706113;;77.22974675181533;;;;
2022-05-26 02:00:00;0.0;87.06865494706113;;78.35301259034443;;;;
2022-05-26 03:00:00;0.0;87.06865494706113;;82.11280286237123;;;;
2022-05-26 04:00:00;0.0;87.06865494706113;;88.2071443517046;;;;
2022-05-26 05:00:00;0.0;87.06865494706113;;96.17302264944404;;;;
2022-05-26 06:00:00;0.0;87.06865494706113;;105.424832318485;;;;
2022-05-26 07:00:00;0.0;87.06865494706113;;115.296684818145;;;;
2022-05-26 08:00:00;0.0;87.06865494706113;;125.0843498281427;;;;
2022-05-26 09:00:00;0.0;87.06865494706113;;134.0938666198441;;;;
2022-05-26 10:00:00;0.0;87.06865494706113;;141.6880363977852;;;;
2022-05-26 11:00:00;0.0;87.06865494706113;;147.3343620639722;;;;
2022-05-26 12:00:00;0.0;87.06865494706113;;150.6389569454105;;;;
2022-05-26 13:00:00;0.0;87.06865494706113;;151.3756032624799;;;;
2022-05-26 14:00:00;0.0;87.06865494706113;;149.4936599194595;;;;
2022-05-26 15:00:00;0.0;87.06865494706113;;145.1114215977879;;;;
2022-05-26 16:00:00;0.0;87.06865494706113;;138.5157639970146;;;;
2022-05-26 17:00:00;0.0;87.06865494706113;;130.1447875448288;;;;
2022-05-26 18:00:00;0.0;87.06865494706113;;120.5561922295436;;;;
2022-05-26 19:00:00;0.0;87.06865494706113;;110.3874067866821;;;;
2022-05-26 20:00:00;0.0;87.06865494706113;;100.3020227226288;;;;
2022-05-26 21:00:00;0.0;87.06865494706113;;90.96946463295257;;;;
2022-05-26 22:00:00;0.0;87.06865494706113;;82.99639193217345;;;;
2022-05-26 23:00:00;0.0;87.06865494706113;;77.9019300054838;;;;
2022-05-27 00:00:00;0.0;87.06865494706113;;75.06259167682106;;;;
2022-05-27 01:00:00;0.0;87.06865494706113;;74.7648711788382;;;;
2022-05-27 02:00:00;0.0;87.06865494706113;;76.13710328964208;;;;
2022-05-27 03:00:00;0.0;87.06865494706113;;80.14025902252888;;;;
2022-05-27 04:00:00;0.0;87.06865494706113;;86.52130336006225;;;;
2022-05-27 05:00:00;0.0;87.06865494706113;;94.8740236609112;;;;
2022-05-27 06:00:00;0.0;87.06865494706113;;104.6614424294851;;;;
2022-05-27 07:00:00;0.0;87.06865494706113;;115.2530190267825;;;;
2022-05-27 08:00:00;0.0;87.06865494706113;;125.966064883147;;;;
2022-05-27 09:00:00;0.0;87.06865494706113;;136.1010767560304;;;;
2022-05-27 10:00:00;0.0;87.06865494706113;;145.0070271639209;;;;
2022-05-27 11:00:00;0.0;87.06865494706113;;152.100257367855;;;;
2022-05-27 12:00:00;0.0;87.06865494706113;;156.9300809483745;;;;
2022-05-27 13:00:00;0.0;87.06865494706113;;159.1779066372196;;;;
2022-05-27 14:00:00;0.0;87.06865494706113;;158.7028349305478;;;;
2022-05-27 15:00:00;0.0;87.06865494706113;;155.5448240975901;;;;
2022-05-27 16:00:00;0.0;87.06865494706113;;149.9241276044466;;;;
2022-05-27 17:00:00;0.0;87.06865494706113;;142.2379560628033;;;;
2022-05-27 18:00:00;0.0;87.06865494706113;;133.0422672249582;;;;
2022-05-27 19:00:00;0.0;87.06865494706113;;123.0006678706944;;;;
2022-05-27 20:00:00;0.0;87.06865494706113;;112.8373183690569;;;;
2022-05-27 21:00:00;0.0;87.06865494706113;;103.2863605727676;;;;
2022-05-27 22:00:00;0.0;87.06865494706113;;95.07208170246224;;;;
2022-05-27 23:00:00;0.0;87.06865494706113;;89.28129816317546;;;;
2022-05-28 00:00:00;0.0;87.06865494706113;;85.99180403950663;;;;
2022-05-28 01:00:00;0.0;87.06865494706113;;85.56996298188493;;;;
2022-05-28 02:00:00;0.0;87.06865494706113;;87.75384916865734;;;;
2022-05-28 03:00:00;0.0;87.06865494706113;;92.95794372742844;;;;
2022-05-28 04:00:00;0.0;87.06865494706113;;100.9303073214818;;;;
2022-05-28 05:00:00;0.0;87.06865494706113;;111.2172580132738;;;;
2022-05-28 06:00:00;0.0;87.06865494706113;;123.1996862251973;;;;
2022-05-28 07:00:00;0.0;87.06865494706113;;136.1241973103807;;;;
2022-05-28 08:00:00;0.0;87.06865494706113;;149.16441136703;;;;
2022-05-28 09:00:00;0.0;87.06865494706113;;161.4654398456808;;;;
2022-05-28 10:00:00;0.0;87.06865494706113;;172.2170248440573;;;;
2022-05-28 11:00:00;0.0;87.06865494706113;;180.7015958902437;;;;
2022-05-28 12:00:00;0.0;87.06865494706113;;186.3577279640666;;;;
2022-05-28 13:00:00;0.0;87.06865494706113;;188.8037136734223;;;;
2022-05-28 14:00:00;0.0;87.06865494706113;;187.8933148001935;;;;
2022-05-28 15:00:00;0.0;87.06865494706113;;183.6927407590359;;;;
2022-05-28 16:00:00;0.0;87.06865494706113;;176.4978629509581;;;;
2022-05-28 17:00:00;0.0;87.06865494706113;;166.8135610425952;;;;
2022-05-28 18:00:00;0.0;87.06865494706113;;155.3304986829507;;;;
2022-05-28 19:00:00;0.0;87.06865494706113;;142.8769223327834;;;;
2022-05-28 20:00:00;0.0;87.06865494706113;;130.3232370351084;;;;
2022-05-28 21:00:00;0.0;87.06865494706113;;118.5557636462428;;;;
2022-05-28 22:00:00;0.0;87.06865494706113;;108.3981432768973;;;;
2022-05-28 23:00:00;0.0;87.06865494706113;;99.87677511587356;;;;
2022-05-29 00:00:00;0.0;87.06865494706113;;94.24750438946184;;;;
2022-05-29 01:00:00;0.0;87.06865494706113;;91.82502784902664;;;;
2022-05-29 02:00:00;0.0;87.06865494706113;;93.39259687734936;;;;
2022-05-29 03:00:00;0.0;87.06865494706113;;98.09803776416132;;;;
2022-05-29 04:00:00;0.0;87.06865494706113;;105.6038882710615;;;;
2022-05-29 05:00:00;0.0;87.06865494706113;;115.3727238921977;;;;
2022-05-29 06:00:00;0.0;87.06865494706113;;126.7061922656615;;;;
2022-05-29 07:00:00;0.0;87.06865494706113;;138.7995361119782;;;;
2022-05-29 08:00:00;0.0;87.06865494706113;;150.7950248560219;;;;
2022-05-29 09:00:00;0.0;87.06865494706113;;161.8516808887945;;;;
2022-05-29 10:00:00;0.0;87.06865494706113;;171.1945544951697;;;;
2022-05-29 11:00:00;0.0;87.06865494706113;;178.1759669057734;;;;
2022-05-29 12:00:00;0.0;87.06865494706113;;182.3059111705887;;;;
2022-05-29 13:00:00;0.0;87.06865494706113;;183.2846728516912;;;;
2022-05-29 14:00:00;0.0;87.06865494706113;;181.0445678666418;;;;
2022-05-29 15:00:00;0.0;87.06865494706113;;175.7280970300646;;;;
2022-05-29 16:00:00;0.0;87.06865494706113;;167.7085103562854;;;;
2022-05-29 17:00:00;0.0;87.06865494706113;;157.5002777202745;;;;
2022-05-29 18:00:00;0.0;87.06865494706113;;145.8072978298105;;;;
2022-05-29 19:00:00;0.0;87.06865494706113;;133.3847454673551;;;;
2022-05-29 20:00:00;0.0;87.06865494706113;;121.0704854058748;;;;
2022-05-29 21:00:00;0.0;87.06865494706113;;109.648293495276;;;;
2022-05-29 22:00:00;0.0;87.06865494706113;;99.86624528731063;;;;
2022-05-29 23:00:00;0.0;87.06865494706113;;91.00857151287198;;;;
2022-05-30 00:00:00;0.0;87.06865494706113;;84.90880791678077;;;;
2022-05-30 01:00:00;0.0;87.06865494706113;;81.80682768754785;;;;
2022-05-30 02:00:00;0.0;87.06865494706113;;83.06915914040664;;;;
2022-05-30 03:00:00;0.0;87.06865494706113;;87.16550420668538;;;;
2022-05-30 04:00:00;0.0;87.06865494706113;;93.78861159923387;;;;
2022-05-30 05:00:00;0.0;87.06865494706113;;102.4701766909628;;;;
2022-05-30 06:00:00;0.0;87.06865494706113;;112.6122892246042;;;;
2022-05-30 07:00:00;0.0;87.06865494706113;;123.5110127722682;;;;
2022-05-30 08:00:00;0.0;87.06865494706113;;134.4229003514297;;;;
2022-05-30 09:00:00;0.0;87.06865494706113;;144.5981728886189;;;;
2022-05-30 10:00:00;0.0;87.06865494706113;;153.3519999503588;;;;
2022-05-30 11:00:00;0.0;87.06865494706113;;160.0950010954072;;;;
2022-05-30 12:00:00;0.0;87.06865494706113;;164.3688876494559;;;;
2022-05-30 13:00:00;0.0;87.06865494706113;;165.8840609696352;;;;
2022-05-30 14:00:00;0.0;87.06865494706113;;164.537096841208;;;;
2022-05-30 15:00:00;0.0;87.06865494706113;;160.4214511687339;;;;
2022-05-30 16:00:00;0.0;87.06865494706113;;153.8143388325585;;;;
2022-05-30 17:00:00;0.0;87.06865494706113;;145.1527789916776;;;;
2022-05-30 18:00:00;0.0;87.06865494706113;;135.0302845413822;;;;
2022-05-30 19:00:00;0.0;87.06865494706113;;124.1416558227579;;;;
2022-05-30 20:00:00;0.0;87.06865494706113;;113.233240306527;;;;
2022-05-30 21:00:00;0.0;87.06865494706113;;103.0593678028111;;;;
2022-05-30 22:00:00;0.0;87.06865494706113;;94.32273735610217;;;;
2022-05-30 23:00:00;0.0;87.06865494706113;;86.55606663896086;;;;
2022-05-31 00:00:00;0.0;87.06865494706113;;81.32560544945096;;;;
2022-05-31 01:00:00;0.0;87.06865494706113;;78.90031972869343;;;;
2022-05-31 02:00:00;0.0;87.06865494706113;;80.43609045891978;;;;
2022-05-31 03:00:00;0.0;87.06865494706113;;84.71367338533517;;;;
2022-05-31 04:00:00;0.0;87.06865494706113;;91.45058121103403;;;;
2022-05-31 05:00:00;0.0;87.06865494706113;;100.202247060481;;;;
2022-05-31 06:00:00;0.0;87.06865494706113;;110.3778629550697;;;;
2022-05-31 07:00:00;0.0;87.06865494706113;;121.2855349383603;;;;
2022-05-31 08:00:00;0.0;87.06865494706113;;132.1846586882717;;;;
2022-05-31 09:00:00;0.0;87.06865494706113;;142.3208378690668;;;;
2022-05-31 10:00:00;0.0;87.06865494706113;;150.9965875833756;;;;
2022-05-31 11:00:00;0.0;87.06865494706113;;157.6009261901606;;;;
2022-05-31 12:00:00;0.0;87.06865494706113;;161.6850022548063;;;;
2022-05-31 13:00:00;0.0;87.06865494706113;;162.9610769760828;;;;
2022-05-31 14:00:00;0.0;87.06865494706113;;161.335420994469;;;;
2022-05-31 15:00:00;0.0;87.06865494706113;;156.91560047122;;;;
2022-05-31 16:00:00;0.0;87.06865494706113;;149.9992383630675;;;;
2022-05-31 17:00:00;0.0;87.06865494706113;;141.0672594187213;;;;
2022-05-31 18:00:00;0.0;87.06865494706113;;130.7133229824407;;;;
2022-05-31 19:00:00;0.0;87.06865494706113;;119.645450964685;;;;
2022-05-31 20:00:00;0.0;87.06865494706113;;108.5996041063929;;;;
2022-05-31 21:00:00;0.0;87.06865494706113;;98.31798968047778;;;;
2022-05-31 22:00:00;0.0;87.06865494706113;;89.46808047387108;;;;
2022-05-31 23:00:00;0.0;87.06865494706113;;82.53033602073364;;;;
2022-06-01 00:00:00;0.0;87.06865494706113;;78.01571869154776;;;;
2022-06-01 01:00:00;0.0;87.06865494706113;;76.16455557768249;;;;
2022-06-01 02:00:00;0.0;87.06865494706113;;77.1196924417641;;;;
2022-06-01 03:00:00;0.0;87.06865494706113;;80.64864082732238;;;;
2022-06-01 04:00:00;0.0;87.06865494706113;;86.44720860850273;;;;
2022-06-01 05:00:00;0.0;87.06865494706113;;94.045816350346;;;;
2022-06-01 06:00:00;0.0;87.06865494706113;;102.8602996931863;;;;
2022-06-01 07:00:00;0.0;87.06865494706113;;112.2310589026311;;;;
2022-06-01 08:00:00;0.0;87.06865494706113;;121.4646821027493;;;;
2022-06-01 09:00:00;0.0;87.06865494706113;;129.8894453385941;;;;
2022-06-01 10:00:00;0.0;87.06865494706113;;136.9000174718278;;;;
2022-06-01 11:00:00;0.0;87.06865494706113;;141.9949739998122;;;;
2022-06-01 12:00:00;0.0;87.06865494706113;;144.8077144248431;;;;
2022-06-01 13:00:00;0.0;87.06865494706113;;145.1294802232028;;;;
2022-06-01 14:00:00;0.0;87.06865494706113;;142.9361012234117;;;;
2022-06-01 15:00:00;0.0;87.06865494706113;;138.3663420201466;;;;
2022-06-01 16:00:00;0.0;87.06865494706113;;131.7109098185417;;;;
2022-06-01 17:00:00;0.0;87.06865494706113;;123.4015934229177;;;;
2022-06-01 18:00:00;0.0;87.06865494706113;;113.9874404158241;;;;
2022-06-01 19:00:00;0.0;87.06865494706113;;104.0771182238868;;;;
2022-06-01 20:00:00;0.0;87.06865494706113;;94.30193465785273;;;;
2022-06-01 21:00:00;0.0;87.06865494706113;;85.27682131579715;;;;
2022-06-01 22:00:00;0.0;87.06865494706113;;77.5716501673821;;;;
2022-06-01 23:00:00;0.0;87.06865494706113;;72.42389903611249;;;;
2022-06-02 00:00:00;0.0;87.06865494706113;;69.40786915674036;;;;
2022-06-02 01:00:00;0.0;87.06865494706113;;68.76135929323652;;;;
2022-06-02 02:00:00;0.0;87.06865494706113;;69.81303212381671;;;;
2022-06-02 03:00:00;0.0;87.06865494706113;;73.27334742935564;;;;
2022-06-02 04:00:00;0.0;87.06865494706113;;78.89273987975815;;;;
2022-06-02 05:00:00;0.0;87.06865494706113;;86.27926599411093;;;;
2022-06-02 06:00:00;0.0;87.06865494706113;;94.93479974130936;;;;
2022-06-02 07:00:00;0.0;87.06865494706113;;104.2808261987328;;;;
2022-06-02 08:00:00;0.0;87.06865494706113;;113.6903950158987;;;;
2022-06-02 09:00:00;0.0;87.06865494706113;;122.5443572845584;;;;
2022-06-02 10:00:00;0.0;87.06865494706113;;130.255165419657;;;;
2022-06-02 11:00:00;0.0;87.06865494706113;;136.3260535525474;;;;
2022-06-02 12:00:00;0.0;87.06865494706113;;140.350946135826;;;;
2022-06-02 13:00:00;0.0;87.06865494706113;;142.0779321961595;;;;
2022-06-02 14:00:00;0.0;87.06865494706113;;141.3904557051714;;;;
2022-06-02 15:00:00;0.0;87.06865494706113;;138.3419472871805;;;;
2022-06-02 16:00:00;0.0;87.06865494706113;;133.1324359304623;;;;
2022-06-02 17:00:00;0.0;87.06865494706113;;126.1307200497691;;;;
2022-06-02 18:00:00;0.0;87.06865494706113;;117.8168905772062;;;;
2022-06-02 19:00:00;0.0;87.06865494706113;;108.781087313335;;;;
2022-06-02 20:00:00;0.0;87.06865494706113;;99.660963996407;;;;
2022-06-02 21:00:00;0.0;87.06865494706113;;91.12297161020432;;;;
2022-06-02 22:00:00;0.0;87.06865494706113;;83.7944080576503;;;;
2022-06-02 23:00:00;0.0;87.06865494706113;;79.26142493061101;;;;
2022-06-03 00:00:00;0.0;87.06865494706113;;76.9351506030041;;;;
2022-06-03 01:00:00;0.0;87.06865494706113;;77.16108656249163;;;;
2022-06-03 02:00:00;0.0;87.06865494706113;;79.08244388415375;;;;
2022-06-03 03:00:00;0.0;87.06865494706113;;83.73267422776414;;;;
2022-06-03 04:00:00;0.0;87.06865494706113;;90.87757472037896;;;;
2022-06-03 05:00:00;0.0;87.06865494706113;;100.1106804649659;;;;
2022-06-03 06:00:00;0.0;87.06865494706113;;110.8734842981412;;;;
2022-06-03 07:00:00;0.0;87.06865494706113;;122.4914111599299;;;;
2022-06-03 08:00:00;0.0;87.06865494706113;;134.2274346974596;;;;
2022-06-03 09:00:00;0.0;87.06865494706113;;145.3141075304763;;;;
2022-06-03 10:00:00;0.0;87.06865494706113;;155.0241209704942;;;;
2022-06-03 11:00:00;0.0;87.06865494706113;;162.6994545060207;;;;
2022-06-03 12:00:00;0.0;87.06865494706113;;167.8365792136499;;;;
2022-06-03 13:00:00;0.0;87.06865494706113;;170.0956771731797;;;;
2022-06-03 14:00:00;0.0;87.06865494706113;;169.337685862761;;;;
2022-06-03 15:00:00;0.0;87.06865494706113;;165.6169520521777;;;;
2022-06-03 16:00:00;0.0;87.06865494706113;;159.2006329220584;;;;
2022-06-03 17:00:00;0.0;87.06865494706113;;150.5547448082158;;;;
2022-06-03 18:00:00;0.0;87.06865494706113;;140.2915792927671;;;;
2022-06-03 19:00:00;0.0;87.06865494706113;;129.1420610348139;;;;
2022-06-03 20:00:00;0.0;87.06865494706113;;117.8893364013244;;;;
2022-06-03 21:00:00;0.0;87.06865494706113;;107.3369684439242;;;;
2022-06-03 22:00:00;0.0;87.06865494706113;;98.23567432386947;;;;
2022-06-03 23:00:00;0.0;87.06865494706113;;91.69129774091206;;;;
2022-06-04 00:00:00;0.0;87.06865494706113;;87.74062337445808;;;;
2022-06-04 01:00:00;0.0;87.06865494706113;;86.71946847523473;;;;
2022-06-04 02:00:00;0.0;87.06865494706113;;88.3056163960681;;;;
2022-06-04 03:00:00;0.0;87.06865494706113;;92.87443366947556;;;;
2022-06-04 04:00:00;0.0;87.06865494706113;;100.1107729584283;;;;
2022-06-04 05:00:00;0.0;87.06865494706113;;109.5118310065033;;;;
2022-06-04 06:00:00;0.0;87.06865494706113;;120.4351513681085;;;;
2022-06-04 07:00:00;0.0;87.06865494706113;;132.121489779473;;;;
2022-06-04 08:00:00;0.0;87.06865494706113;;143.7612609962375;;;;
2022-06-04 09:00:00;0.0;87.06865494706113;;154.5464249973587;;;;
2022-06-04 10:00:00;0.0;87.06865494706113;;163.7426297556248;;;;
2022-06-04 11:00:00;0.0;87.06865494706113;;170.7109369366968;;;;
2022-06-04 12:00:00;0.0;87.06865494706113;;174.9731660399915;;;;
2022-06-04 13:00:00;0.0;87.06865494706113;;176.2341653158264;;;;
2022-06-04 14:00:00;0.0;87.06865494706113;;174.412485650585;;;;
2022-06-04 15:00:00;0.0;87.06865494706113;;169.6358726720458;;;;
2022-06-04 16:00:00;0.0;87.06865494706113;;162.2230087682662;;;;
2022-06-04 17:00:00;0.0;87.06865494706113;;152.6807212218244;;;;
2022-06-04 18:00:00;0.0;87.06865494706113;;141.6461431985814;;;;
2022-06-04 19:00:00;0.0;87.06865494706113;;129.8634858351894;;;;
2022-06-04 20:00:00;0.0;87.06865494706113;;118.1238691789904;;;;
2022-06-04 21:00:00;0.0;87.06865494706113;;107.2174028246958;;;;
2022-06-04 22:00:00;0.0;87.06865494706113;;97.87461594773038;;;;
2022-06-04 23:00:00;0.0;87.06865494706113;;90.09760936197335;;;;
2022-06-05 00:00:00;0.0;87.06865494706113;;84.9921341366672;;;;
2022-06-05 01:00:00;0.0;87.06865494706113;;82.83499636277233;;;;
2022-06-05 02:00:00;0.0;87.06865494706113;;84.32767413273936;;;;
2022-06-05 03:00:00;0.0;87.06865494706113;;88.71724979449391;;;;
2022-06-05 04:00:00;0.0;87.06865494706113;;95.71209564687092;;;;
2022-06-05 05:00:00;0.0;87.06865494706113;;104.8465129500652;;;;
2022-06-05 06:00:00;0.0;87.06865494706113;;115.5182431867858;;;;
2022-06-05 07:00:00;0.0;87.06865494706113;;127.0206368176313;;;;
2022-06-05 08:00:00;0.0;87.06865494706113;;138.5923192349136;;;;
2022-06-05 09:00:00;0.0;87.06865494706113;;149.4666110078747;;;;
2022-06-05 10:00:00;0.0;87.06865494706113;;158.9162246140144;;;;
2022-06-05 11:00:00;0.0;87.06865494706113;;166.3193818781275;;;;
2022-06-05 12:00:00;0.0;87.06865494706113;;171.1729904655524;;;;
2022-06-05 13:00:00;0.0;87.06865494706113;;173.1668411464892;;;;
2022-06-05 14:00:00;0.0;87.06865494706113;;172.164676443772;;;;
2022-06-05 15:00:00;0.0;87.06865494706113;;168.2410014001823;;;;
2022-06-05 16:00:00;0.0;87.06865494706113;;161.6664575814182;;;;
2022-06-05 17:00:00;0.0;87.06865494706113;;152.8970125843317;;;;
2022-06-05 18:00:00;0.0;87.06865494706113;;142.5472852035888;;;;
2022-06-05 19:00:00;0.0;87.06865494706113;;131.3344629383296;;;;
2022-06-05 20:00:00;0.0;87.06865494706113;;120.0449418151629;;;;
2022-06-05 21:00:00;0.0;87.06865494706113;;109.4769179576513;;;;
2022-06-05 22:00:00;0.0;87.06865494706113;;100.3884273060226;;;;
2022-06-05 23:00:00;0.0;87.06865494706113;;92.0919617280368;;;;
2022-06-06 00:00:00;0.0;87.06865494706113;;86.48454477234061;;;;
2022-06-06 01:00:00;0.0;87.06865494706113;;83.85647192340214;;;;
2022-06-06 02:00:00;0.0;87.06865494706113;;85.64852012032601;;;;
2022-06-06 03:00:00;0.0;87.06865494706113;;90.35841557721034;;;;
2022-06-06 04:00:00;0.0;87.06865494706113;;97.70798968465988;;;;
2022-06-06 05:00:00;0.0;87.06865494706113;;107.2243530469348;;;;
2022-06-06 06:00:00;0.0;87.06865494706113;;118.2856363879138;;;;
2022-06-06 07:00:00;0.0;87.06865494706113;;130.1523424882037;;;;
2022-06-06 08:00:00;0.0;87.06865494706113;;142.0267772223366;;;;
2022-06-06 09:00:00;0.0;87.06865494706113;;153.1033740136108;;;;
2022-06-06 10:00:00;0.0;87.06865494706113;;162.6212423311625;;;;
2022-06-06 11:00:00;0.0;87.06865494706113;;169.9281106914206;;;;
2022-06-06 12:00:00;0.0;87.06865494706113;;174.5140780293452;;;;
2022-06-06 13:00:00;0.0;87.06865494706113;;176.0619561638904;;;;
2022-06-06 14:00:00;0.0;87.06865494706113;;174.4634971970164;;;;
2022-06-06 15:00:00;0.0;87.06865494706113;;169.8365612692131;;;;
2022-06-06 16:00:00;0.0;87.06865494706113;;162.496788460116;;;;
2022-06-06 17:00:00;0.0;87.06865494706113;;152.9417407771947;;;;
2022-06-06 18:00:00;0.0;87.06865494706113;;141.8246571797021;;;;
2022-06-06 19:00:00;0.0;87.06865494706113;;129.9068125805964;;;;
2022-06-06 20:00:00;0.0;87.06865494706113;;117.9951563973634;;;;
2022-06-06 21:00:00;0.0;87.06865494706113;;106.8831696768798;;;;
2022-06-06 22:00:00;0.0;87.06865494706113;;97.30572525374436;;;;
2022-06-06 23:00:00;0.0;87.06865494706113;;88.79715710687987;;;;
2022-06-07 00:00:00;0.0;87.06865494706113;;82.93936483213008;;;;
2022-06-07 01:00:00;0.0;87.06865494706113;;79.96258203458464;;;;
2022-06-07 02:00:00;0.0;87.06865494706113;;80.97972066820124;;;;
2022-06-07 03:00:00;0.0;87.06865494706113;;84.69937462587747;;;;
2022-06-07 04:00:00;0.0;87.06865494706113;;90.79274993841034;;;;
2022-06-07 05:00:00;0.0;87.06865494706113;;98.77333953404012;;;;
2022-06-07 06:00:00;0.0;87.06865494706113;;108.021415402878;;;;
2022-06-07 07:00:00;0.0;87.06865494706113;;117.8417860640011;;;;
2022-06-07 08:00:00;0.0;87.06865494706113;;127.5080736817331;;;;
2022-06-07 09:00:00;0.0;87.06865494706113;;136.3066504759088;;;;
2022-06-07 10:00:00;0.0;87.06865494706113;;143.6088807710983;;;;
2022-06-07 11:00:00;0.0;87.06865494706113;;148.8745056414954;;;;
2022-06-07 12:00:00;0.0;87.06865494706113;;151.7257793447256;;;;
2022-06-07 13:00:00;0.0;87.06865494706113;;151.9485005349776;;;;
2022-06-07 14:00:00;0.0;87.06865494706113;;149.5261542132005;;;;
2022-06-07 15:00:00;0.0;87.06865494706113;;144.6109365642853;;;;
2022-06-07 16:00:00;0.0;87.06865494706113;;137.5160567273657;;;;
2022-06-07 17:00:00;0.0;87.06865494706113;;128.700016129266;;;;
2022-06-07 18:00:00;0.0;87.06865494706113;;118.7361619164308;;;;
2022-06-07 19:00:00;0.0;87.06865494706113;;108.2624659377258;;;;
2022-06-07 20:00:00;0.0;87.06865494706113;;97.94391529413214;;;;
2022-06-07 21:00:00;0.0;87.06865494706113;;88.42687210282253;;;;
2022-06-07 22:00:00;0.0;87.06865494706113;;80.2960265027358;;;;
2022-06-07 23:00:00;0.0;87.06865494706113;;73.96936347837277;;;;
2022-06-08 00:00:00;0.0;87.06865494706113;;69.87227630585302;;;;
2022-06-08 01:00:00;0.0;87.06865494706113;;68.21100936745458;;;;
2022-06-08 02:00:00;0.0;87.06865494706113;;69.10131188022063;;;;
2022-06-08 03:00:00;0.0;87.06865494706113;;72.35618119375718;;;;
2022-06-08 04:00:00;0.0;87.06865494706113;;77.71401300660293;;;;
2022-06-08 05:00:00;0.0;87.06865494706113;;84.77636141888411;;;;
2022-06-08 06:00:00;0.0;87.06865494706113;;93.03944434402187;;;;
2022-06-08 07:00:00;0.0;87.06865494706113;;101.9293532144789;;;;
2022-06-08 08:00:00;0.0;87.06865494706113;;110.8320260094098;;;;
2022-06-08 09:00:00;0.0;87.06865494706113;;119.1453233777936;;;;
2022-06-08 10:00:00;0.0;87.06865494706113;;126.3016019706773;;;;
2022-06-08 11:00:00;0.0;87.06865494706113;;131.8224308592809;;;;
2022-06-08 12:00:00;0.0;87.06865494706113;;135.3371374587124;;;;
2022-06-08 13:00:00;0.0;87.06865494706113;;136.6088138086345;;;;
2022-06-08 14:00:00;0.0;87.06865494706113;;135.555117217223;;;;
2022-06-08 15:00:00;0.0;87.06865494706113;;132.2455415416393;;;;
2022-06-08 16:00:00;0.0;87.06865494706113;;126.8961599525157;;;;
2022-06-08 17:00:00;0.0;87.06865494706113;;119.8712727116216;;;;
2022-06-08 18:00:00;0.0;87.06865494706113;;111.6406979713044;;;;
2022-06-08 19:00:00;0.0;87.06865494706113;;102.7807668586343;;;;
2022-06-08 20:00:00;0.0;87.06865494706113;;93.8966981617328;;;;
2022-06-08 21:00:00;0.0;87.06865494706113;;85.61462337242335;;;;
2022-06-08 22:00:00;0.0;87.06865494706113;;78.51216973808192;;;;
2022-06-08 23:00:00;0.0;87.06865494706113;;73.89504850972357;;;;
2022-06-09 00:00:00;0.0;87.06865494706113;;71.36217584775646;;;;
2022-06-09 01:00:00;0.0;87.06865494706113;;71.213256375116;;;;
2022-06-09 02:00:00;0.0;87.06865494706113;;72.79495323411814;;;;
2022-06-09 03:00:00;0.0;87.06865494706113;;76.8794431320354;;;;
2022-06-09 04:00:00;0.0;87.06865494706113;;83.23724406493967;;;;
2022-06-09 05:00:00;0.0;87.06865494706113;;91.47744412670032;;;;
2022-06-09 06:00:00;0.0;87.06865494706113;;101.0831367267779;;;;
2022-06-09 07:00:00;0.0;87.06865494706113;;111.4296540511425;;;;
2022-06-09 08:00:00;0.0;87.06865494706113;;121.8445068558703;;;;
2022-06-09 09:00:00;0.0;87.06865494706113;;131.6325649341563;;;;
2022-06-09 10:00:00;0.0;87.06865494706113;;140.1383191501542;;;;
2022-06-09 11:00:00;0.0;87.06865494706113;;146.786772244662;;;;
2022-06-09 12:00:00;0.0;87.06865494706113;;151.1325581891735;;;;
2022-06-09 13:00:00;0.0;87.06865494706113;;152.8874921462317;;;;
2022-06-09 14:00:00;0.0;87.06865494706113;;151.9380793251156;;;;
2022-06-09 15:00:00;0.0;87.06865494706113;;148.3532949540476;;;;
2022-06-09 16:00:00;0.0;87.06865494706113;;142.3880434972395;;;;
2022-06-09 17:00:00;0.0;87.06865494706113;;134.4515291045892;;;;
2022-06-09 18:00:00;0.0;87.06865494706113;;125.1020898837398;;;;
2022-06-09 19:00:00;0.0;87.06865494706113;;114.987974416742;;;;
2022-06-09 20:00:00;0.0;87.06865494706113;;104.8169696298516;;;;
2022-06-09 21:00:00;0.0;87.06865494706113;;95.29765872785956;;;;
2022-06-09 22:00:00;0.0;87.06865494706113;;87.09558893183106;;;;
2022-06-09 23:00:00;0.0;87.06865494706113;;81.84868377870379;;;;
2022-06-10 00:00:00;0.0;87.06865494706113;;78.90780557809644;;;;
2022-06-10 01:00:00;0.0;87.06865494706113;;78.58500645672854;;;;
2022-06-10 02:00:00;0.0;87.06865494706113;;79.9439456138826;;;;
2022-06-10 03:00:00;0.0;87.06865494706113;;84.00254626574677;;;;
2022-06-10 04:00:00;0.0;87.06865494706113;;90.4705892016335;;;;
2022-06-10 05:00:00;0.0;87.06865494706113;;98.89416889022834;;;;
2022-06-10 06:00:00;0.0;87.06865494706113;;108.6846401278235;;;;
2022-06-10 07:00:00;0.0;87.06865494706113;;119.1563273597321;;;;
2022-06-10 08:00:00;0.0;87.06865494706113;;129.5808365286638;;;;
2022-06-10 09:00:00;0.0;87.06865494706113;;139.2380573432803;;;;
2022-06-10 10:00:00;0.0;87.06865494706113;;147.4671805684196;;;;
2022-06-10 11:00:00;0.0;87.06865494706113;;153.7094451140233;;;;
2022-06-10 12:00:00;0.0;87.06865494706113;;157.5288585236912;;;;
2022-06-10 13:00:00;0.0;87.06865494706113;;158.6638801649554;;;;
2022-06-10 14:00:00;0.0;87.06865494706113;;157.03121588559;;;;
2022-06-10 15:00:00;0.0;87.06865494706113;;152.743983344598;;;;
2022-06-10 16:00:00;0.0;87.06865494706113;;146.0953226379277;;;;
2022-06-10 17:00:00;0.0;87.06865494706113;;137.5333883295469;;;;
2022-06-10 18:00:00;0.0;87.06865494706113;;127.642614249167;;;;
2022-06-10 19:00:00;0.0;87.06865494706113;;117.0901488027377;;;;
2022-06-10 20:00:00;0.0;87.06865494706113;;106.5828892589786;;;;
2022-06-10 21:00:00;0.0;87.06865494706113;;96.82230484921392;;;;
2022-06-10 22:00:00;0.0;87.06865494706113;;88.46685345475254;;;;
2022-06-10 23:00:00;0.0;87.06865494706113;;82.5045079296678;;;;
2022-06-11 00:00:00;0.0;87.06865494706113;;78.94432920587073;;;;
2022-06-11 01:00:00;0.0;87.06865494706113;;78.07217668458641;;;;
2022-06-11 02:00:00;0.0;87.06865494706113;;79.58569123286405;;;;
2022-06-11 03:00:00;0.0;87.06865494706113;;83.84943237237206;;;;
2022-06-11 04:00:00;0.0;87.06865494706113;;90.59846513733348;;;;
2022-06-11 05:00:00;0.0;87.06865494706113;;99.41011762966446;;;;
2022-06-11 06:00:00;0.0;87.06865494706113;;109.7192123584658;;;;
2022-06-11 07:00:00;0.0;87.06865494706113;;120.8655842067198;;;;
2022-06-11 08:00:00;0.0;87.06865494706113;;132.1240117539959;;;;
2022-06-11 09:00:00;0.0;87.06865494706113;;142.7604743119545;;;;
2022-06-11 10:00:00;0.0;87.06865494706113;;152.0931289085573;;;;
2022-06-11 11:00:00;0.0;87.06865494706113;;159.5102095034974;;;;
2022-06-11 12:00:00;0.0;87.06865494706113;;164.5319641452167;;;;
2022-06-11 13:00:00;0.0;87.06865494706113;;166.8108680967036;;;;
2022-06-11 14:00:00;0.0;87.06865494706113;;166.2079388048474;;;;
2022-06-11 15:00:00;0.0;87.06865494706113;;162.7769469149172;;;;
2022-06-11 16:00:00;0.0;87.06865494706113;;156.7740902598096;;;;
2022-06-11 17:00:00;0.0;87.06865494706113;;148.6223171213915;;;;
2022-06-11 18:00:00;0.0;87.06865494706113;;138.8894402516146;;;;
2022-06-11 19:00:00;0.0;87.06865494706113;;128.2698384652761;;;;
2022-06-11 20:00:00;0.0;87.06865494706113;;117.5262790499928;;;;
2022-06-11 21:00:00;0.0;87.06865494706113;;107.4454476348086;;;;
2022-06-11 22:00:00;0.0;87.06865494706113;;98.77356620337824;;;;
2022-06-11 23:00:00;0.0;87.06865494706113;;91.54876707064192;;;;
2022-06-12 00:00:00;0.0;87.06865494706113;;86.93241435931188;;;;
2022-06-12 01:00:00;0.0;87.06865494706113;;85.25850985288992;;;;
2022-06-12 02:00:00;0.0;87.06865494706113;;87.28633879393672;;;;
2022-06-12 03:00:00;0.0;87.06865494706113;;92.3041694163038;;;;
2022-06-12 04:00:00;0.0;87.06865494706113;;100.0492011210635;;;;
2022-06-12 05:00:00;0.0;87.06865494706113;;110.0542865143944;;;;
2022-06-12 06:00:00;0.0;87.06865494706113;;121.6922750316489;;;;
2022-06-12 07:00:00;0.0;87.06865494706113;;134.2134209028938;;;;
2022-06-12 08:00:00;0.0;87.06865494706113;;146.8010108112937;;;;
2022-06-12 09:00:00;0.0;87.06865494706113;;158.6113311287765;;;;
2022-06-12 10:00:00;0.0;87.06865494706113;;168.8575133121998;;;;
2022-06-12 11:00:00;0.0;87.06865494706113;;176.844198021038;;;;
2022-06-12 12:00:00;0.0;87.06865494706113;;182.0316092998442;;;;
2022-06-12 13:00:00;0.0;87.06865494706113;;184.0595404235011;;;;
2022-06-12 14:00:00;0.0;87.06865494706113;;182.7945435927047;;;;
2022-06-12 15:00:00;0.0;87.06865494706113;;178.3325158081635;;;;
2022-06-12 16:00:00;0.0;87.06865494706113;;170.9839767661227;;;;
2022-06-12 17:00:00;0.0;87.06865494706113;;161.2627804212107;;;;
2022-06-12 18:00:00;0.0;87.06865494706113;;149.8480841303115;;;;
2022-06-12 19:00:00;0.0;87.06865494706113;;137.5381566110604;;;;
2022-06-12 20:00:00;0.0;87.06865494706113;;125.1791205097329;;;;
2022-06-12 21:00:00;0.0;87.06865494706113;;113.6224429966979;;;;
2022-06-12 22:00:00;0.0;87.06865494706113;;103.6568838885987;;;;
2022-06-12 23:00:00;0.0;87.06865494706113;;94.58563434328562;;;;
2022-06-13 00:00:00;0.0;87.06865494706113;;88.31465604560378;;;;
2022-06-13 01:00:00;0.0;87.06865494706113;;85.0963597776812;;;;
2022-06-13 02:00:00;0.0;87.06865494706113;;86.34150918533776;;;;
2022-06-13 03:00:00;0.0;87.06865494706113;;90.47630617298384;;;;
2022-06-13 04:00:00;0.0;87.06865494706113;;97.1672897452532;;;;
2022-06-13 05:00:00;0.0;87.06865494706113;;105.9002720628113;;;;
2022-06-13 06:00:00;0.0;87.06865494706113;;116.0251564980223;;;;
2022-06-13 07:00:00;0.0;87.06865494706113;;126.7907209858363;;;;
2022-06-13 08:00:00;0.0;87.06865494706113;;137.4196637001434;;;;
2022-06-13 09:00:00;0.0;87.06865494706113;;147.1389124767832;;;;
2022-06-13 10:00:00;0.0;87.06865494706113;;155.253250045752;;;;
2022-06-13 11:00:00;0.0;87.06865494706113;;161.1895205915891;;;;
2022-06-13 12:00:00;0.0;87.06865494706113;;164.5244729776911;;;;
2022-06-13 13:00:00;0.0;87.06865494706113;;165.0164238879556;;;;
2022-06-13 14:00:00;0.0;87.06865494706113;;162.613007060737;;;;
2022-06-13 15:00:00;0.0;87.06865494706113;;157.4681644187148;;;;
2022-06-13 16:00:00;0.0;87.06865494706113;;149.9262473862435;;;;
2022-06-13 17:00:00;0.0;87.06865494706113;;140.4772278654359;;;;
2022-06-13 18:00:00;0.0;87.06865494706113;;129.7395064593514;;;;
2022-06-13 19:00:00;0.0;87.06865494706113;;118.4039527135749;;;;
2022-06-13 20:00:00;0.0;87.06865494706113;;107.2050570830473;;;;
2022-06-13 21:00:00;0.0;87.06865494706113;;96.854497207444;;;;
2022-06-13 22:00:00;0.0;87.06865494706113;;88.00260802675933;;;;
2022-06-13 23:00:00;0.0;87.06865494706113;;80.2083271291996;;;;
2022-06-14 00:00:00;0.0;87.06865494706113;;74.87024647997443;;;;
2022-06-14 01:00:00;0.0;87.06865494706113;;72.18462038188461;;;;
2022-06-14 02:00:00;0.0;87.06865494706113;;73.14955620259002;;;;
2022-06-14 03:00:00;0.0;87.06865494706113;;76.6038428918029;;;;
2022-06-14 04:00:00;0.0;87.06865494706113;;82.26642943679568;;;;
2022-06-14 05:00:00;0.0;87.06865494706113;;89.71646117453652;;;;
2022-06-14 06:00:00;0.0;87.06865494706113;;98.4193826492821;;;;
2022-06-14 07:00:00;0.0;87.06865494706113;;107.7619707101567;;;;
2022-06-14 08:00:00;0.0;87.06865494706113;;117.0945749543242;;;;
2022-06-14 09:00:00;0.0;87.06865494706113;;125.7747319650955;;;;
2022-06-14 10:00:00;0.0;87.06865494706113;;133.2128702770056;;;;
2022-06-14 11:00:00;0.0;87.06865494706113;;138.8948126382414;;;;
2022-06-14 12:00:00;0.0;87.06865494706113;;142.4399733997979;;;;
2022-06-14 13:00:00;0.0;87.06865494706113;;143.5970321483761;;;;
2022-06-14 14:00:00;0.0;87.06865494706113;;142.2942098918876;;;;
2022-06-14 15:00:00;0.0;87.06865494706113;;138.6117983817236;;;;
2022-06-14 16:00:00;0.0;87.06865494706113;;132.7948932318542;;;;
2022-06-14 17:00:00;0.0;87.06865494706113;;125.2313921306407;;;;
2022-06-14 18:00:00;0.0;87.06865494706113;;116.4290230910185;;;;
2022-06-14 19:00:00;0.0;87.06865494706113;;106.9879297546287;;;;
2022-06-14 20:00:00;0.0;87.06865494706113;;97.54967058760732;;;;
2022-06-14 21:00:00;0.0;87.06865494706113;;88.75695593984081;;;;
2022-06-14 22:00:00;0.0;87.06865494706113;;81.21816880182772;;;;
2022-06-14 23:00:00;0.0;87.06865494706113;;75.39165562710969;;;;
2022-06-15 00:00:00;0.0;87.06865494706113;;71.74969519432666;;;;
2022-06-15 01:00:00;0.0;87.06865494706113;;70.54680563834074;;;;
2022-06-15 02:00:00;0.0;87.06865494706113;;71.94030819542641;;;;
2022-06-15 03:00:00;0.0;87.06865494706113;;75.79199494881416;;;;
2022-06-15 04:00:00;0.0;87.06865494706113;;81.85965376130329;;;;
2022-06-15 05:00:00;0.0;87.06865494706113;;89.7411964125432;;;;
2022-06-15 06:00:00;0.0;87.06865494706113;;98.91574522375406;;;;
2022-06-15 07:00:00;0.0;87.06865494706113;;108.7631111468148;;;;
2022-06-15 08:00:00;0.0;87.06865494706113;;118.6212243462552;;;;
2022-06-15 09:00:00;0.0;87.06865494706113;;127.8126042115209;;;;
2022-06-15 10:00:00;0.0;87.06865494706113;;135.7106934137764;;;;
2022-06-15 11:00:00;0.0;87.06865494706113;;141.7756415216907;;;;
2022-06-15 12:00:00;0.0;87.06865494706113;;145.5927913329507;;;;
2022-06-15 13:00:00;0.0;87.06865494706113;;146.8992497828645;;;;
2022-06-15 14:00:00;0.0;87.06865494706113;;145.6038550739168;;;;
2022-06-15 15:00:00;0.0;87.06865494706113;;141.792465898169;;;;
2022-06-15 16:00:00;0.0;87.06865494706113;;135.7287448293422;;;;
2022-06-15 17:00:00;0.0;87.06865494706113;;127.8285003506784;;;;
2022-06-15 18:00:00;0.0;87.06865494706113;;118.6265676981188;;;;
2022-06-15 19:00:00;0.0;87.06865494706113;;108.7493608230199;;;;
2022-06-15 20:00:00;0.0;87.06865494706113;;98.86766011542416;;;;
2022-06-15 21:00:00;0.0;87.06865494706113;;89.6561793883431;;;;
2022-06-15 22:00:00;0.0;87.06865494706113;;81.73170243098117;;;;
2022-06-15 23:00:00;0.0;87.06865494706113;;76.43995224733935;;;;
2022-06-16 00:00:00;0.0;87.06865494706113;;73.32773556157775;;;;
2022-06-16 01:00:00;0.0;87.06865494706113;;72.66142956664977;;;;
2022-06-16 02:00:00;0.0;87.06865494706113;;73.7138091291103;;;;
2022-06-16 03:00:00;0.0;87.06865494706113;;77.24719170732209;;;;
2022-06-16 04:00:00;0.0;87.06865494706113;;82.97752015165433;;;;
2022-06-16 05:00:00;0.0;87.06865494706113;;90.47021531185186;;;;
2022-06-16 06:00:00;0.0;87.06865494706113;;99.17405951599386;;;;
2022-06-16 07:00:00;0.0;87.06865494706113;;108.4610062498849;;;;
2022-06-16 08:00:00;0.0;87.06865494706113;;117.6648445223094;;;;
2022-06-16 09:00:00;0.0;87.06865494706113;;126.1338218305144;;;;
2022-06-16 10:00:00;0.0;87.06865494706113;;133.2727844754188;;;;
2022-06-16 11:00:00;0.0;87.06865494706113;;138.5869544911055;;;;
2022-06-16 12:00:00;0.0;87.06865494706113;;141.7049295352994;;;;
2022-06-16 13:00:00;0.0;87.06865494706113;;142.4058939314129;;;;
2022-06-16 14:00:00;0.0;87.06865494706113;;140.629183234177;;;;
2022-06-16 15:00:00;0.0;87.06865494706113;;136.4936728607132;;;;
2022-06-16 16:00:00;0.0;87.06865494706113;;130.2843675878424;;;;
2022-06-16 17:00:00;0.0;87.06865494706113;;122.4126141247831;;;;
2022-06-16 18:00:00;0.0;87.06865494706113;;113.4013432183229;;;;
2022-06-16 19:00:00;0.0;87.06865494706113;;103.8327130353994;;;;
2022-06-16 20:00:00;0.0;87.06865494706113;;94.34910213111506;;;;
2022-06-16 21:00:00;0.0;87.06865494706113;;85.56628931337954;;;;
2022-06-16 22:00:00;0.0;87.06865494706113;;78.06595408586301;;;;
2022-06-16 23:00:00;0.0;87.06865494706113;;73.29552677394048;;;;
2022-06-17 00:00:00;0.0;87.06865494706113;;70.64999809734547;;;;
2022-06-17 01:00:00;0.0;87.06865494706113;;70.39587965083273;;;;
2022-06-17 02:00:00;0.0;87.06865494706113;;71.68626728931152;;;;
2022-06-17 03:00:00;0.0;87.06865494706113;;75.45700433061404;;;;
2022-06-17 04:00:00;0.0;87.06865494706113;;81.46921940391545;;;;
2022-06-17 05:00:00;0.0;87.06865494706113;;89.33753440505504;;;;
2022-06-17 06:00:00;0.0;87.06865494706113;;98.55327962239232;;;;
2022-06-17 07:00:00;0.0;87.06865494706113;;108.5238909202112;;;;
2022-06-17 08:00:00;0.0;87.06865494706113;;118.6090040020681;;;;
2022-06-17 09:00:00;0.0;87.06865494706113;;128.1562252276892;;;;
2022-06-17 10:00:00;0.0;87.06865494706113;;136.5398027588722;;;;
2022-06-17 11:00:00;0.0;87.06865494706113;;143.2179488873608;;;;
2022-06-17 12:00:00;0.0;87.06865494706113;;147.754192806875;;;;
2022-06-17 13:00:00;0.0;87.06865494706113;;149.8664070921612;;;;
2022-06-17 14:00:00;0.0;87.06865494706113;;149.4090785561308;;;;
2022-06-17 15:00:00;0.0;87.06865494706113;;146.4300988261326;;;;
2022-06-17 16:00:00;0.0;87.06865494706113;;141.1374236313942;;;;
2022-06-17 17:00:00;0.0;87.06865494706113;;133.911440519457;;;;
2022-06-17 18:00:00;0.0;87.06865494706113;;125.261258634844;;;;
2022-06-17 19:00:00;0.0;87.06865494706113;;115.8064997428547;;;;
2022-06-17 20:00:00;0.0;87.06865494706113;;106.2300238146188;;;;
2022-06-17 21:00:00;0.0;87.06865494706113;;97.2395217866655;;;;
2022-06-17 22:00:00;0.0;87.06865494706113;;89.51008694782968;;;;
2022-06-17 23:00:00;0.0;87.06865494706113;;84.09223590100129;;;;
2022-06-18 00:00:00;0.0;87.06865494706113;;81.02386456174602;;;;
2022-06-18 01:00:00;0.0;87.06865494706113;;80.6554482496282;;;;
2022-06-18 02:00:00;0.0;87.06865494706113;;82.71187275714533;;;;
2022-06-18 03:00:00;0.0;87.06865494706113;;87.61666055878007;;;;
2022-06-18 04:00:00;0.0;87.06865494706113;;95.12912412482908;;;;
2022-06-18 05:00:00;0.0;87.06865494706113;;104.824381265026;;;;
2022-06-18 06:00:00;0.0;87.06865494706113;;116.1108310003822;;;;
2022-06-18 07:00:00;0.0;87.06865494706113;;128.2863822469587;;;;
2022-06-18 08:00:00;0.0;87.06865494706113;;140.5716075914776;;;;
2022-06-18 09:00:00;0.0;87.06865494706113;;152.1598097423525;;;;
2022-06-18 10:00:00;0.0;87.06865494706113;;162.2899802279728;;;;
2022-06-18 11:00:00;0.0;87.06865494706113;;170.2834434274364;;;;
2022-06-18 12:00:00;0.0;87.06865494706113;;175.6168134624022;;;;
2022-06-18 13:00:00;0.0;87.06865494706113;;177.9245949350637;;;;
2022-06-18 14:00:00;0.0;87.06865494706113;;177.0659840274492;;;;
2022-06-18 15:00:00;0.0;87.06865494706113;;173.0958592742792;;;;
2022-06-18 16:00:00;0.0;87.06865494706113;;166.3060816937675;;;;
2022-06-18 17:00:00;0.0;87.06865494706113;;157.1702004876761;;;;
2022-06-18 18:00:00;0.0;87.06865494706113;;146.3528063105994;;;;
2022-06-18 19:00:00;0.0;87.06865494706113;;134.6074661872912;;;;
2022-06-18 20:00:00;0.0;87.06865494706113;;122.7718490109293;;;;
2022-06-18 21:00:00;0.0;87.06865494706113;;111.6750673962888;;;;
2022-06-18 22:00:00;0.0;87.06865494706113;;102.1022727063677;;;;
2022-06-18 23:00:00;0.0;87.06865494706113;;94.099991624118;;;;
2022-06-19 00:00:00;0.0;87.06865494706113;;88.82054575439122;;;;
2022-06-19 01:00:00;0.0;87.06865494706113;;86.57027660748713;;;;
2022-06-19 02:00:00;0.0;87.06865494706113;;88.04895475739161;;;;
2022-06-19 03:00:00;0.0;87.06865494706113;;92.48482243090844;;;;
2022-06-19 04:00:00;0.0;87.06865494706113;;99.55618384224172;;;;
2022-06-19 05:00:00;0.0;87.06865494706113;;108.7629586537606;;;;
2022-06-19 06:00:00;0.0;87.06865494706113;;119.4434747156227;;;;
2022-06-19 07:00:00;0.0;87.06865494706113;;130.8395044058628;;;;
2022-06-19 08:00:00;0.0;87.06865494706113;;142.1458217213423;;;;
2022-06-19 09:00:00;0.0;87.06865494706113;;152.5677554397434;;;;
2022-06-19 10:00:00;0.0;87.06865494706113;;161.3718517612907;;;;
2022-06-19 11:00:00;0.0;87.06865494706113;;167.9441276302358;;;;
2022-06-19 12:00:00;0.0;87.06865494706113;;171.8325216502745;;;;
2022-06-19 13:00:00;0.0;87.06865494706113;;172.7578799750694;;;;
2022-06-19 14:00:00;0.0;87.06865494706113;;170.6479257458455;;;;
2022-06-19 15:00:00;0.0;87.06865494706113;;165.6450157277593;;;;
2022-06-19 16:00:00;0.0;87.06865494706113;;158.0855515895649;;;;
2022-06-19 17:00:00;0.0;87.06865494706113;;148.4721681202093;;;;
2022-06-19 18:00:00;0.0;87.06865494706113;;137.4436156866728;;;;
2022-06-19 19:00:00;0.0;87.06865494706113;;125.7350773675205;;;;
2022-06-19 20:00:00;0.0;87.06865494706113;;114.1183804151314;;;;
2022-06-19 21:00:00;0.0;87.06865494706113;;103.3485754879087;;;;
2022-06-19 22:00:00;0.0;87.06865494706113;;94.11995603143524;;;;
2022-06-19 23:00:00;0.0;87.06865494706113;;85.79788856880833;;;;
2022-06-20 00:00:00;0.0;87.06865494706113;;80.08017103723324;;;;
2022-06-20 01:00:00;0.0;87.06865494706113;;77.18654158214765;;;;
2022-06-20 02:00:00;0.0;87.06865494706113;;78.37707013411566;;;;
2022-06-20 03:00:00;0.0;87.06865494706113;;82.24113667750206;;;;
2022-06-20 04:00:00;0.0;87.06865494706113;;88.49273981544195;;;;
2022-06-20 05:00:00;0.0;87.06865494706113;;96.68360618799105;;;;
2022-06-20 06:00:00;0.0;87.06865494706113;;106.2492954746138;;;;
2022-06-20 07:00:00;0.0;87.06865494706113;;116.5336503245855;;;;
2022-06-20 08:00:00;0.0;87.06865494706113;;126.8333534961015;;;;
2022-06-20 09:00:00;0.0;87.06865494706113;;136.4456429195949;;;;
2022-06-20 10:00:00;0.0;87.06865494706113;;144.7212125471359;;;;
2022-06-20 11:00:00;0.0;87.06865494706113;;151.0987466162412;;;;
2022-06-20 12:00:00;0.0;87.06865494706113;;155.1463251607116;;;;
2022-06-20 13:00:00;0.0;87.06865494706113;;156.5847315326909;;;;
2022-06-20 14:00:00;0.0;87.06865494706113;;155.3194719738152;;;;
2022-06-20 15:00:00;0.0;87.06865494706113;;151.4306666110762;;;;
2022-06-20 16:00:00;0.0;87.06865494706113;;145.1877544199495;;;;
2022-06-20 17:00:00;0.0;87.06865494706113;;137.0109000709832;;;;
2022-06-20 18:00:00;0.0;87.06865494706113;;127.4562978739812;;;;
2022-06-20 19:00:00;0.0;87.06865494706113;;117.1745057306808;;;;
2022-06-20 20:00:00;0.0;87.06865494706113;;106.8728419387882;;;;
2022-06-20 21:00:00;0.0;87.06865494706113;;97.264991758312;;;;
2022-06-20 22:00:00;0.0;87.06865494706113;;89.01071381353255;;;;
2022-06-20 23:00:00;0.0;87.06865494706113;;81.69989072278516;;;;
2022-06-21 00:00:00;0.0;87.06865494706113;;76.78654059244613;;;;
2022-06-21 01:00:00;0.0;87.06865494706113;;74.52570832240957;;;;
2022-06-21 02:00:00;0.0;87.06865494706113;;75.97707279757697;;;;
2022-06-21 03:00:00;0.0;87.06865494706113;;80.01219100686666;;;;
2022-06-21 04:00:00;0.0;87.06865494706113;;86.37699654573672;;;;
2022-06-21 05:00:00;0.0;87.06865494706113;;94.64370671442352;;;;
2022-06-21 06:00:00;0.0;87.06865494706113;;104.2543401187649;;;;
2022-06-21 07:00:00;0.0;87.06865494706113;;114.5504446309182;;;;
2022-06-21 08:00:00;0.0;87.06865494706113;;124.8361414530954;;;;
2022-06-21 09:00:00;0.0;87.06865494706113;;134.4021912517573;;;;
2022-06-21 10:00:00;0.0;87.06865494706113;;142.5899682897403;;;;
2022-06-21 11:00:00;0.0;87.06865494706113;;148.8247595799349;;;;
2022-06-21 12:00:00;0.0;87.06865494706113;;152.6767155819799;;;;
2022-06-21 13:00:00;0.0;87.06865494706113;;153.8762755106914;;;;
2022-06-21 14:00:00;0.0;87.06865494706113;;152.3431884393975;;;;
2022-06-21 15:00:00;0.0;87.06865494706113;;148.1740091820233;;;;
2022-06-21 16:00:00;0.0;87.06865494706113;;141.6503061994641;;;;
2022-06-21 17:00:00;0.0;87.06865494706113;;133.2134883473026;;;;
2022-06-21 18:00:00;0.0;87.06865494706113;;123.4447121928298;;;;
2022-06-21 19:00:00;0.0;87.06865494706113;;112.9967032770225;;;;
2022-06-21 20:00:00;0.0;87.06865494706113;;102.574295620946;;;;
2022-06-21 21:00:00;0.0;87.06865494706113;;92.86728079934;;;;
2022-06-21 22:00:00;0.0;87.06865494706113;;84.5112046111549;;;;
2022-06-21 23:00:00;0.0;87.06865494706113;;77.99036113743588;;;;
2022-06-22 00:00:00;0.0;87.06865494706113;;73.75555250812003;;;;
2022-06-22 01:00:00;0.0;87.06865494706113;;72.04030162110465;;;;
2022-06-22 02:00:00;0.0;87.06865494706113;;72.94161525225638;;;;
2022-06-22 03:00:00;0.0;87.06865494706113;;76.28025299967408;;;;
2022-06-22 04:00:00;0.0;87.06865494706113;;81.76095356209794;;;;
2022-06-22 05:00:00;0.0;87.06865494706113;;88.94740252289103;;;;
2022-06-22 06:00:00;0.0;87.06865494706113;;97.28271263759872;;;;
2022-06-22 07:00:00;0.0;87.06865494706113;;106.1428869619896;;;;
2022-06-22 08:00:00;0.0;87.06865494706113;;114.8754599076602;;;;
2022-06-22 09:00:00;0.0;87.06865494706113;;122.8462508220907;;;;
2022-06-22 10:00:00;0.0;87.06865494706113;;129.4775887808036;;;;
2022-06-22 11:00:00;0.0;87.06865494706113;;134.2921577206611;;;;
2022-06-22 12:00:00;0.0;87.06865494706113;;136.9474486591698;;;;
2022-06-22 13:00:00;0.0;87.06865494706113;;137.2551071106175;;;;
2022-06-22 14:00:00;0.0;87.06865494706113;;135.1825258497451;;;;
2022-06-22 15:00:00;0.0;87.06865494706113;;130.8602881046328;;;;
2022-06-22 16:00:00;0.0;87.06865494706113;;124.5701633240672;;;;
2022-06-22 17:00:00;0.0;87.06865494706113;;116.7210951545591;;;;
2022-06-22 18:00:00;0.0;87.06865494706113;;107.8225077067503;;;;
2022-06-22 19:00:00;0.0;87.06865494706113;;98.44956692316612;;;;
2022-06-22 20:00:00;0.0;87.06865494706113;;89.20559068820205;;;;
2022-06-22 21:00:00;0.0;87.06865494706113;;80.67540219573334;;;;
2022-06-22 22:00:00;0.0;87.06865494706113;;73.39236861039534;;;;
2022-06-22 23:00:00;0.0;87.06865494706113;;68.55282038616312;;;;
2022-06-23 00:00:00;0.0;87.06865494706113;;65.72986264335921;;;;
2022-06-23 01:00:00;0.0;87.06865494706113;;65.1512100919467;;;;
2022-06-23 02:00:00;0.0;87.06865494706113;;66.15222222328244;;;;
2022-06-23 03:00:00;0.0;87.06865494706113;;69.43215138514714;;;;
2022-06-23 04:00:00;0.0;87.06865494706113;;74.75338495983111;;;;
2022-06-23 05:00:00;0.0;87.06865494706113;;81.7489462667595;;;;
2022-06-23 06:00:00;0.0;87.06865494706113;;89.93987004118868;;;;
2022-06-23 07:00:00;0.0;87.06865494706113;;98.78547883564345;;;;
2022-06-23 08:00:00;0.0;87.06865494706113;;107.6918467588272;;;;
2022-06-23 09:00:00;0.0;87.06865494706113;;116.081451254139;;;;
2022-06-23 10:00:00;0.0;87.06865494706113;;123.3945062287496;;;;
2022-06-23 11:00:00;0.0;87.06865494706113;;129.1504692482167;;;;
2022-06-23 12:00:00;0.0;87.06865494706113;;132.965684252197;;;;
2022-06-23 13:00:00;0.0;87.06865494706113;;134.5958823162653;;;;
2022-06-23 14:00:00;0.0;87.06865494706113;;133.9387547960284;;;;
2022-06-23 15:00:00;0.0;87.06865494706113;;131.0398717441354;;;;
2022-06-23 16:00:00;0.0;87.06865494706113;;126.0954540521598;;;;
2022-06-23 17:00:00;0.0;87.06865494706113;;119.4536908893106;;;;
2022-06-23 18:00:00;0.0;87.06865494706113;;111.5764403962792;;;;
2022-06-23 19:00:00;0.0;87.06865494706113;;103.0188451117441;;;;
2022-06-23 20:00:00;0.0;87.06865494706113;;94.38668619998684;;;;
2022-06-23 21:00:00;0.0;87.06865494706113;;86.30142700867847;;;;
2022-06-23 22:00:00;0.0;87.06865494706113;;79.35984415730837;;;;
2022-06-23 23:00:00;0.0;87.06865494706113;;75.09733332941184;;;;
2022-06-24 00:00:00;0.0;87.06865494706113;;72.92601148020469;;;;
2022-06-24 01:00:00;0.0;87.06865494706113;;73.16996167065686;;;;
2022-06-24 02:00:00;0.0;87.06865494706113;;74.99055316692139;;;;
2022-06-24 03:00:00;0.0;87.06865494706113;;79.39879390489176;;;;
2022-06-24 04:00:00;0.0;87.06865494706113;;86.17546607894738;;;;
2022-06-24 05:00:00;0.0;87.06865494706113;;94.9315923734038;;;;
2022-06-24 06:00:00;0.0;87.06865494706113;;105.1396844736047;;;;
2022-06-24 07:00:00;0.0;87.06865494706113;;116.1617611391467;;;;
2022-06-24 08:00:00;0.0;87.06865494706113;;127.2913481781395;;;;
2022-06-24 09:00:00;0.0;87.06865494706113;;137.8043446756212;;;;
2022-06-24 10:00:00;0.0;87.06865494706113;;147.0107466163715;;;;
2022-06-24 11:00:00;0.0;87.06865494706113;;154.2994043737112;;;;
2022-06-24 12:00:00;0.0;87.06865494706113;;159.1812517889675;;;;
2022-06-24 13:00:00;0.0;87.06865494706113;;161.3377316193943;;;;
2022-06-24 14:00:00;0.0;87.06865494706113;;160.6233562232969;;;;
2022-06-24 15:00:00;0.0;87.06865494706113;;157.103818903891;;;;
2022-06-24 16:00:00;0.0;87.06865494706113;;151.0298929238917;;;;
2022-06-24 17:00:00;0.0;87.06865494706113;;142.8419518784279;;;;
2022-06-24 18:00:00;0.0;87.06865494706113;;133.1114986743148;;;;
2022-06-24 19:00:00;0.0;87.06865494706113;;122.5273477404585;;;;
2022-06-24 20:00:00;0.0;87.06865494706113;;111.847625441247;;;;
2022-06-24 21:00:00;0.0;87.06865494706113;;101.8342503469639;;;;
2022-06-24 22:00:00;0.0;87.06865494706113;;93.19974261332352;;;;
2022-06-24 23:00:00;0.0;87.06865494706113;;87.02326544802398;;;;
2022-06-25 00:00:00;0.0;87.06865494706113;;83.31111503051784;;;;
2022-06-25 01:00:00;0.0;87.06865494706113;;82.38106494265786;;;;
2022-06-25 02:00:00;0.0;87.06865494706113;;83.88843078358525;;;;
2022-06-25 03:00:00;0.0;87.06865494706113;;88.22636305774779;;;;
2022-06-25 04:00:00;0.0;87.06865494706113;;95.09749936060145;;;;
2022-06-25 05:00:00;0.0;87.06865494706113;;104.0321391249106;;;;
2022-06-25 06:00:00;0.0;87.06865494706113;;114.4106986794927;;;;
2022-06-25 07:00:00;0.0;87.06865494706113;;125.5142362237311;;;;
2022-06-25 08:00:00;0.0;87.06865494706113;;136.5668598560681;;;;
2022-06-25 09:00:00;0.0;87.06865494706113;;146.8064674473054;;;;
2022-06-25 10:00:00;0.0;87.06865494706113;;155.5358687150554;;;;
2022-06-25 11:00:00;0.0;87.06865494706113;;162.1547560003694;;;;
2022-06-25 12:00:00;0.0;87.06865494706113;;166.2083232989315;;;;
2022-06-25 13:00:00;0.0;87.06865494706113;;167.4075268686231;;;;
2022-06-25 14:00:00;0.0;87.06865494706113;;165.6768223258447;;;;
2022-06-25 15:00:00;0.0;87.06865494706113;;161.1335538538139;;;;
2022-06-25 16:00:00;0.0;87.06865494706113;;154.0845550399939;;;;
2022-06-25 17:00:00;0.0;87.06865494706113;;145.0089244269392;;;;
2022-06-25 18:00:00;0.0;87.06865494706113;;134.516086657978;;;;
2022-06-25 19:00:00;0.0;87.06865494706113;;123.3227206372525;;;;
2022-06-25 20:00:00;0.0;87.06865494706113;;112.1750711713496;;;;
2022-06-25 21:00:00;0.0;87.06865494706113;;101.8203964431511;;;;
2022-06-25 22:00:00;0.0;87.06865494706113;;92.94887283325676;;;;
2022-06-25 23:00:00;0.0;87.06865494706113;;85.59657302526136;;;;
2022-06-26 00:00:00;0.0;87.06865494706113;;80.78212487233661;;;;
2022-06-26 01:00:00;0.0;87.06865494706113;;78.7688813578903;;;;
2022-06-26 02:00:00;0.0;87.06865494706113;;80.18902010185346;;;;
2022-06-26 03:00:00;0.0;87.06865494706113;;84.36396877090937;;;;
2022-06-26 04:00:00;0.0;87.06865494706113;;91.01734100058988;;;;
2022-06-26 05:00:00;0.0;87.06865494706113;;99.70713544961168;;;;
2022-06-26 06:00:00;0.0;87.06865494706113;;109.8642049263121;;;;
2022-06-26 07:00:00;0.0;87.06865494706113;;120.80578041826;;;;
2022-06-26 08:00:00;0.0;87.06865494706113;;131.8172435466759;;;;
2022-06-26 09:00:00;0.0;87.06865494706113;;142.1631006927154;;;;
2022-06-26 10:00:00;0.0;87.06865494706113;;151.1558392200874;;;;
2022-06-26 11:00:00;0.0;87.06865494706113;;158.1966959696086;;;;
2022-06-26 12:00:00;0.0;87.06865494706113;;162.8126921146376;;;;
2022-06-26 13:00:00;0.0;87.06865494706113;;164.7093997767087;;;;
2022-06-26 14:00:00;0.0;87.06865494706113;;163.752073278258;;;;
2022-06-26 15:00:00;0.0;87.06865494706113;;160.0250705634633;;;;
2022-06-26 16:00:00;0.0;87.06865494706113;;153.7771799979838;;;;
2022-06-26 17:00:00;0.0;87.06865494706113;;145.4464874658038;;;;
2022-06-26 18:00:00;0.0;87.06865494706113;;135.5988059648285;;;;
2022-06-26 19:00:00;0.0;87.06865494706113;;124.9256485593271;;;;
2022-06-26 20:00:00;0.0;87.06865494706113;;114.1812321926183;;;;
2022-06-26 21:00:00;0.0;87.06865494706113;;104.1264904782366;;;;
2022-06-26 22:00:00;0.0;87.06865494706113;;95.48278482507908;;;;
2022-06-26 23:00:00;0.0;87.06865494706113;;87.62750173695527;;;;
2022-06-27 00:00:00;0.0;87.06865494706113;;82.32854921072288;;;;
2022-06-27 01:00:00;0.0;87.06865494706113;;79.86295838520752;;;;
2022-06-27 02:00:00;0.0;87.06865494706113;;81.56406419655391;;;;
2022-06-27 03:00:00;0.0;87.06865494706113;;86.04349089041426;;;;
2022-06-27 04:00:00;0.0;87.06865494706113;;93.033046843707;;;;
2022-06-27 05:00:00;0.0;87.06865494706113;;102.0910486125297;;;;
2022-06-27 06:00:00;0.0;87.06865494706113;;112.6222441141166;;;;
2022-06-27 07:00:00;0.0;87.06865494706113;;123.9242429312886;;;;
2022-06-27 08:00:00;0.0;87.06865494706113;;135.2330280795134;;;;
2022-06-27 09:00:00;0.0;87.06865494706113;;145.7753970191964;;;;
2022-06-27 10:00:00;0.0;87.06865494706113;;154.837405486906;;;;
2022-06-27 11:00:00;0.0;87.06865494706113;;161.7907594557997;;;;
2022-06-27 12:00:00;0.0;87.06865494706113;;166.1621358913875;;;;
2022-06-27 13:00:00;0.0;87.06865494706113;;167.647450443168;;;;
2022-06-27 14:00:00;0.0;87.06865494706113;;166.137669952846;;;;
2022-06-27 15:00:00;0.0;87.06865494706113;;161.7386972869237;;;;
2022-06-27 16:00:00;0.0;87.06865494706113;;154.7468290028124;;;;
2022-06-27 17:00:00;0.0;87.06865494706113;;145.6500651398692;;;;
2022-06-27 18:00:00;0.0;87.06865494706113;;135.0669704658367;;;;
2022-06-27 19:00:00;0.0;87.06865494706113;;123.7153673773838;;;;
2022-06-27 20:00:00;0.0;87.06865494706113;;112.3648686947809;;;;
2022-06-27 21:00:00;0.0;87.06865494706113;;101.7770647804742;;;;
2022-06-27 22:00:00;0.0;87.06865494706113;;92.65879614136423;;;;
2022-06-27 23:00:00;0.0;87.06865494706113;;84.58896316534204;;;;
2022-06-28 00:00:00;0.0;87.06865494706113;;79.03706777942017;;;;
2022-06-28 01:00:00;0.0;87.06865494706113;;76.22612773179458;;;;
2022-06-28 02:00:00;0.0;87.06865494706113;;77.19296028261604;;;;
2022-06-28 03:00:00;0.0;87.06865494706113;;80.73750552649827;;;;
2022-06-28 04:00:00;0.0;87.06865494706113;;86.54870065194248;;;;
2022-06-28 05:00:00;0.0;87.06865494706113;;94.1568429166507;;;;
2022-06-28 06:00:00;0.0;87.06865494706113;;102.978404769694;;;;
2022-06-28 07:00:00;0.0;87.06865494706113;;112.3431657130268;;;;
2022-06-28 08:00:00;0.0;87.06865494706113;;121.5583538506528;;;;
2022-06-28 09:00:00;0.0;87.06865494706113;;129.9457312396909;;;;
2022-06-28 10:00:00;0.0;87.06865494706113;;136.8959266843629;;;;
2022-06-28 11:00:00;0.0;87.06865494706113;;141.910100940548;;;;
2022-06-28 12:00:00;0.0;87.06865494706113;;144.6251505280155;;;;
2022-06-28 13:00:00;0.0;87.06865494706113;;144.8441157249347;;;;
2022-06-28 14:00:00;0.0;87.06865494706113;;142.5340116921253;;;;
2022-06-28 15:00:00;0.0;87.06865494706113;;137.8430603780843;;;;
2022-06-28 16:00:00;0.0;87.06865494706113;;131.0748477319973;;;;
2022-06-28 17:00:00;0.0;87.06865494706113;;122.6720203765383;;;;
2022-06-28 18:00:00;0.0;87.06865494706113;;113.1740720781455;;;;
2022-06-28 19:00:00;0.0;87.06865494706113;;103.188521919716;;;;
2022-06-28 20:00:00;0.0;87.06865494706113;;93.35343541821892;;;;
2022-06-28 21:00:00;0.0;87.06865494706113;;84.282749682141;;;;
2022-06-28 22:00:00;0.0;87.06865494706113;;76.53523336618586;;;;
2022-06-28 23:00:00;0.0;87.06865494706113;;70.53377244752204;;;;
2022-06-29 00:00:00;0.0;87.06865494706113;;66.66034904930028;;;;
2022-06-29 01:00:00;0.0;87.06865494706113;;65.11029265022016;;;;
2022-06-29 02:00:00;0.0;87.06865494706113;;65.96236808832896;;;;
2022-06-29 03:00:00;0.0;87.06865494706113;;69.06999412038644;;;;
2022-06-29 04:00:00;0.0;87.06865494706113;;74.18096173671496;;;;
2022-06-29 05:00:00;0.0;87.06865494706113;;80.9175711331396;;;;
2022-06-29 06:00:00;0.0;87.06865494706113;;88.80050293524697;;;;
2022-06-29 07:00:00;0.0;87.06865494706113;;97.28027162777995;;;;
2022-06-29 08:00:00;0.0;87.06865494706113;;105.7747904436934;;;;
2022-06-29 09:00:00;0.0;87.06865494706113;;113.7002444751459;;;;
2022-06-29 10:00:00;0.0;87.06865494706113;;120.5257286198393;;;;
2022-06-29 11:00:00;0.0;87.06865494706113;;125.7944599865281;;;;
2022-06-29 12:00:00;0.0;87.06865494706113;;129.1489256750711;;;;
2022-06-29 13:00:00;0.0;87.06865494706113;;130.3675984350156;;;;
2022-06-29 14:00:00;0.0;87.06865494706113;;129.3603712399198;;;;
2022-06-29 15:00:00;0.0;87.06865494706113;;126.1972333130965;;;;
2022-06-29 16:00:00;0.0;87.06865494706113;;121.0883105523608;;;;
2022-06-29 17:00:00;0.0;87.06865494706113;;114.3832826326979;;;;
2022-06-29 18:00:00;0.0;87.06865494706113;;106.5419176672519;;;;
2022-06-29 19:00:00;0.0;87.06865494706113;;98.09170911613786;;;;
2022-06-29 20:00:00;0.0;87.06865494706113;;89.61670904842522;;;;
2022-06-29 21:00:00;0.0;87.06865494706113;;81.7077794125093;;;;
2022-06-29 22:00:00;0.0;87.06865494706113;;74.9271107414535;;;;
2022-06-29 23:00:00;0.0;87.06865494706113;;70.55362341671184;;;;
2022-06-30 00:00:00;0.0;87.06865494706113;;68.17184143252177;;;;
2022-06-30 01:00:00;0.0;87.06865494706113;;68.06536378556558;;;;
2022-06-30 02:00:00;0.0;87.06865494706113;;69.57651918805949;;;;
2022-06-30 03:00:00;0.0;87.06865494706113;;73.48219447417914;;;;
2022-06-30 04:00:00;0.0;87.06865494706113;;79.56115436497305;;;;
2022-06-30 05:00:00;0.0;87.06865494706113;;87.43907032601761;;;;
2022-06-30 06:00:00;0.0;87.06865494706113;;96.61436427640004;;;;
2022-06-30 07:00:00;0.0;87.06865494706113;;106.4942138139497;;;;
2022-06-30 08:00:00;0.0;87.06865494706113;;116.4335291850171;;;;
2022-06-30 09:00:00;0.0;87.06865494706113;;125.7786341866621;;;;
2022-06-30 10:00:00;0.0;87.06865494706113;;133.9032059525288;;;;
2022-06-30 11:00:00;0.0;87.06865494706113;;140.2627697355804;;;;
2022-06-30 12:00:00;0.0;87.06865494706113;;144.4211590921248;;;;
2022-06-30 13:00:00;0.0;87.06865494706113;;146.101838608368;;;;
2022-06-30 14:00:00;0.0;87.06865494706113;;145.198970848802;;;;
2022-06-30 15:00:00;0.0;87.06865494706113;;141.7800308245612;;;;
2022-06-30 16:00:00;0.0;87.06865494706113;;136.0789191775635;;;;
2022-06-30 17:00:00;0.0;87.06865494706113;;128.4905349560994;;;;
2022-06-30 18:00:00;0.0;87.06865494706113;;119.5503269489284;;;;
2022-06-30 19:00:00;0.0;87.06865494706113;;109.8888190402951;;;;
2022-06-30 20:00:00;0.0;87.06865494706113;;100.174564590104;;;;
2022-06-30 21:00:00;0.0;87.06865494706113;;91.08234331958644;;;;
2022-06-30 22:00:00;0.0;87.06865494706113;;83.2460131887949;;;;
2022-06-30 23:00:00;0.0;87.06865494706113;;78.27029837242054;;;;
2022-07-01 00:00:00;0.0;87.06865494706113;;75.49745405300045;;;;
2022-07-01 01:00:00;0.0;87.06865494706113;;75.22583188956877;;;;
2022-07-01 02:00:00;0.0;87.06865494706113;;76.52277951367594;;;;
2022-07-01 03:00:00;0.0;87.06865494706113;;80.40506753968621;;;;
2022-07-01 04:00:00;0.0;87.06865494706113;;86.59371368091527;;;;
2022-07-01 05:00:00;0.0;87.06865494706113;;94.65281246626654;;;;
2022-07-01 06:00:00;0.0;87.06865494706113;;104.0167772200904;;;;
2022-07-01 07:00:00;0.0;87.06865494706113;;114.0355664555098;;;;
2022-07-01 08:00:00;0.0;87.06865494706113;;124.0111805933802;;;;
2022-07-01 09:00:00;0.0;87.06865494706113;;133.2538574315025;;;;
2022-07-01 10:00:00;0.0;87.06865494706113;;141.1269793671783;;;;
2022-07-01 11:00:00;0.0;87.06865494706113;;147.0890587785078;;;;
2022-07-01 12:00:00;0.0;87.06865494706113;;150.7334317834057;;;;
2022-07-01 13:00:00;0.0;87.06865494706113;;151.807467353203;;;;
2022-07-01 14:00:00;0.0;87.06865494706113;;150.2464894527711;;;;
2022-07-01 15:00:00;0.0;87.06865494706113;;146.1473347534476;;;;
2022-07-01 16:00:00;0.0;87.06865494706113;;139.7903494764291;;;;
2022-07-01 17:00:00;0.0;87.06865494706113;;131.599867104695;;;;
2022-07-01 18:00:00;0.0;87.06865494706113;;122.1340500990593;;;;
2022-07-01 19:00:00;0.0;87.06865494706113;;112.0317104384919;;;;
2022-07-01 20:00:00;0.0;87.06865494706113;;101.9732718382486;;;;
2022-07-01 21:00:00;0.0;87.06865494706113;;92.63423516850872;;;;
2022-07-01 22:00:00;0.0;87.06865494706113;;84.64117915892068;;;;
2022-07-01 23:00:00;0.0;87.06865494706113;;78.9739439019739;;;;
2022-07-02 00:00:00;0.0;87.06865494706113;;75.5978994790119;;;;
2022-07-02 01:00:00;0.0;87.06865494706113;;74.79584983008492;;;;
2022-07-02 02:00:00;0.0;87.06865494706113;;76.24016249097804;;;;
2022-07-02 03:00:00;0.0;87.06865494706113;;80.3188169371322;;;;
2022-07-02 04:00:00;0.0;87.06865494706113;;86.7841746212151;;;;
2022-07-02 05:00:00;0.0;87.06865494706113;;95.22540302886968;;;;
2022-07-02 06:00:00;0.0;87.06865494706113;;105.1076355345243;;;;
2022-07-02 07:00:00;0.0;87.06865494706113;;115.7906310334984;;;;
2022-07-02 08:00:00;0.0;87.06865494706113;;126.5825500548655;;;;
2022-07-02 09:00:00;0.0;87.06865494706113;;136.7714323335882;;;;
2022-07-02 10:00:00;0.0;87.06865494706113;;145.7000195578951;;;;
2022-07-02 11:00:00;0.0;87.06865494706113;;152.7898569295103;;;;
2022-07-02 12:00:00;0.0;87.06865494706113;;157.5855241614207;;;;
2022-07-02 13:00:00;0.0;87.06865494706113;;159.7678499145026;;;;
2022-07-02 14:00:00;0.0;87.06865494706113;;159.1979390749523;;;;
2022-07-02 15:00:00;0.0;87.06865494706113;;155.9260856814785;;;;
2022-07-02 16:00:00;0.0;87.06865494706113;;150.1855842291154;;;;
2022-07-02 17:00:00;0.0;87.06865494706113;;142.3799397484945;;;;
2022-07-02 18:00:00;0.0;87.06865494706113;;133.0581863382618;;;;
2022-07-02 19:00:00;0.0;87.06865494706113;;122.885442390493;;;;
2022-07-02 20:00:00;0.0;87.06865494706113;;112.5949520645792;;;;
2022-07-02 21:00:00;0.0;87.06865494706113;;102.9358752375633;;;;
2022-07-02 22:00:00;0.0;87.06865494706113;;94.623474728306;;;;
2022-07-02 23:00:00;0.0;87.06865494706113;;87.73933259805737;;;;
2022-07-03 00:00:00;0.0;87.06865494706113;;83.35545749782182;;;;
2022-07-03 01:00:00;0.0;87.06865494706113;;81.79666153425902;;;;
2022-07-03 02:00:00;0.0;87.06865494706113;;83.74686731952193;;;;
2022-07-03 03:00:00;0.0;87.06865494706113;;88.569078980325;;;;
2022-07-03 04:00:00;0.0;87.06865494706113;;96.00180761417532;;;;
2022-07-03 05:00:00;0.0;87.06865494706113;;105.5994581996196;;;;
2022-07-03 06:00:00;0.0;87.06865494706113;;116.7581063453218;;;;
2022-07-03 07:00:00;0.0;87.06865494706113;;128.7676140154521;;;;
2022-07-03 08:00:00;0.0;87.06865494706113;;140.8381936867641;;;;
2022-07-03 09:00:00;0.0;87.06865494706113;;152.1737222324679;;;;
2022-07-03 10:00:00;0.0;87.06865494706113;;161.9987757646016;;;;
2022-07-03 11:00:00;0.0;87.06865494706113;;169.6548997334658;;;;
2022-07-03 12:00:00;0.0;87.06865494706113;;174.6217630839963;;;;
2022-07-03 13:00:00;0.0;87.06865494706113;;176.5678388951033;;;;
2022-07-03 14:00:00;0.0;87.06865494706113;;175.3650523749546;;;;
2022-07-03 15:00:00;0.0;87.06865494706113;;171.0946883457945;;;;
2022-07-03 16:00:00;0.0;87.06865494706113;;164.0533971702019;;;;
2022-07-03 17:00:00;0.0;87.06865494706113;;154.7337835523788;;;;
2022-07-03 18:00:00;0.0;87.06865494706113;;143.7887339157355;;;;
2022-07-03 19:00:00;0.0;87.06865494706113;;131.9830520140494;;;;
2022-07-03 20:00:00;0.0;87.06865494706113;;120.1279315772312;;;;
2022-07-03 21:00:00;0.0;87.06865494706113;;109.0410847907363;;;;
2022-07-03 22:00:00;0.0;87.06865494706113;;99.4833678038207;;;;
2022-07-03 23:00:00;0.0;87.06865494706113;;90.82413161502558;;;;
2022-07-04 00:00:00;0.0;87.06865494706113;;84.84853653190936;;;;
2022-07-04 01:00:00;0.0;87.06865494706113;;81.806103658052;;;;
2022-07-04 02:00:00;0.0;87.06865494706113;;83.00846045382119;;;;
2022-07-04 03:00:00;0.0;87.06865494706113;;86.98459220257654;;;;
2022-07-04 04:00:00;0.0;87.06865494706113;;93.412916281537;;;;
2022-07-04 05:00:00;0.0;87.06865494706113;;101.8053746944387;;;;
2022-07-04 06:00:00;0.0;87.06865494706113;;111.5339422851245;;;;
2022-07-04 07:00:00;0.0;87.06865494706113;;121.8841064086779;;;;
2022-07-04 08:00:00;0.0;87.06865494706113;;132.1009247632477;;;;
2022-07-04 09:00:00;0.0;87.06865494706113;;141.4467787433868;;;;
2022-07-04 10:00:00;0.0;87.06865494706113;;149.2532159220574;;;;
2022-07-04 11:00:00;0.0;87.06865494706113;;154.9581040576517;;;;
2022-07-04 12:00:00;0.0;87.06865494706113;;158.1606043207709;;;;
2022-07-04 13:00:00;0.0;87.06865494706113;;158.6229165471968;;;;
2022-07-04 14:00:00;0.0;87.06865494706113;;156.3133394575033;;;;
2022-07-04 15:00:00;0.0;87.06865494706113;;151.3691676393983;;;;
2022-07-04 16:00:00;0.0;87.06865494706113;;144.1206726968609;;;;
2022-07-04 17:00:00;0.0;87.06865494706113;;135.0366757857394;;;;
2022-07-04 18:00:00;0.0;87.06865494706113;;124.7149824145989;;;;
2022-07-04 19:00:00;0.0;87.06865494706113;;113.8218323974272;;;;
2022-07-04 20:00:00;0.0;87.06865494706113;;103.0643802253767;;;;
2022-07-04 21:00:00;0.0;87.06865494706113;;93.12433481283732;;;;
2022-07-04 22:00:00;0.0;87.06865494706113;;84.62020854161455;;;;
2022-07-04 23:00:00;0.0;87.06865494706113;;77.16209093192344;;;;
2022-07-05 00:00:00;0.0;87.06865494706113;;72.06109292210681;;;;
2022-07-05 01:00:00;0.0;87.06865494706113;;69.5115310016738;;;;
2022-07-05 02:00:00;0.0;87.06865494706113;;70.43719992481746;;;;
2022-07-05 03:00:00;0.0;87.06865494706113;;73.76282567362276;;;;
2022-07-05 04:00:00;0.0;87.06865494706113;;79.2181368015649;;;;
2022-07-05 05:00:00;0.0;87.06865494706113;;86.39669196332898;;;;
2022-07-05 06:00:00;0.0;87.06865494706113;;94.78329408537395;;;;
2022-07-05 07:00:00;0.0;87.06865494706113;;103.7857390158136;;;;
2022-07-05 08:00:00;0.0;87.06865494706113;;112.7768725603867;;;;
2022-07-05 09:00:00;0.0;87.06865494706113;;121.141119742754;;;;
2022-07-05 10:00:00;0.0;87.06865494706113;;128.305637939498;;;;
2022-07-05 11:00:00;0.0;87.06865494706113;;133.7807599117192;;;;
2022-07-05 12:00:00;0.0;87.06865494706113;;137.1934690986584;;;;
2022-07-05 13:00:00;0.0;87.06865494706113;;138.3054567207544;;;;
2022-07-05 14:00:00;0.0;87.06865494706113;;137.0460694398812;;;;
2022-07-05 15:00:00;0.0;87.06865494706113;;133.4951836154399;;;;
2022-07-05 16:00:00;0.0;87.06865494706113;;127.8945458841778;;;;
2022-07-05 17:00:00;0.0;87.06865494706113;;120.6157126636824;;;;
2022-07-05 18:00:00;0.0;87.06865494706113;;112.1473315757386;;;;
2022-07-05 19:00:00;0.0;87.06865494706113;;103.0617896731806;;;;
2022-07-05 20:00:00;0.0;87.06865494706113;;93.97638510399864;;;;
2022-07-05 21:00:00;0.0;87.06865494706113;;85.5110135697912;;;;
2022-07-05 22:00:00;0.0;87.06865494706113;;78.24941168205206;;;;
2022-07-05 23:00:00;0.0;87.06865494706113;;72.67297532324022;;;;
2022-07-06 00:00:00;0.0;87.06865494706113;;69.19716340140803;;;;
2022-07-06 01:00:00;0.0;87.06865494706113;;68.07369421080685;;;;
2022-07-06 02:00:00;0.0;87.06865494706113;;69.41844201546542;;;;
2022-07-06 03:00:00;0.0;87.06865494706113;;73.13510747494935;;;;
2022-07-06 04:00:00;0.0;87.06865494706113;;78.98793517430425;;;;
2022-07-06 05:00:00;0.0;87.06865494706113;;86.59104923328113;;;;
2022-07-06 06:00:00;0.0;87.06865494706113;;95.44209050338182;;;;
2022-07-06 07:00:00;0.0;87.06865494706113;;104.9446019374043;;;;
2022-07-06 08:00:00;0.0;87.06865494706113;;114.4576916775554;;;;
2022-07-06 09:00:00;0.0;87.06865494706113;;123.3309662348351;;;;
2022-07-06 10:00:00;0.0;87.06865494706113;;130.9616391785676;;;;
2022-07-06 11:00:00;0.0;87.06865494706113;;136.8254444338528;;;;
2022-07-06 12:00:00;0.0;87.06865494706113;;140.5148232107469;;;;
2022-07-06 13:00:00;0.0;87.06865494706113;;141.7722846136062;;;;
2022-07-06 14:00:00;0.0;87.06865494706113;;140.5168494400916;;;;
2022-07-06 15:00:00;0.0;87.06865494706113;;136.8408554410829;;;;
2022-07-06 16:00:00;0.0;87.06865494706113;;130.9949222722002;;;;
2022-07-06 17:00:00;0.0;87.06865494706113;;123.3686834797393;;;;
2022-07-06 18:00:00;0.0;87.06865494706113;;114.4843709280426;;;;
2022-07-06 19:00:00;0.0;87.06865494706113;;104.9431801989133;;;;
2022-07-06 20:00:00;0.0;87.06865494706113;;95.40466554889656;;;;
2022-07-06 21:00:00;0.0;87.06865494706113;;86.50980291001845;;;;
2022-07-06 22:00:00;0.0;87.06865494706113;;78.86156463287921;;;;
2022-07-06 23:00:00;0.0;87.06865494706113;;73.78954519154203;;;;
2022-07-07 00:00:00;0.0;87.06865494706113;;70.82487029078177;;;;
2022-07-07 01:00:00;0.0;87.06865494706113;;70.22288106459087;;;;
2022-07-07 02:00:00;0.0;87.06865494706113;;71.2459911736905;;;;
2022-07-07 03:00:00;0.0;87.06865494706113;;74.66495536141024;;;;
2022-07-07 04:00:00;0.0;87.06865494706113;;80.20799944193693;;;;
2022-07-07 05:00:00;0.0;87.06865494706113;;87.45291294323223;;;;
2022-07-07 06:00:00;0.0;87.06865494706113;;95.8672582194128;;;;
2022-07-07 07:00:00;0.0;87.06865494706113;;104.8464217967001;;;;
2022-07-07 08:00:00;0.0;87.06865494706113;;113.746175607968;;;;
2022-07-07 09:00:00;0.0;87.06865494706113;;121.9390124644327;;;;
2022-07-07 10:00:00;0.0;87.06865494706113;;128.8450646459849;;;;
2022-07-07 11:00:00;0.0;87.06865494706113;;133.9843118641787;;;;
2022-07-07 12:00:00;0.0;87.06865494706113;;136.9966074942326;;;;
2022-07-07 13:00:00;0.0;87.06865494706113;;137.6647068563814;;;;
2022-07-07 14:00:00;0.0;87.06865494706113;;135.9475835589038;;;;
2022-07-07 15:00:00;0.0;87.06865494706113;;131.9552184698883;;;;
2022-07-07 16:00:00;0.0;87.06865494706113;;125.9580744404736;;;;
2022-07-07 17:00:00;0.0;87.06865494706113;;118.3485091753843;;;;
2022-07-07 18:00:00;0.0;87.06865494706113;;109.6340198592817;;;;
2022-07-07 19:00:00;0.0;87.06865494706113;;100.390507699824;;;;
2022-07-07 20:00:00;0.0;87.06865494706113;;91.22542065565769;;;;
2022-07-07 21:00:00;0.0;87.06865494706113;;82.73439188092252;;;;
2022-07-07 22:00:00;0.0;87.06865494706113;;75.47741678402713;;;;
2022-07-07 23:00:00;0.0;87.06865494706113;;70.89730528547574;;;;
2022-07-08 00:00:00;0.0;87.06865494706113;;68.37031376272273;;;;
2022-07-08 01:00:00;0.0;87.06865494706113;;68.15929408663477;;;;
2022-07-08 02:00:00;0.0;87.06865494706113;;69.40577616984184;;;;
2022-07-08 03:00:00;0.0;87.06865494706113;;73.05402409834302;;;;
2022-07-08 04:00:00;0.0;87.06865494706113;;78.87281849569723;;;;
2022-07-08 05:00:00;0.0;87.06865494706113;;86.49130615075902;;;;
2022-07-08 06:00:00;0.0;87.06865494706113;;95.41832230128252;;;;
2022-07-08 07:00:00;0.0;87.06865494706113;;105.0777142680065;;;;
2022-07-08 08:00:00;0.0;87.06865494706113;;114.8450923559125;;;;
2022-07-08 09:00:00;0.0;87.06865494706113;;124.0947835304188;;;;
2022-07-08 10:00:00;0.0;87.06865494706113;;132.2216300634323;;;;
2022-07-08 11:00:00;0.0;87.06865494706113;;138.7009070257103;;;;
2022-07-08 12:00:00;0.0;87.06865494706113;;143.1054540908556;;;;
2022-07-08 13:00:00;0.0;87.06865494706113;;145.1502822929668;;;;
2022-07-08 14:00:00;0.0;87.06865494706113;;144.7117889242184;;;;
2022-07-08 15:00:00;0.0;87.06865494706113;;141.8322748404136;;;;
2022-07-08 16:00:00;0.0;87.06865494706113;;136.7196872442045;;;;
2022-07-08 17:00:00;0.0;87.06865494706113;;129.7271520273422;;;;
2022-07-08 18:00:00;0.0;87.06865494706113;;121.3493903187127;;;;
2022-07-08 19:00:00;0.0;87.06865494706113;;112.1882774112833;;;;
2022-07-08 20:00:00;0.0;87.06865494706113;;102.9124527615162;;;;
2022-07-08 21:00:00;0.0;87.06865494706113;;94.20111277710588;;;;
2022-07-08 22:00:00;0.0;87.06865494706113;;86.71216181832315;;;;
2022-07-08 23:00:00;0.0;87.06865494706113;;81.50046674778928;;;;
2022-07-09 00:00:00;0.0;87.06865494706113;;78.56813945046872;;;;
2022-07-09 01:00:00;0.0;87.06865494706113;;78.2525648626772;;;;
2022-07-09 02:00:00;0.0;87.06865494706113;;80.24732738716366;;;;
2022-07-09 03:00:00;0.0;87.06865494706113;;85.00648187203856;;;;
2022-07-09 04:00:00;0.0;87.06865494706113;;92.29850477607852;;;;
2022-07-09 05:00:00;0.0;87.06865494706113;;101.708907904601;;;;
2022-07-09 06:00:00;0.0;87.06865494706113;;112.6695239262743;;;;
2022-07-09 07:00:00;0.0;87.06865494706113;;124.4899706680782;;;;
2022-07-09 08:00:00;0.0;87.06865494706113;;136.4122747010202;;;;
2022-07-09 09:00:00;0.0;87.06865494706113;;147.6592885502492;;;;
2022-07-09 10:00:00;0.0;87.06865494706113;;157.4915679505256;;;;
2022-07-09 11:00:00;0.0;87.06865494706113;;165.2566990785689;;;;
2022-07-09 12:00:00;0.0;87.06865494706113;;170.4353185359549;;;;
2022-07-09 13:00:00;0.0;87.06865494706113;;172.6760938103356;;;;
2022-07-09 14:00:00;0.0;87.06865494706113;;171.8358426650873;;;;
2022-07-09 15:00:00;0.0;87.06865494706113;;167.9793409974752;;;;
2022-07-09 16:00:00;0.0;87.06865494706113;;161.394828578074;;;;
2022-07-09 17:00:00;0.0;87.06865494706113;;152.5450783877009;;;;
2022-07-09 18:00:00;0.0;87.06865494706113;;142.0585675738092;;;;
2022-07-09 19:00:00;0.0;87.06865494706113;;130.6722287371933;;;;
2022-07-09 20:00:00;0.0;87.06865494706113;;119.1957686352916;;;;
2022-07-09 21:00:00;0.0;87.06865494706113;;108.4337094605898;;;;
2022-07-09 22:00:00;0.0;87.06865494706113;;99.14538710620336;;;;
2022-07-09 23:00:00;0.0;87.06865494706113;;91.42006171024018;;;;
2022-07-10 00:00:00;0.0;87.06865494706113;;86.33640086421077;;;;
2022-07-10 01:00:00;0.0;87.06865494706113;;84.19075045092983;;;;
2022-07-10 02:00:00;0.0;87.06865494706113;;85.62821454642008;;;;
2022-07-10 03:00:00;0.0;87.06865494706113;;89.94560216291003;;;;
2022-07-10 04:00:00;0.0;87.06865494706113;;96.82582519501804;;;;
2022-07-10 05:00:00;0.0;87.06865494706113;;105.7781154110799;;;;
2022-07-10 06:00:00;0.0;87.06865494706113;;116.166817635396;;;;
2022-07-10 07:00:00;0.0;87.06865494706113;;127.2486018898929;;;;
2022-07-10 08:00:00;0.0;87.06865494706113;;138.2469685759539;;;;
2022-07-10 09:00:00;0.0;87.06865494706113;;148.3815019404334;;;;
2022-07-10 10:00:00;0.0;87.06865494706113;;156.9547939563193;;;;
2022-07-10 11:00:00;0.0;87.06865494706113;;163.3602064923298;;;;
2022-07-10 12:00:00;0.0;87.06865494706113;;167.1473920615233;;;;
2022-07-10 13:00:00;0.0;87.06865494706113;;168.0491223929832;;;;
2022-07-10 14:00:00;0.0;87.06865494706113;;165.9968154048665;;;;
2022-07-10 15:00:00;0.0;87.06865494706113;;161.1250701716161;;;;
2022-07-10 16:00:00;0.0;87.06865494706113;;153.7672171725143;;;;
2022-07-10 17:00:00;0.0;87.06865494706113;;144.4097637461585;;;;
2022-07-10 18:00:00;0.0;87.06865494706113;;133.6890264979269;;;;
2022-07-10 19:00:00;0.0;87.06865494706113;;122.2937695588723;;;;
2022-07-10 20:00:00;0.0;87.06865494706113;;110.9895120740328;;;;
2022-07-10 21:00:00;0.0;87.06865494706113;;100.5075545112002;;;;
2022-07-10 22:00:00;0.0;87.06865494706113;;91.53536188354283;;;;
2022-07-10 23:00:00;0.0;87.06865494706113;;83.48304460924278;;;;
2022-07-11 00:00:00;0.0;87.06865494706113;;77.95761145520038;;;;
2022-07-11 01:00:00;0.0;87.06865494706113;;75.17869710393558;;;;
2022-07-11 02:00:00;0.0;87.06865494706113;;76.33189036535191;;;;
2022-07-11 03:00:00;0.0;87.06865494706113;;80.09509525313761;;;;
2022-07-11 04:00:00;0.0;87.06865494706113;;86.18470471059263;;;;
2022-07-11 05:00:00;0.0;87.06865494706113;;94.17233202569908;;;;
2022-07-11 06:00:00;0.0;87.06865494706113;;103.4921347854951;;;;
2022-07-11 07:00:00;0.0;87.06865494706113;;113.5074740576688;;;;
2022-07-11 08:00:00;0.0;87.06865494706113;;123.5279780257288;;;;
2022-07-11 09:00:00;0.0;87.06865494706113;;132.8752120981335;;;;
2022-07-11 10:00:00;0.0;87.06865494706113;;140.916806421354;;;;
2022-07-11 11:00:00;0.0;87.06865494706113;;147.1199394712784;;;;
2022-07-11 12:00:00;0.0;87.06865494706113;;151.0549025687826;;;;
2022-07-11 13:00:00;0.0;87.06865494706113;;152.4506141355471;;;;
2022-07-11 14:00:00;0.0;87.06865494706113;;151.2070669961751;;;;
2022-07-11 15:00:00;0.0;87.06865494706113;;147.420077059587;;;;
2022-07-11 16:00:00;0.0;87.06865494706113;;141.3424819410827;;;;
2022-07-11 17:00:00;0.0;87.06865494706113;;133.3833699190588;;;;
2022-07-11 18:00:00;0.0;87.06865494706113;;124.0840535541357;;;;
2022-07-11 19:00:00;0.0;87.06865494706113;;114.0787992921471;;;;
2022-07-11 20:00:00;0.0;87.06865494706113;;104.054201618965;;;;
2022-07-11 21:00:00;0.0;87.06865494706113;;94.70031858911624;;;;
2022-07-11 22:00:00;0.0;87.06865494706113;;86.66827392109235;;;;
2022-07-11 23:00:00;0.0;87.06865494706113;;79.5948302137188;;;;
2022-07-12 00:00:00;0.0;87.06865494706113;;74.85711934289134;;;;
2022-07-12 01:00:00;0.0;87.06865494706113;;72.70045719038718;;;;
2022-07-12 02:00:00;0.0;87.06865494706113;;74.11850691923127;;;;
2022-07-12 03:00:00;0.0;87.06865494706113;;78.0591444995;;;;
2022-07-12 04:00:00;0.0;87.06865494706113;;84.2667561716114;;;;
2022-07-12 05:00:00;0.0;87.06865494706113;;92.33000599764895;;;;
2022-07-12 06:00:00;0.0;87.06865494706113;;101.7020194170426;;;;
2022-07-12 07:00:00;0.0;87.06865494706113;;111.7506185279742;;;;
2022-07-12 08:00:00;0.0;87.06865494706113;;121.7820995451641;;;;
2022-07-12 09:00:00;0.0;87.06865494706113;;131.1131579378891;;;;
2022-07-12 10:00:00;0.0;87.06865494706113;;139.0948931784755;;;;
2022-07-12 11:00:00;0.0;87.06865494706113;;145.1857125041184;;;;
2022-07-12 12:00:00;0.0;87.06865494706113;;148.9526926975929;;;;
2022-07-12 13:00:00;0.0;87.06865494706113;;150.1343300260521;;;;
2022-07-12 14:00:00;0.0;87.06865494706113;;148.640814517196;;;;
2022-07-12 15:00:00;0.0;87.06865494706113;;144.5732186819831;;;;
2022-07-12 16:00:00;0.0;87.06865494706113;;138.2036485314071;;;;
2022-07-12 17:00:00;0.0;87.06865494706113;;129.9675457429565;;;;
2022-07-12 18:00:00;0.0;87.06865494706113;;120.4278491691689;;;;
2022-07-12 19:00:00;0.0;87.06865494706113;;110.2311457812086;;;;
2022-07-12 20:00:00;0.0;87.06865494706113;;100.0584569631174;;;;
2022-07-12 21:00:00;0.0;87.06865494706113;;90.58598402529466;;;;
2022-07-12 22:00:00;0.0;87.06865494706113;;82.43415760968824;;;;
2022-07-12 23:00:00;0.0;87.06865494706113;;76.11207133444557;;;;
2022-07-13 00:00:00;0.0;87.06865494706113;;72.01888685084104;;;;
2022-07-13 01:00:00;0.0;87.06865494706113;;70.37909484263963;;;;
2022-07-13 02:00:00;0.0;87.06865494706113;;71.25922978186775;;;;
2022-07-13 03:00:00;0.0;87.06865494706113;;74.52195528900899;;;;
2022-07-13 04:00:00;0.0;87.06865494706113;;79.87960529406186;;;;
2022-07-13 05:00:00;0.0;87.06865494706113;;86.89816207967252;;;;
2022-07-13 06:00:00;0.0;87.06865494706113;;95.03637633842136;;;;
2022-07-13 07:00:00;0.0;87.06865494706113;;103.6923887026585;;;;
2022-07-13 08:00:00;0.0;87.06865494706113;;112.2230272078763;;;;
2022-07-13 09:00:00;0.0;87.06865494706113;;120.0126771126094;;;;
2022-07-13 10:00:00;0.0;87.06865494706113;;126.4910812667024;;;;
2022-07-13 11:00:00;0.0;87.06865494706113;;131.1971045577797;;;;
2022-07-13 12:00:00;0.0;87.06865494706113;;133.7939322553573;;;;
2022-07-13 13:00:00;0.0;87.06865494706113;;134.0959188623888;;;;
2022-07-13 14:00:00;0.0;87.06865494706113;;132.0743442774127;;;;
2022-07-13 15:00:00;0.0;87.06865494706113;;127.8522457694637;;;;
2022-07-13 16:00:00;0.0;87.06865494706113;;121.7097869225176;;;;
2022-07-13 17:00:00;0.0;87.06865494706113;;114.0461127760395;;;;
2022-07-13 18:00:00;0.0;87.06865494706113;;105.3567075628233;;;;
2022-07-13 19:00:00;0.0;87.06865494706113;;96.19909557611176;;;;
2022-07-13 20:00:00;0.0;87.06865494706113;;87.16127329908838;;;;
2022-07-13 21:00:00;0.0;87.06865494706113;;78.82331259417535;;;;
2022-07-13 22:00:00;0.0;87.06865494706113;;71.70213556283278;;;;
2022-07-13 23:00:00;0.0;87.06865494706113;;67.00527602517609;;;;
2022-07-14 00:00:00;0.0;87.06865494706113;;64.27623678078615;;;;
2022-07-14 01:00:00;0.0;87.06865494706113;;63.74433378181845;;;;
2022-07-14 02:00:00;0.0;87.06865494706113;;64.72946166010584;;;;
2022-07-14 03:00:00;0.0;87.06865494706113;;67.94517323625841;;;;
2022-07-14 04:00:00;0.0;87.06865494706113;;73.15631192971924;;;;
2022-07-14 05:00:00;0.0;87.06865494706113;;80.00090714943126;;;;
2022-07-14 06:00:00;0.0;87.06865494706113;;88.01967054064139;;;;
2022-07-14 07:00:00;0.0;87.06865494706113;;96.6810171481496;;;;
2022-07-14 08:00:00;0.0;87.06865494706113;;105.4066303166813;;;;
2022-07-14 09:00:00;0.0;87.06865494706113;;113.6199032642635;;;;
2022-07-14 10:00:00;0.0;87.06865494706113;;120.7822403114243;;;;
2022-07-14 11:00:00;0.0;87.06865494706113;;126.4219250467488;;;;
2022-07-14 12:00:00;0.0;87.06865494706113;;130.1669385276895;;;;
2022-07-14 13:00:00;0.0;87.06865494706113;;131.7668391202554;;;;
2022-07-14 14:00:00;0.0;87.06865494706113;;131.1231346270179;;;;
2022-07-14 15:00:00;0.0;87.06865494706113;;128.2845335904437;;;;
2022-07-14 16:00:00;0.0;87.06865494706113;;123.4487905643412;;;;
2022-07-14 17:00:00;0.0;87.06865494706113;;116.9507373408194;;;;
2022-07-14 18:00:00;0.0;87.06865494706113;;109.2433693758132;;;;
2022-07-14 19:00:00;0.0;87.06865494706113;;100.8610631862443;;;;
2022-07-14 20:00:00;0.0;87.06865494706113;;92.40058132119476;;;;
2022-07-14 21:00:00;0.0;87.06865494706113;;84.47391822094835;;;;
2022-07-14 22:00:00;0.0;87.06865494706113;;77.67474937140827;;;;
2022-07-14 23:00:00;0.0;87.06865494706113;;73.54206904368152;;;;
2022-07-15 00:00:00;0.0;87.06865494706113;;71.46016527348293;;;;
2022-07-15 01:00:00;0.0;87.06865494706113;;71.74213589650411;;;;
2022-07-15 02:00:00;0.0;87.06865494706113;;73.53044988627231;;;;
2022-07-15 03:00:00;0.0;87.06865494706113;;77.85439604304506;;;;
2022-07-15 04:00:00;0.0;87.06865494706113;;84.50358947089549;;;;
2022-07-15 05:00:00;0.0;87.06865494706113;;93.09791725814792;;;;
2022-07-15 06:00:00;0.0;87.06865494706113;;103.1117487000706;;;;
2022-07-15 07:00:00;0.0;87.06865494706113;;113.9209143732784;;;;
2022-07-15 08:00:00;0.0;87.06865494706113;;124.8334490580386;;;;
2022-07-15 09:00:00;0.0;87.06865494706113;;135.1371900215158;;;;
2022-07-15 10:00:00;0.0;87.06865494706113;;144.1536671352023;;;;
2022-07-15 11:00:00;0.0;87.06865494706113;;151.2851213060994;;;;
2022-07-15 12:00:00;0.0;87.06865494706113;;156.0626630265795;;;;
2022-07-15 13:00:00;0.0;87.06865494706113;;158.1697101671823;;;;
2022-07-15 14:00:00;0.0;87.06865494706113;;157.4718402976035;;;;
2022-07-15 15:00:00;0.0;87.06865494706113;;154.0303741726614;;;;
2022-07-15 16:00:00;0.0;87.06865494706113;;148.0840841309556;;;;
2022-07-15 17:00:00;0.0;87.06865494706113;;140.060551222391;;;;
2022-07-15 18:00:00;0.0;87.06865494706113;;130.5206657660833;;;;
2022-07-15 19:00:00;0.0;87.06865494706113;;120.1499060926019;;;;
2022-07-15 20:00:00;0.0;87.06865494706113;;109.6823174227808;;;;
2022-07-15 21:00:00;0.0;87.06865494706113;;99.86577724927548;;;;
2022-07-15 22:00:00;0.0;87.06865494706113;;91.39729016840204;;;;
2022-07-15 23:00:00;0.0;87.06865494706113;;85.38985787659435;;;;
2022-07-16 00:00:00;0.0;87.06865494706113;;81.79333858220272;;;;
2022-07-16 01:00:00;0.0;87.06865494706113;;80.92767593860177;;;;
2022-07-16 02:00:00;0.0;87.06865494706113;;82.40732316953151;;;;
2022-07-16 03:00:00;0.0;87.06865494706113;;86.67296899461084;;;;
2022-07-16 04:00:00;0.0;87.06865494706113;;93.42935764703309;;;;
2022-07-16 05:00:00;0.0;87.06865494706113;;102.2059520438598;;;;
2022-07-16 06:00:00;0.0;87.06865494706113;;112.3944208235633;;;;
2022-07-16 07:00:00;0.0;87.06865494706113;;123.2930440200147;;;;
2022-07-16 08:00:00;0.0;87.06865494706113;;134.1494101236135;;;;
2022-07-16 09:00:00;0.0;87.06865494706113;;144.21141485762;;;;
2022-07-16 10:00:00;0.0;87.06865494706113;;152.7796941933166;;;;
2022-07-16 11:00:00;0.0;87.06865494706113;;159.2683638916501;;;;
2022-07-16 12:00:00;0.0;87.06865494706113;;163.2363605958979;;;;
2022-07-16 13:00:00;0.0;87.06865494706113;;164.4110974190622;;;;
2022-07-16 14:00:00;0.0;87.06865494706113;;162.7080095890892;;;;
2022-07-16 15:00:00;0.0;87.06865494706113;;158.239064046593;;;;
2022-07-16 16:00:00;0.0;87.06865494706113;;151.3063913021049;;;;
2022-07-16 17:00:00;0.0;87.06865494706113;;142.385260092288;;;;
2022-07-16 18:00:00;0.0;87.06865494706113;;132.082505871849;;;;
2022-07-16 19:00:00;0.0;87.06865494706113;;121.0891313862737;;;;
2022-07-16 20:00:00;0.0;87.06865494706113;;110.1415768826551;;;;
2022-07-16 21:00:00;0.0;87.06865494706113;;99.97382612882843;;;;
2022-07-16 22:00:00;0.0;87.06865494706113;;91.2693329144646;;;;
2022-07-16 23:00:00;0.0;87.06865494706113;;84.10283867643223;;;;
2022-07-17 00:00:00;0.0;87.06865494706113;;79.42488662023243;;;;
2022-07-17 01:00:00;0.0;87.06865494706113;;77.49558299391364;;;;
2022-07-17 02:00:00;0.0;87.06865494706113;;78.89200731120002;;;;
2022-07-17 03:00:00;0.0;87.06865494706113;;82.99630411048025;;;;
2022-07-17 04:00:00;0.0;87.06865494706113;;89.53692007809798;;;;
2022-07-17 05:00:00;0.0;87.06865494706113;;98.082303298836;;;;
2022-07-17 06:00:00;0.0;87.06865494706113;;108.065283897952;;;;
2022-07-17 07:00:00;0.0;87.06865494706113;;118.8297644193593;;;;
2022-07-17 08:00:00;0.0;87.06865494706113;;129.6557194019809;;;;
2022-07-17 09:00:00;0.0;87.06865494706113;;139.8270388431803;;;;
2022-07-17 10:00:00;0.0;87.06865494706113;;148.6623282767602;;;;
2022-07-17 11:00:00;0.0;87.06865494706113;;155.5804761710116;;;;
2022-07-17 12:00:00;0.0;87.06865494706113;;160.1234941210157;;;;
2022-07-17 13:00:00;0.0;87.06865494706113;;161.9950403416838;;;;
2022-07-17 14:00:00;0.0;87.06865494706113;;161.0664905719033;;;;
2022-07-17 15:00:00;0.0;87.06865494706113;;157.4037891280715;;;;
2022-07-17 16:00:00;0.0;87.06865494706113;;151.2510163553928;;;;
2022-07-17 17:00:00;0.0;87.06865494706113;;143.046818725763;;;;
2022-07-17 18:00:00;0.0;87.06865494706113;;133.3602381716035;;;;
2022-07-17 19:00:00;0.0;87.06865494706113;;122.8692622684033;;;;
2022-07-17 20:00:00;0.0;87.06865494706113;;112.3058760254827;;;;
2022-07-17 21:00:00;0.0;87.06865494706113;;102.4182961917862;;;;
2022-07-17 22:00:00;0.0;87.06865494706113;;93.91924893922425;;;;
2022-07-17 23:00:00;0.0;87.06865494706113;;86.24597702155117;;;;
2022-07-18 00:00:00;0.0;87.06865494706113;;81.08359235575708;;;;
2022-07-18 01:00:00;0.0;87.06865494706113;;78.70703400533509;;;;
2022-07-18 02:00:00;0.0;87.06865494706113;;80.38501612991948;;;;
2022-07-18 03:00:00;0.0;87.06865494706113;;84.8031284019789;;;;
2022-07-18 04:00:00;0.0;87.06865494706113;;91.69313928042642;;;;
2022-07-18 05:00:00;0.0;87.06865494706113;;100.6166049000321;;;;
2022-07-18 06:00:00;0.0;87.06865494706113;;110.9929761816668;;;;
2022-07-18 07:00:00;0.0;87.06865494706113;;122.1299845676025;;;;
2022-07-18 08:00:00;0.0;87.06865494706113;;133.2731619462411;;;;
2022-07-18 09:00:00;0.0;87.06865494706113;;143.6673020467092;;;;
2022-07-18 10:00:00;0.0;87.06865494706113;;152.5975356149482;;;;
2022-07-18 11:00:00;0.0;87.06865494706113;;159.4528308422973;;;;
2022-07-18 12:00:00;0.0;87.06865494706113;;163.7562054597605;;;;
2022-07-18 13:00:00;0.0;87.06865494706113;;165.2136677328227;;;;
2022-07-18 14:00:00;0.0;87.06865494706113;;163.7241276554986;;;;
2022-07-18 15:00:00;0.0;87.06865494706113;;159.3882136249996;;;;
2022-07-18 16:00:00;0.0;87.06865494706113;;152.5041909803419;;;;
2022-07-18 17:00:00;0.0;87.06865494706113;;143.5387788697624;;;;
2022-07-18 18:00:00;0.0;87.06865494706113;;133.1029536568773;;;;
2022-07-18 19:00:00;0.0;87.06865494706113;;121.9074589068016;;;;
2022-07-18 20:00:00;0.0;87.06865494706113;;110.718231334028;;;;
2022-07-18 21:00:00;0.0;87.06865494706113;;100.2855380078461;;;;
2022-07-18 22:00:00;0.0;87.06865494706113;;91.30373843625183;;;;
2022-07-18 23:00:00;0.0;87.06865494706113;;83.40059214467034;;;;
2022-07-19 00:00:00;0.0;87.06865494706113;;77.9781990853644;;;;
2022-07-19 01:00:00;0.0;87.06865494706113;;75.25629224247645;;;;
2022-07-19 02:00:00;0.0;87.06865494706113;;76.20876006571667;;;;
2022-07-19 03:00:00;0.0;87.06865494706113;;79.70422211500639;;;;
2022-07-19 04:00:00;0.0;87.06865494706113;;85.4347592557943;;;;
2022-07-19 05:00:00;0.0;87.06865494706113;;92.94111631426868;;;;
2022-07-19 06:00:00;0.0;87.06865494706113;;101.6366481674153;;;;
2022-07-19 07:00:00;0.0;87.06865494706113;;110.865676123671;;;;
2022-07-19 08:00:00;0.0;87.06865494706113;;119.9474959472523;;;;
2022-07-19 09:00:00;0.0;87.06865494706113;;128.2180841240338;;;;
2022-07-19 10:00:00;0.0;87.06865494706113;;135.0775988887319;;;;
2022-07-19 11:00:00;0.0;87.06865494706113;;140.023766342938;;;;
2022-07-19 12:00:00;0.0;87.06865494706113;;142.7026644900766;;;;
2022-07-19 13:00:00;0.0;87.06865494706113;;142.9210958423169;;;;
2022-07-19 14:00:00;0.0;87.06865494706113;;140.6501101817353;;;;
2022-07-19 15:00:00;0.0;87.06865494706113;;136.028840977387;;;;
2022-07-19 16:00:00;0.0;87.06865494706113;;129.3489910155479;;;;
2022-07-19 17:00:00;0.0;87.06865494706113;;121.0527455396559;;;;
2022-07-19 18:00:00;0.0;87.06865494706113;;111.672366548812;;;;
2022-07-19 19:00:00;0.0;87.06865494706113;;101.8172791823522;;;;
2022-07-19 20:00:00;0.0;87.06865494706113;;92.10533748916092;;;;
2022-07-19 21:00:00;0.0;87.06865494706113;;83.15048932024817;;;;
2022-07-19 22:00:00;0.0;87.06865494706113;;75.49929152683498;;;;
2022-07-19 23:00:00;0.0;87.06865494706113;;69.6141519357484;;;;
2022-07-20 00:00:00;0.0;87.06865494706113;;65.8273340206445;;;;
2022-07-20 01:00:00;0.0;87.06865494706113;;64.33463624095042;;;;
2022-07-20 02:00:00;0.0;87.06865494706113;;65.17918972810892;;;;
2022-07-20 03:00:00;0.0;87.06865494706113;;68.25487002913314;;;;
2022-07-20 04:00:00;0.0;87.06865494706113;;73.30762426449303;;;;
2022-07-20 05:00:00;0.0;87.06865494706113;;79.96415171054248;;;;
2022-07-20 06:00:00;0.0;87.06865494706113;;87.75094676731686;;;;
2022-07-20 07:00:00;0.0;87.06865494706113;;96.12810497891488;;;;
2022-07-20 08:00:00;0.0;87.06865494706113;;104.5195969706379;;;;
2022-07-20 09:00:00;0.0;87.06865494706113;;112.3594146194313;;;;
2022-07-20 10:00:00;0.0;87.06865494706113;;119.1070398232927;;;;
2022-07-20 11:00:00;0.0;87.06865494706113;;124.3099511410719;;;;
2022-07-20 12:00:00;0.0;87.06865494706113;;127.6143023618081;;;;
2022-07-20 13:00:00;0.0;87.06865494706113;;128.8100002275184;;;;
2022-07-20 14:00:00;0.0;87.06865494706113;;127.8064828478393;;;;
2022-07-20 15:00:00;0.0;87.06865494706113;;124.6730859644134;;;;
2022-07-20 16:00:00;0.0;87.06865494706113;;119.6209089522514;;;;
2022-07-20 17:00:00;0.0;87.06865494706113;;112.9954006637792;;;;
2022-07-20 18:00:00;0.0;87.06865494706113;;105.243903683793;;;;
2022-07-20 19:00:00;0.0;87.06865494706113;;96.8953453205824;;;;
2022-07-20 20:00:00;0.0;87.06865494706113;;88.5236381015859;;;;
2022-07-20 21:00:00;0.0;87.06865494706113;;80.71322130612177;;;;
2022-07-20 22:00:00;0.0;87.06865494706113;;74.01403972352057;;;;
2022-07-20 23:00:00;0.0;87.06865494706113;;69.73024051704303;;;;
2022-07-21 00:00:00;0.0;87.06865494706113;;67.41291873110815;;;;
2022-07-21 01:00:00;0.0;87.06865494706113;;67.34345223551801;;;;
2022-07-21 02:00:00;0.0;87.06865494706113;;68.84127261724072;;;;
2022-07-21 03:00:00;0.0;87.06865494706113;;72.70692008908192;;;;
2022-07-21 04:00:00;0.0;87.06865494706113;;78.72026692698188;;;;
2022-07-21 05:00:00;0.0;87.06865494706113;;86.51010269655362;;;;
2022-07-21 06:00:00;0.0;87.06865494706113;;95.5910254836664;;;;
2022-07-21 07:00:00;0.0;87.06865494706113;;105.3777260324893;;;;
2022-07-21 08:00:00;0.0;87.06865494706113;;115.2228789160611;;;;
2022-07-21 09:00:00;0.0;87.06865494706113;;124.4722011534157;;;;
2022-07-21 10:00:00;0.0;87.06865494706113;;132.5107216634129;;;;
2022-07-21 11:00:00;0.0;87.06865494706113;;138.800051666176;;;;
2022-07-21 12:00:00;0.0;87.06865494706113;;142.9155754520907;;;;
2022-07-21 13:00:00;0.0;87.06865494706113;;144.5852170732857;;;;
2022-07-21 14:00:00;0.0;87.06865494706113;;143.6970386255416;;;;
2022-07-21 15:00:00;0.0;87.06865494706113;;140.3101282624467;;;;
2022-07-21 16:00:00;0.0;87.06865494706113;;134.6599163422619;;;;
2022-07-21 17:00:00;0.0;87.06865494706113;;127.1470479571688;;;;
2022-07-21 18:00:00;0.0;87.06865494706113;;118.2988561977529;;;;
2022-07-21 19:00:00;0.0;87.06865494706113;;108.7324128911558;;;;
2022-07-21 20:00:00;0.0;87.06865494706113;;99.11744926489806;;;;
2022-07-21 21:00:00;0.0;87.06865494706113;;90.12288531309989;;;;
2022-07-21 22:00:00;0.0;87.06865494706113;;82.37308410473827;;;;
2022-07-21 23:00:00;0.0;87.06865494706113;;77.49630789950892;;;;
2022-07-22 00:00:00;0.0;87.06865494706113;;74.79741975053034;;;;
2022-07-22 01:00:00;0.0;87.06865494706113;;74.57625214174539;;;;
2022-07-22 02:00:00;0.0;87.06865494706113;;75.86616387904367;;;;
2022-07-22 03:00:00;0.0;87.06865494706113;;79.72225936293242;;;;
2022-07-22 04:00:00;0.0;87.06865494706113;;85.86300759062259;;;;
2022-07-22 05:00:00;0.0;87.06865494706113;;93.86065514102296;;;;
2022-07-22 06:00:00;0.0;87.06865494706113;;103.1493856262572;;;;
2022-07-22 07:00:00;0.0;87.06865494706113;;113.0833771440915;;;;
2022-07-22 08:00:00;0.0;87.06865494706113;;122.9693796297628;;;;
2022-07-22 09:00:00;0.0;87.06865494706113;;132.1291061107364;;;;
2022-07-22 10:00:00;0.0;87.06865494706113;;139.9323983233234;;;;
2022-07-22 11:00:00;0.0;87.06865494706113;;145.8421453597797;;;;
2022-07-22 12:00:00;0.0;87.06865494706113;;149.4527594189659;;;;
2022-07-22 13:00:00;0.0;87.06865494706113;;150.5172051086503;;;;
2022-07-22 14:00:00;0.0;87.06865494706113;;148.964879271089;;;;
2022-07-22 15:00:00;0.0;87.06865494706113;;144.8955594023021;;;;
2022-07-22 16:00:00;0.0;87.06865494706113;;138.5894814341335;;;;
2022-07-22 17:00:00;0.0;87.06865494706113;;130.4716132486239;;;;
2022-07-22 18:00:00;0.0;87.06865494706113;;121.093886948887;;;;
2022-07-22 19:00:00;0.0;87.06865494706113;;111.0823601458821;;;;
2022-07-22 20:00:00;0.0;87.06865494706113;;101.1082090267549;;;;
2022-07-22 21:00:00;0.0;87.06865494706113;;91.8435180145315;;;;
2022-07-22 22:00:00;0.0;87.06865494706113;;83.91627954887801;;;;
2022-07-22 23:00:00;0.0;87.06865494706113;;78.33945460385779;;;;
2022-07-23 00:00:00;0.0;87.06865494706113;;75.03826381866095;;;;
2022-07-23 01:00:00;0.0;87.06865494706113;;74.28927586438719;;;;
2022-07-23 02:00:00;0.0;87.06865494706113;;75.72953777573463;;;;
2022-07-23 03:00:00;0.0;87.06865494706113;;79.78666518089186;;;;
2022-07-23 04:00:00;0.0;87.06865494706113;;86.20937191288806;;;;
2022-07-23 05:00:00;0.0;87.06865494706113;;94.59118488672378;;;;
2022-07-23 06:00:00;0.0;87.06865494706113;;104.3951832522271;;;;
2022-07-23 07:00:00;0.0;87.06865494706113;;114.994493897545;;;;
2022-07-23 08:00:00;0.0;87.06865494706113;;125.7058214176804;;;;
2022-07-23 09:00:00;0.0;87.06865494706113;;135.8320482297769;;;;
2022-07-23 10:00:00;0.0;87.06865494706113;;144.7135483869517;;;;
2022-07-23 11:00:00;0.0;87.06865494706113;;151.7735888262704;;;;
2022-07-23 12:00:00;0.0;87.06865494706113;;156.5414865421856;;;;
2022-07-23 13:00:00;0.0;87.06865494706113;;158.7082963990651;;;;
2022-07-23 14:00:00;0.0;87.06865494706113;;158.1374421041812;;;;
2022-07-23 15:00:00;0.0;87.06865494706113;;154.8851751591421;;;;
2022-07-23 16:00:00;0.0;87.06865494706113;;149.1820976460666;;;;
2022-07-23 17:00:00;0.0;87.06865494706113;;141.4222236841077;;;;
2022-07-23 18:00:00;0.0;87.06865494706113;;132.1541641460138;;;;
2022-07-23 19:00:00;0.0;87.06865494706113;;122.0415338786465;;;;
2022-07-23 20:00:00;0.0;87.06865494706113;;111.8125933608353;;;;
2022-07-23 21:00:00;0.0;87.06865494706113;;102.2119663362819;;;;
2022-07-23 22:00:00;0.0;87.06865494706113;;93.94937501301398;;;;
2022-07-23 23:00:00;0.0;87.06865494706113;;87.15406268765253;;;;
2022-07-24 00:00:00;0.0;87.06865494706113;;82.84688735627319;;;;
2022-07-24 01:00:00;0.0;87.06865494706113;;81.34510012088997;;;;
2022-07-24 02:00:00;0.0;87.06865494706113;;83.28425079772111;;;;
2022-07-24 03:00:00;0.0;87.06865494706113;;88.07559880690737;;;;
2022-07-24 04:00:00;0.0;87.06865494706113;;95.4646720363512;;;;
2022-07-24 05:00:00;0.0;87.06865494706113;;105.0088943880008;;;;
2022-07-24 06:00:00;0.0;87.06865494706113;;116.113163386058;;;;
2022-07-24 07:00:00;0.0;87.06865494706113;;128.0635645006866;;;;
2022-07-24 08:00:00;0.0;87.06865494706113;;140.072556492581;;;;
2022-07-24 09:00:00;0.0;87.06865494706113;;151.3452973039105;;;;
2022-07-24 10:00:00;0.0;87.06865494706113;;161.1161734912634;;;;
2022-07-24 11:00:00;0.0;87.06865494706113;;168.7342262650418;;;;
2022-07-24 12:00:00;0.0;87.06865494706113;;173.6761205671533;;;;
2022-07-24 13:00:00;0.0;87.06865494706113;;175.616015366927;;;;
2022-07-24 14:00:00;0.0;87.06865494706113;;174.4182348826297;;;;
2022-07-24 15:00:00;0.0;87.06865494706113;;170.1691416594068;;;;
2022-07-24 16:00:00;0.0;87.06865494706113;;163.1619760307975;;;;
2022-07-24 17:00:00;0.0;87.06865494706113;;153.8916999670675;;;;
2022-07-24 18:00:00;0.0;87.06865494706113;;143.0031128527754;;;;
2022-07-24 19:00:00;0.0;87.06865494706113;;131.2525617256717;;;;
2022-07-24 20:00:00;0.0;87.06865494706113;;119.4567769043177;;;;
2022-07-24 21:00:00;0.0;87.06865494706113;;108.4223872104225;;;;
2022-07-24 22:00:00;0.0;87.06865494706113;;98.91310820859864;;;;
2022-07-24 23:00:00;0.0;87.06865494706113;;90.341383051932;;;;
2022-07-25 00:00:00;0.0;87.06865494706113;;84.44357406553144;;;;
2022-07-25 01:00:00;0.0;87.06865494706113;;81.46293403942474;;;;
2022-07-25 02:00:00;0.0;87.06865494706113;;82.65754841581393;;;;
2022-07-25 03:00:00;0.0;87.06865494706113;;86.61920034558898;;;;
2022-07-25 04:00:00;0.0;87.06865494706113;;93.02336090975103;;;;
2022-07-25 05:00:00;0.0;87.06865494706113;;101.3831670642201;;;;
2022-07-25 06:00:00;0.0;87.06865494706113;;111.0706232367405;;;;
2022-07-25 07:00:00;0.0;87.06865494706113;;121.375979268998;;;;
2022-07-25 08:00:00;0.0;87.06865494706113;;131.5525711263171;;;;
2022-07-25 09:00:00;0.0;87.06865494706113;;140.8639541977685;;;;
2022-07-25 10:00:00;0.0;87.06865494706113;;148.6409621537247;;;;
2022-07-25 11:00:00;0.0;87.06865494706113;;154.3264186551226;;;;
2022-07-25 12:00:00;0.0;87.06865494706113;;157.5223125350544;;;;
2022-07-25 13:00:00;0.0;87.06865494706113;;157.9964306832964;;;;
2022-07-25 14:00:00;0.0;87.06865494706113;;155.6994327769508;;;;
2022-07-25 15:00:00;0.0;87.06865494706113;;150.7668141890196;;;;
2022-07-25 16:00:00;0.0;87.06865494706113;;143.5285866483501;;;;
2022-07-25 17:00:00;0.0;87.06865494706113;;134.4717986903017;;;;
2022-07-25 18:00:00;0.0;87.06865494706113;;124.1878797317095;;;;
2022-07-25 19:00:00;0.0;87.06865494706113;;113.3398138590036;;;;
2022-07-25 20:00:00;0.0;87.06865494706113;;102.6246661074549;;;;
2022-07-25 21:00:00;0.0;87.06865494706113;;92.72247486258846;;;;
2022-07-25 22:00:00;0.0;87.06865494706113;;84.25445909027931;;;;
2022-07-25 23:00:00;0.0;87.06865494706113;;76.86951112230496;;;;
2022-07-26 00:00:00;0.0;87.06865494706113;;71.83189525028182;;;;
2022-07-26 01:00:00;0.0;87.06865494706113;;69.33206676411302;;;;
2022-07-26 02:00:00;0.0;87.06865494706113;;70.2539810943097;;;;
2022-07-26 03:00:00;0.0;87.06865494706113;;73.57418080994448;;;;
2022-07-26 04:00:00;0.0;87.06865494706113;;79.02067358216185;;;;
2022-07-26 05:00:00;0.0;87.06865494706113;;86.18297338613286;;;;
2022-07-26 06:00:00;0.0;87.06865494706113;;94.54630668995055;;;;
2022-07-26 07:00:00;0.0;87.06865494706113;;103.5265293144063;;;;
2022-07-26 08:00:00;0.0;87.06865494706113;;112.5027381081403;;;;
2022-07-26 09:00:00;0.0;87.06865494706113;;120.856879164032;;;;
2022-07-26 10:00:00;0.0;87.06865494706113;;128.0083794199765;;;;
2022-07-26 11:00:00;0.0;87.06865494706113;;133.4661038912263;;;;
2022-07-26 12:00:00;0.0;87.06865494706113;;136.8634216090144;;;;
2022-07-26 13:00:00;0.0;87.06865494706113;;137.9735723426975;;;;
2022-07-26 14:00:00;0.0;87.06865494706113;;136.7200396499826;;;;
2022-07-26 15:00:00;0.0;87.06865494706113;;133.1796067731918;;;;
2022-07-26 16:00:00;0.0;87.06865494706113;;127.5868941337013;;;;
2022-07-26 17:00:00;0.0;87.06865494706113;;120.3185721683652;;;;
2022-07-26 18:00:00;0.0;87.06865494706113;;111.8639087852066;;;;
2022-07-26 19:00:00;0.0;87.06865494706113;;102.79584924265;;;;
2022-07-26 20:00:00;0.0;87.06865494706113;;93.7293632902988;;;;
2022-07-26 21:00:00;0.0;87.06865494706113;;85.28319086445062;;;;
2022-07-26 22:00:00;0.0;87.06865494706113;;78.03855155699706;;;;
2022-07-26 23:00:00;0.0;87.06865494706113;;72.51491803499758;;;;
2022-07-27 00:00:00;0.0;87.06865494706113;;69.08729037476104;;;;
2022-07-27 01:00:00;0.0;87.06865494706113;;68.00868378267734;;;;
2022-07-27 02:00:00;0.0;87.06865494706113;;69.35582341613042;;;;
2022-07-27 03:00:00;0.0;87.06865494706113;;73.07154079826688;;;;
2022-07-27 04:00:00;0.0;87.06865494706113;;78.92001950331692;;;;
2022-07-27 05:00:00;0.0;87.06865494706113;;86.51772649143123;;;;
2022-07-27 06:00:00;0.0;87.06865494706113;;95.36239083153431;;;;
2022-07-27 07:00:00;0.0;87.06865494706113;;104.8528569444349;;;;
2022-07-27 08:00:00;0.0;87.06865494706113;;114.3504857467955;;;;
2022-07-27 09:00:00;0.0;87.06865494706113;;123.2083557353929;;;;
2022-07-27 10:00:00;0.0;87.06865494706113;;130.8279976074648;;;;
2022-07-27 11:00:00;0.0;87.06865494706113;;136.6832858694289;;;;
2022-07-27 12:00:00;0.0;87.06865494706113;;140.3693034134786;;;;
2022-07-27 13:00:00;0.0;87.06865494706113;;141.6293633256983;;;;
2022-07-27 14:00:00;0.0;87.06865494706113;;140.3825014421893;;;;
2022-07-27 15:00:00;0.0;87.06865494706113;;136.710197138711;;;;
2022-07-27 16:00:00;0.0;87.06865494706113;;130.8654571778201;;;;
2022-07-27 17:00:00;0.0;87.06865494706113;;123.2439249138008;;;;
2022-07-27 18:00:00;0.0;87.06865494706113;;114.3654835687558;;;;
2022-07-27 19:00:00;0.0;87.06865494706113;;104.8400801349803;;;;
2022-07-27 20:00:00;0.0;87.06865494706113;;95.31256126858122;;;;
2022-07-27 21:00:00;0.0;87.06865494706113;;86.4310178254179;;;;
2022-07-27 22:00:00;0.0;87.06865494706113;;78.78411133097515;;;;
2022-07-27 23:00:00;0.0;87.06865494706113;;73.75487044483623;;;;
2022-07-28 00:00:00;0.0;87.06865494706113;;70.82736932327516;;;;
2022-07-28 01:00:00;0.0;87.06865494706113;;70.26482841300687;;;;
2022-07-28 02:00:00;0.0;87.06865494706113;;71.28325387107066;;;;
2022-07-28 03:00:00;0.0;87.06865494706113;;74.70146181578751;;;;
2022-07-28 04:00:00;0.0;87.06865494706113;;80.23934090612809;;;;
2022-07-28 05:00:00;0.0;87.06865494706113;;87.48332787235407;;;;
2022-07-28 06:00:00;0.0;87.06865494706113;;95.89470095611614;;;;
2022-07-28 07:00:00;0.0;87.06865494706113;;104.8716198655038;;;;
2022-07-28 08:00:00;0.0;87.06865494706113;;113.767027769571;;;;
2022-07-28 09:00:00;0.0;87.06865494706113;;121.950096048692;;;;
2022-07-28 10:00:00;0.0;87.06865494706113;;128.8452185526327;;;;
2022-07-28 11:00:00;0.0;87.06865494706113;;133.9706922164112;;;;
2022-07-28 12:00:00;0.0;87.06865494706113;;136.9684341460819;;;;
2022-07-28 13:00:00;0.0;87.06865494706113;;137.6295400726738;;;;
2022-07-28 14:00:00;0.0;87.06865494706113;;135.9056451943761;;;;
2022-07-28 15:00:00;0.0;87.06865494706113;;131.9149771252104;;;;
2022-07-28 16:00:00;0.0;87.06865494706113;;125.9172590045859;;;;
2022-07-28 17:00:00;0.0;87.06865494706113;;118.3115658399258;;;;
2022-07-28 18:00:00;0.0;87.06865494706113;;109.598302824154;;;;
2022-07-28 19:00:00;0.0;87.06865494706113;;100.3581224179333;;;;
2022-07-28 20:00:00;0.0;87.06865494706113;;91.19642077070507;;;;
2022-07-28 21:00:00;0.0;87.06865494706113;;82.71538913644456;;;;
2022-07-28 22:00:00;0.0;87.06865494706113;;75.46351796636085;;;;
2022-07-28 23:00:00;0.0;87.06865494706113;;70.92341750382556;;;;
2022-07-29 00:00:00;0.0;87.06865494706113;;68.43435552362362;;;;
2022-07-29 01:00:00;0.0;87.06865494706113;;68.26325657420949;;;;
2022-07-29 02:00:00;0.0;87.06865494706113;;69.51914428453975;;;;
2022-07-29 03:00:00;0.0;87.06865494706113;;73.18229355574346;;;;
2022-07-29 04:00:00;0.0;87.06865494706113;;79.01602180739283;;;;
2022-07-29 05:00:00;0.0;87.06865494706113;;86.64550926604844;;;;
2022-07-29 06:00:00;0.0;87.06865494706113;;95.58176876385022;;;;
2022-07-29 07:00:00;0.0;87.06865494706113;;105.25096769079;;;;
2022-07-29 08:00:00;0.0;87.06865494706113;;115.0309344656223;;;;
2022-07-29 09:00:00;0.0;87.06865494706113;;124.2870024930508;;;;
2022-07-29 10:00:00;0.0;87.06865494706113;;132.4158578204588;;;;
2022-07-29 11:00:00;0.0;87.06865494706113;;138.8912270685047;;;;
2022-07-29 12:00:00;0.0;87.06865494706113;;143.2921667551584;;;;
2022-07-29 13:00:00;0.0;87.06865494706113;;145.3339103643099;;;;
2022-07-29 14:00:00;0.0;87.06865494706113;;144.8948231015135;;;;
2022-07-29 15:00:00;0.0;87.06865494706113;;142.0091474043024;;;;
2022-07-29 16:00:00;0.0;87.06865494706113;;136.8897633121749;;;;
2022-07-29 17:00:00;0.0;87.06865494706113;;129.8827277441988;;;;
2022-07-29 18:00:00;0.0;87.06865494706113;;121.4919448346404;;;;
2022-07-29 19:00:00;0.0;87.06865494706113;;112.3171863673038;;;;
2022-07-29 20:00:00;0.0;87.06865494706113;;103.027989700313;;;;
2022-07-29 21:00:00;0.0;87.06865494706113;;94.30538252098194;;;;
2022-07-29 22:00:00;0.0;87.06865494706113;;86.80787589739914;;;;
2022-07-29 23:00:00;0.0;87.06865494706113;;81.6371238619088;;;;
2022-07-30 00:00:00;0.0;87.06865494706113;;78.74531400476434;;;;
2022-07-30 01:00:00;0.0;87.06865494706113;;78.47518526968126;;;;
2022-07-30 02:00:00;0.0;87.06865494706113;;80.47731089865239;;;;
2022-07-30 03:00:00;0.0;87.06865494706113;;85.25016160132475;;;;
2022-07-30 04:00:00;0.0;87.06865494706113;;92.55774009952108;;;;
2022-07-30 05:00:00;0.0;87.06865494706113;;101.9877622853116;;;;
2022-07-30 06:00:00;0.0;87.06865494706113;;112.9722254180769;;;;
2022-07-30 07:00:00;0.0;87.06865494706113;;124.8215044743052;;;;
2022-07-30 08:00:00;0.0;87.06865494706113;;136.7807853954022;;;;
2022-07-30 09:00:00;0.0;87.06865494706113;;148.0632863278092;;;;
2022-07-30 10:00:00;0.0;87.06865494706113;;157.9239260578239;;;;
2022-07-30 11:00:00;0.0;87.06865494706113;;165.7021812396914;;;;
2022-07-30 12:00:00;0.0;87.06865494706113;;170.8772128463668;;;;
2022-07-30 13:00:00;0.0;87.06865494706113;;173.1179699248737;;;;
2022-07-30 14:00:00;0.0;87.06865494706113;;172.2689664110384;;;;
2022-07-30 15:00:00;0.0;87.06865494706113;;168.4086202415208;;;;
2022-07-30 16:00:00;0.0;87.06865494706113;;161.8032661936797;;;;
2022-07-30 17:00:00;0.0;87.06865494706113;;152.9297012886769;;;;
2022-07-30 18:00:00;0.0;87.06865494706113;;142.4148499329634;;;;
2022-07-30 19:00:00;0.0;87.06865494706113;;131.0023927367714;;;;
2022-07-30 20:00:00;0.0;87.06865494706113;;119.4950749540374;;;;
2022-07-30 21:00:00;0.0;87.06865494706113;;108.7040518773538;;;;
2022-07-30 22:00:00;0.0;87.06865494706113;;99.38662523096674;;;;
2022-07-30 23:00:00;0.0;87.06865494706113;;91.69687333665888;;;;
2022-07-31 00:00:00;0.0;87.06865494706113;;86.65677844967973;;;;
2022-07-31 01:00:00;0.0;87.06865494706113;;84.56356546811534;;;;
2022-07-31 02:00:00;0.0;87.06865494706113;;86.0083786599626;;;;
2022-07-31 03:00:00;0.0;87.06865494706113;;90.34614762711678;;;;
2022-07-31 04:00:00;0.0;87.06865494706113;;97.26144524236145;;;;
2022-07-31 05:00:00;0.0;87.06865494706113;;106.2607045812695;;;;
2022-07-31 06:00:00;0.0;87.06865494706113;;116.6958721792226;;;;
2022-07-31 07:00:00;0.0;87.06865494706113;;127.827835907685;;;;
2022-07-31 08:00:00;0.0;87.06865494706113;;138.8672528664069;;;;
2022-07-31 09:00:00;0.0;87.06865494706113;;149.04560048854;;;;
2022-07-31 10:00:00;0.0;87.06865494706113;;157.6431215459778;;;;
2022-07-31 11:00:00;0.0;87.06865494706113;;164.0629295735827;;;;
2022-07-31 12:00:00;0.0;87.06865494706113;;167.8507456680509;;;;
2022-07-31 13:00:00;0.0;87.06865494706113;;168.7496403264295;;;;
2022-07-31 14:00:00;0.0;87.06865494706113;;166.6885991516818;;;;
2022-07-31 15:00:00;0.0;87.06865494706113;;161.8069927408563;;;;
2022-07-31 16:00:00;0.0;87.06865494706113;;154.4258191036531;;;;
2022-07-31 17:00:00;0.0;87.06865494706113;;145.0408803644115;;;;
2022-07-31 18:00:00;0.0;87.06865494706113;;134.2729812187433;;;;
2022-07-31 19:00:00;0.0;87.06865494706113;;122.8375161507703;;;;
2022-07-31 20:00:00;0.0;87.06865494706113;;111.4882544570121;;;;
2022-07-31 21:00:00;0.0;87.06865494706113;;100.9625055004541;;;;
2022-07-31 22:00:00;0.0;87.06865494706113;;91.94713148352912;;;;
2022-07-31 23:00:00;0.0;87.06865494706113;;83.89877802250508;;;;
2022-08-01 00:00:00;0.0;87.06865494706113;;78.39761829701115;;;;
2022-08-01 01:00:00;0.0;87.06865494706113;;75.65626814457451;;;;
2022-08-01 02:00:00;0.0;87.06865494706113;;76.8303259650171;;;;
2022-08-01 03:00:00;0.0;87.06865494706113;;80.62718396600425;;;;
2022-08-01 04:00:00;0.0;87.06865494706113;;86.76340761718075;;;;
2022-08-01 05:00:00;0.0;87.06865494706113;;94.80583994300986;;;;
2022-08-01 06:00:00;0.0;87.06865494706113;;104.1909714472883;;;;
2022-08-01 07:00:00;0.0;87.06865494706113;;114.2828591287443;;;;
2022-08-01 08:00:00;0.0;87.06865494706113;;124.3871206125503;;;;
2022-08-01 09:00:00;0.0;87.06865494706113;;133.8183795875625;;;;
2022-08-01 10:00:00;0.0;87.06865494706113;;141.9334530347341;;;;
2022-08-01 11:00:00;0.0;87.06865494706113;;148.1849217775539;;;;
2022-08-01 12:00:00;0.0;87.06865494706113;;152.1524813676066;;;;
2022-08-01 13:00:00;0.0;87.06865494706113;;153.5643446676033;;;;
2022-08-01 14:00:00;0.0;87.06865494706113;;152.3232453489792;;;;
2022-08-01 15:00:00;0.0;87.06865494706113;;148.5136550289372;;;;
2022-08-01 16:00:00;0.0;87.06865494706113;;142.3900181935769;;;;
2022-08-01 17:00:00;0.0;87.06865494706113;;134.3660410158854;;;;
2022-08-01 18:00:00;0.0;87.06865494706113;;124.9914110814645;;;;
2022-08-01 19:00:00;0.0;87.06865494706113;;114.9099667477808;;;;
2022-08-01 20:00:00;0.0;87.06865494706113;;104.8122876794547;;;;
2022-08-01 21:00:00;0.0;87.06865494706113;;95.39231026483232;;;;
2022-08-01 22:00:00;0.0;87.06865494706113;;87.29960668196703;;;;
2022-08-01 23:00:00;0.0;87.06865494706113;;80.21676785512444;;;;
2022-08-02 00:00:00;0.0;87.06865494706113;;75.48268656111014;;;;
2022-08-02 01:00:00;0.0;87.06865494706113;;73.3535140613686;;;;
2022-08-02 02:00:00;0.0;87.06865494706113;;74.78301698743684;;;;
2022-08-02 03:00:00;0.0;87.06865494706113;;78.76300032039087;;;;
2022-08-02 04:00:00;0.0;87.06865494706113;;85.02946327363543;;;;
2022-08-02 05:00:00;0.0;87.06865494706113;;93.16922033203537;;;;
2022-08-02 06:00:00;0.0;87.06865494706113;;102.6307014616967;;;;
2022-08-02 07:00:00;0.0;87.06865494706113;;112.7732881730056;;;;
2022-08-02 08:00:00;0.0;87.06865494706113;;122.9004146068992;;;;
2022-08-02 09:00:00;0.0;87.06865494706113;;132.3138303523679;;;;
2022-08-02 10:00:00;0.0;87.06865494706113;;140.3664951438058;;;;
2022-08-02 11:00:00;0.0;87.06865494706113;;146.504551329568;;;;
2022-08-02 12:00:00;0.0;87.06865494706113;;150.3027551329245;;;;
2022-08-02 13:00:00;0.0;87.06865494706113;;151.4846541176959;;;;
2022-08-02 14:00:00;0.0;87.06865494706113;;149.9656696948513;;;;
2022-08-02 15:00:00;0.0;87.06865494706113;;145.8462455237802;;;;
2022-08-02 16:00:00;0.0;87.06865494706113;;139.4138443646623;;;;
2022-08-02 17:00:00;0.0;87.06865494706113;;131.1021422546103;;;;
2022-08-02 18:00:00;0.0;87.06865494706113;;121.4793873333254;;;;
2022-08-02 19:00:00;0.0;87.06865494706113;;111.1928062011334;;;;
2022-08-02 20:00:00;0.0;87.06865494706113;;100.9315852380953;;;;
2022-08-02 21:00:00;0.0;87.06865494706113;;91.37201140743208;;;;
2022-08-02 22:00:00;0.0;87.06865494706113;;83.14299097086783;;;;
2022-08-02 23:00:00;0.0;87.06865494706113;;76.80539866983591;;;;
2022-08-03 00:00:00;0.0;87.06865494706113;;72.71695979624816;;;;
2022-08-03 01:00:00;0.0;87.06865494706113;;71.10636440069827;;;;
2022-08-03 02:00:00;0.0;87.06865494706113;;71.9948027296579;;;;
2022-08-03 03:00:00;0.0;87.06865494706113;;75.29059549232538;;;;
2022-08-03 04:00:00;0.0;87.06865494706113;;80.70182351808108;;;;
2022-08-03 05:00:00;0.0;87.06865494706113;;87.79402047630552;;;;
2022-08-03 06:00:00;0.0;87.06865494706113;;96.02079379432186;;;;
2022-08-03 07:00:00;0.0;87.06865494706113;;104.7707258441513;;;;
2022-08-03 08:00:00;0.0;87.06865494706113;;113.3940774076379;;;;
2022-08-03 09:00:00;0.0;87.06865494706113;;121.2652519930802;;;;
2022-08-03 10:00:00;0.0;87.06865494706113;;127.8120320965489;;;;
2022-08-03 11:00:00;0.0;87.06865494706113;;132.5675205057007;;;;
2022-08-03 12:00:00;0.0;87.06865494706113;;135.19222075301;;;;
2022-08-03 13:00:00;0.0;87.06865494706113;;135.4981085610692;;;;
2022-08-03 14:00:00;0.0;87.06865494706113;;133.455543568621;;;;
2022-08-03 15:00:00;0.0;87.06865494706113;;129.1914439088713;;;;
2022-08-03 16:00:00;0.0;87.06865494706113;;122.9840728496952;;;;
2022-08-03 17:00:00;0.0;87.06865494706113;;115.2338340906048;;;;
2022-08-03 18:00:00;0.0;87.06865494706113;;106.4491845111339;;;;
2022-08-03 19:00:00;0.0;87.06865494706113;;97.19609464903128;;;;
2022-08-03 20:00:00;0.0;87.06865494706113;;88.06929184464029;;;;
2022-08-03 21:00:00;0.0;87.06865494706113;;79.64405840184409;;;;
2022-08-03 22:00:00;0.0;87.06865494706113;;72.44718331698552;;;;
2022-08-03 23:00:00;0.0;87.06865494706113;;67.73984158519785;;;;
2022-08-04 00:00:00;0.0;87.06865494706113;;65.02122996278409;;;;
2022-08-04 01:00:00;0.0;87.06865494706113;;64.52270318936581;;;;
2022-08-04 02:00:00;0.0;87.06865494706113;;65.51264728047093;;;;
2022-08-04 03:00:00;0.0;87.06865494706113;;68.7628554855187;;;;
2022-08-04 04:00:00;0.0;87.06865494706113;;74.03248712720195;;;;
2022-08-04 05:00:00;0.0;87.06865494706113;;80.96184030875897;;;;
2022-08-04 06:00:00;0.0;87.06865494706113;;89.08130735913736;;;;
2022-08-04 07:00:00;0.0;87.06865494706113;;97.84704339744586;;;;
2022-08-04 08:00:00;0.0;87.06865494706113;;106.6767830852293;;;;
2022-08-04 09:00:00;0.0;87.06865494706113;;114.9855634268909;;;;
2022-08-04 10:00:00;0.0;87.06865494706113;;122.228673152174;;;;
2022-08-04 11:00:00;0.0;87.06865494706113;;127.9214947710256;;;;
2022-08-04 12:00:00;0.0;87.06865494706113;;131.6969682518956;;;;
2022-08-04 13:00:00;0.0;87.06865494706113;;133.3137205697471;;;;
2022-08-04 14:00:00;0.0;87.06865494706113;;132.6691297750143;;;;
2022-08-04 15:00:00;0.0;87.06865494706113;;129.8069773102659;;;;
2022-08-04 16:00:00;0.0;87.06865494706113;;124.9139324234268;;;;
2022-08-04 17:00:00;0.0;87.06865494706113;;118.3391738802179;;;;
2022-08-04 18:00:00;0.0;87.06865494706113;;110.533697640107;;;;
2022-08-04 19:00:00;0.0;87.06865494706113;;102.0534878383547;;;;
2022-08-04 20:00:00;0.0;87.06865494706113;;93.49554299070196;;;;
2022-08-04 21:00:00;0.0;87.06865494706113;;85.48224804742689;;;;
2022-08-04 22:00:00;0.0;87.06865494706113;;78.60611401184491;;;;
2022-08-04 23:00:00;0.0;87.06865494706113;;74.46868903163006;;;;
2022-08-05 00:00:00;0.0;87.06865494706113;;72.39954406895373;;;;
2022-08-05 01:00:00;0.0;87.06865494706113;;72.72241561415153;;;;
2022-08-05 02:00:00;0.0;87.06865494706113;;74.52918114160882;;;;
2022-08-05 03:00:00;0.0;87.06865494706113;;78.90783149007606;;;;
2022-08-05 04:00:00;0.0;87.06865494706113;;85.64048087249165;;;;
2022-08-05 05:00:00;0.0;87.06865494706113;;94.34292303053668;;;;
2022-08-05 06:00:00;0.0;87.06865494706113;;104.4867173562401;;;;
2022-08-05 07:00:00;0.0;87.06865494706113;;115.43530386724;;;;
2022-08-05 08:00:00;0.0;87.06865494706113;;126.4946409530162;;;;
2022-08-05 09:00:00;0.0;87.06865494706113;;136.9393905603746;;;;
2022-08-05 10:00:00;0.0;87.06865494706113;;146.0852387314209;;;;
2022-08-05 11:00:00;0.0;87.06865494706113;;153.3191455859042;;;;
2022-08-05 12:00:00;0.0;87.06865494706113;;158.1664188007486;;;;
2022-08-05 13:00:00;0.0;87.06865494706113;;160.3015815115382;;;;
2022-08-05 14:00:00;0.0;87.06865494706113;;159.5910642766785;;;;
2022-08-05 15:00:00;0.0;87.06865494706113;;156.0887925130705;;;;
2022-08-05 16:00:00;0.0;87.06865494706113;;150.0522981746532;;;;
2022-08-05 17:00:00;0.0;87.06865494706113;;141.9033631004767;;;;
2022-08-05 18:00:00;0.0;87.06865494706113;;132.2236734997435;;;;
2022-08-05 19:00:00;0.0;87.06865494706113;;121.7056175372096;;;;
2022-08-05 20:00:00;0.0;87.06865494706113;;111.0975891642255;;;;
2022-08-05 21:00:00;0.0;87.06865494706113;;101.1522883951145;;;;
2022-08-05 22:00:00;0.0;87.06865494706113;;92.57311127099284;;;;
2022-08-05 23:00:00;0.0;87.06865494706113;;86.53239197358056;;;;
2022-08-06 00:00:00;0.0;87.06865494706113;;82.93672853448686;;;;
2022-08-06 01:00:00;0.0;87.06865494706113;;82.10397460685996;;;;
2022-08-06 02:00:00;0.0;87.06865494706113;;83.60397140075648;;;;
2022-08-06 03:00:00;0.0;87.06865494706113;;87.92617464477979;;;;
2022-08-06 04:00:00;0.0;87.06865494706113;;94.770929463122;;;;
2022-08-06 05:00:00;0.0;87.06865494706113;;103.6676423462718;;;;
2022-08-06 06:00:00;0.0;87.06865494706113;;113.9996639875553;;;;
2022-08-06 07:00:00;0.0;87.06865494706113;;125.056103648859;;;;
2022-08-06 08:00:00;0.0;87.06865494706113;;136.0687323039041;;;;
2022-08-06 09:00:00;0.0;87.06865494706113;;146.2750474047816;;;;
2022-08-06 10:00:00;0.0;87.06865494706113;;154.9692885992145;;;;
2022-08-06 11:00:00;0.0;87.06865494706113;;161.5598858047506;;;;
2022-08-06 12:00:00;0.0;87.06865494706113;;165.5958643137753;;;;
2022-08-06 13:00:00;0.0;87.06865494706113;;166.7971703966372;;;;
2022-08-06 14:00:00;0.0;87.06865494706113;;165.072607940861;;;;
2022-08-06 15:00:00;0.0;87.06865494706113;;160.5399235172089;;;;
2022-08-06 16:00:00;0.0;87.06865494706113;;153.5140159852314;;;;
2022-08-06 17:00:00;0.0;87.06865494706113;;144.476913697519;;;;
2022-08-06 18:00:00;0.0;87.06865494706113;;134.0371563195784;;;;
2022-08-06 19:00:00;0.0;87.06865494706113;;122.8946260716106;;;;
2022-08-06 20:00:00;0.0;87.06865494706113;;111.7900344910032;;;;
2022-08-06 21:00:00;0.0;87.06865494706113;;101.4720911050606;;;;
2022-08-06 22:00:00;0.0;87.06865494706113;;92.63003484249955;;;;
2022-08-06 23:00:00;0.0;87.06865494706113;;85.39258877482388;;;;
2022-08-07 00:00:00;0.0;87.06865494706113;;80.6789680080871;;;;
2022-08-07 01:00:00;0.0;87.06865494706113;;78.76228518760763;;;;
2022-08-07 02:00:00;0.0;87.06865494706113;;80.18181018418413;;;;
2022-08-07 03:00:00;0.0;87.06865494706113;;84.3583675875424;;;;
2022-08-07 04:00:00;0.0;87.06865494706113;;91.00463982414504;;;;
2022-08-07 05:00:00;0.0;87.06865494706113;;99.68626828111933;;;;
2022-08-07 06:00:00;0.0;87.06865494706113;;109.8283322535474;;;;
2022-08-07 07:00:00;0.0;87.06865494706113;;120.7605963049608;;;;
2022-08-07 08:00:00;0.0;87.06865494706113;;131.7586837378641;;;;
2022-08-07 09:00:00;0.0;87.06865494706113;;142.0877244229888;;;;
2022-08-07 10:00:00;0.0;87.06865494706113;;151.0655424841146;;;;
2022-08-07 11:00:00;0.0;87.06865494706113;;158.0959093194671;;;;
2022-08-07 12:00:00;0.0;87.06865494706113;;162.7146701464445;;;;
2022-08-07 13:00:00;0.0;87.06865494706113;;164.6118176200957;;;;
2022-08-07 14:00:00;0.0;87.06865494706113;;163.6595135300319;;;;
2022-08-07 15:00:00;0.0;87.06865494706113;;159.9250707928584;;;;
2022-08-07 16:00:00;0.0;87.06865494706113;;153.6694541126852;;;;
2022-08-07 17:00:00;0.0;87.06865494706113;;145.3295523748411;;;;
2022-08-07 18:00:00;0.0;87.06865494706113;;135.4849414193734;;;;
2022-08-07 19:00:00;0.0;87.06865494706113;;124.8221937692082;;;;
2022-08-07 20:00:00;0.0;87.06865494706113;;114.0885006658338;;;;
2022-08-07 21:00:00;0.0;87.06865494706113;;104.0446485142169;;;;
2022-08-07 22:00:00;0.0;87.06865494706113;;95.4083637125115;;;;
2022-08-07 23:00:00;0.0;87.06865494706113;;87.65340485201644;;;;
2022-08-08 00:00:00;0.0;87.06865494706113;;82.44800431129755;;;;
2022-08-08 01:00:00;0.0;87.06865494706113;;80.07577163413353;;;;
2022-08-08 02:00:00;0.0;87.06865494706113;;81.77873072306497;;;;
2022-08-08 03:00:00;0.0;87.06865494706113;;86.27178121810091;;;;
2022-08-08 04:00:00;0.0;87.06865494706113;;93.28102501038894;;;;
2022-08-08 05:00:00;0.0;87.06865494706113;;102.3643841436342;;;;
2022-08-08 06:00:00;0.0;87.06865494706113;;112.9236143825202;;;;
2022-08-08 07:00:00;0.0;87.06865494706113;;124.2562038955564;;;;
2022-08-08 08:00:00;0.0;87.06865494706113;;135.5973607916271;;;;
2022-08-08 09:00:00;0.0;87.06865494706113;;146.1720386959302;;;;
2022-08-08 10:00:00;0.0;87.06865494706113;;155.2596548133218;;;;
2022-08-08 11:00:00;0.0;87.06865494706113;;162.2349673504356;;;;
2022-08-08 12:00:00;0.0;87.06865494706113;;166.6203708725308;;;;
2022-08-08 13:00:00;0.0;87.06865494706113;;168.1037486682361;;;;
2022-08-08 14:00:00;0.0;87.06865494706113;;166.5829491566041;;;;
2022-08-08 15:00:00;0.0;87.06865494706113;;162.1603501470761;;;;
2022-08-08 16:00:00;0.0;87.06865494706113;;155.1455924274275;;;;
2022-08-08 17:00:00;0.0;87.06865494706113;;146.0153575185371;;;;
2022-08-08 18:00:00;0.0;87.06865494706113;;135.3955183568682;;;;
2022-08-08 19:00:00;0.0;87.06865494706113;;124.0097408041077;;;;
2022-08-08 20:00:00;0.0;87.06865494706113;;112.6326752070947;;;;
2022-08-08 21:00:00;0.0;87.06865494706113;;102.023884341723;;;;
2022-08-08 22:00:00;0.0;87.06865494706113;;92.88620387883736;;;;
2022-08-08 23:00:00;0.0;87.06865494706113;;84.88618453375476;;;;
2022-08-09 00:00:00;0.0;87.06865494706113;;79.41096222433617;;;;
2022-08-09 01:00:00;0.0;87.06865494706113;;76.68247514383107;;;;
2022-08-09 02:00:00;0.0;87.06865494706113;;77.65366079479156;;;;
2022-08-09 03:00:00;0.0;87.06865494706113;;81.21346193656566;;;;
2022-08-09 04:00:00;0.0;87.06865494706113;;87.05132120137765;;;;
2022-08-09 05:00:00;0.0;87.06865494706113;;94.69224078820557;;;;
2022-08-09 06:00:00;0.0;87.06865494706113;;103.5482089982707;;;;
2022-08-09 07:00:00;0.0;87.06865494706113;;112.952873662419;;;;
2022-08-09 08:00:00;0.0;87.06865494706113;;122.2102269845217;;;;
2022-08-09 09:00:00;0.0;87.06865494706113;;130.639386590983;;;;
2022-08-09 10:00:00;0.0;87.06865494706113;;137.6253005442248;;;;
2022-08-09 11:00:00;0.0;87.06865494706113;;142.6577914276156;;;;
2022-08-09 12:00:00;0.0;87.06865494706113;;145.3777814424126;;;;
2022-08-09 13:00:00;0.0;87.06865494706113;;145.5877980544345;;;;
2022-08-09 14:00:00;0.0;87.06865494706113;;143.266953879125;;;;
2022-08-09 15:00:00;0.0;87.06865494706113;;138.5522433219502;;;;
2022-08-09 16:00:00;0.0;87.06865494706113;;131.7433672944812;;;;
2022-08-09 17:00:00;0.0;87.06865494706113;;123.2869024174007;;;;
2022-08-09 18:00:00;0.0;87.06865494706113;;113.7335284470487;;;;
2022-08-09 19:00:00;0.0;87.06865494706113;;103.6993957129772;;;;
2022-08-09 20:00:00;0.0;87.06865494706113;;93.81637929018348;;;;
2022-08-09 21:00:00;0.0;87.06865494706113;;84.70090760854869;;;;
2022-08-09 22:00:00;0.0;87.06865494706113;;76.91241025385764;;;;
2022-08-09 23:00:00;0.0;87.06865494706113;;70.9578318513513;;;;
2022-08-10 00:00:00;0.0;87.06865494706113;;67.13945310458692;;;;
2022-08-10 01:00:00;0.0;87.06865494706113;;65.65665115009737;;;;
2022-08-10 02:00:00;0.0;87.06865494706113;;66.51619219032177;;;;
2022-08-10 03:00:00;0.0;87.06865494706113;;69.65516322127914;;;;
2022-08-10 04:00:00;0.0;87.06865494706113;;74.81477506377104;;;;
2022-08-10 05:00:00;0.0;87.06865494706113;;81.61122092091212;;;;
2022-08-10 06:00:00;0.0;87.06865494706113;;89.55604887564422;;;;
2022-08-10 07:00:00;0.0;87.06865494706113;;98.1044301003792;;;;
2022-08-10 08:00:00;0.0;87.06865494706113;;106.6726592259496;;;;
2022-08-10 09:00:00;0.0;87.06865494706113;;114.6721070054975;;;;
2022-08-10 10:00:00;0.0;87.06865494706113;;121.5573687643432;;;;
2022-08-10 11:00:00;0.0;87.06865494706113;;126.8650521786646;;;;
2022-08-10 12:00:00;0.0;87.06865494706113;;130.241287071826;;;;
2022-08-10 13:00:00;0.0;87.06865494706113;;131.4655610658766;;;;
2022-08-10 14:00:00;0.0;87.06865494706113;;130.4505474004106;;;;
2022-08-10 15:00:00;0.0;87.06865494706113;;127.2650147784007;;;;
2022-08-10 16:00:00;0.0;87.06865494706113;;122.1196527149596;;;;
2022-08-10 17:00:00;0.0;87.06865494706113;;115.3564121939447;;;;
2022-08-10 18:00:00;0.0;87.06865494706113;;107.4426929960515;;;;
2022-08-10 19:00:00;0.0;87.06865494706113;;98.91342450368651;;;;
2022-08-10 20:00:00;0.0;87.06865494706113;;90.36613719238132;;;;
2022-08-10 21:00:00;0.0;87.06865494706113;;82.38741163965346;;;;
2022-08-10 22:00:00;0.0;87.06865494706113;;75.54841440232312;;;;
2022-08-10 23:00:00;0.0;87.06865494706113;;71.2127306614335;;;;
2022-08-11 00:00:00;0.0;87.06865494706113;;68.88531907143366;;;;
2022-08-11 01:00:00;0.0;87.06865494706113;;68.85578844903951;;;;
2022-08-11 02:00:00;0.0;87.06865494706113;;70.38691008066576;;;;
2022-08-11 03:00:00;0.0;87.06865494706113;;74.34066698598397;;;;
2022-08-11 04:00:00;0.0;87.06865494706113;;80.49104741500398;;;;
2022-08-11 05:00:00;0.0;87.06865494706113;;88.45970902974275;;;;
2022-08-11 06:00:00;0.0;87.06865494706113;;97.74294287637382;;;;
2022-08-11 07:00:00;0.0;87.06865494706113;;107.7367864894075;;;;
2022-08-11 08:00:00;0.0;87.06865494706113;;117.791619275442;;;;
2022-08-11 09:00:00;0.0;87.06865494706113;;127.2359587053344;;;;
2022-08-11 10:00:00;0.0;87.06865494706113;;135.448960877538;;;;
2022-08-11 11:00:00;0.0;87.06865494706113;;141.8771493600276;;;;
2022-08-11 12:00:00;0.0;87.06865494706113;;146.0814808792803;;;;
2022-08-11 13:00:00;0.0;87.06865494706113;;147.7781259978048;;;;
2022-08-11 14:00:00;0.0;87.06865494706113;;146.8525392865555;;;;
2022-08-11 15:00:00;0.0;87.06865494706113;;143.3870515750992;;;;
2022-08-11 16:00:00;0.0;87.06865494706113;;137.6130724590232;;;;
2022-08-11 17:00:00;0.0;87.06865494706113;;129.9374405425007;;;;
2022-08-11 18:00:00;0.0;87.06865494706113;;120.8932360605641;;;;
2022-08-11 19:00:00;0.0;87.06865494706113;;111.1151793340806;;;;
2022-08-11 20:00:00;0.0;87.06865494706113;;101.2851920135603;;;;
2022-08-11 21:00:00;0.0;87.06865494706113;;92.08651971735192;;;;
2022-08-11 22:00:00;0.0;87.06865494706113;;84.16123165103453;;;;
2022-08-11 23:00:00;0.0;87.06865494706113;;79.2133422103787;;;;
2022-08-12 00:00:00;0.0;87.06865494706113;;76.489752264628;;;;
2022-08-12 01:00:00;0.0;87.06865494706113;;76.29984975540012;;;;
2022-08-12 02:00:00;0.0;87.06865494706113;;77.61747342635185;;;;
2022-08-12 03:00:00;0.0;87.06865494706113;;81.5611727780629;;;;
2022-08-12 04:00:00;0.0;87.06865494706113;;87.84483842626058;;;;
2022-08-12 05:00:00;0.0;87.06865494706113;;96.02653310149223;;;;
2022-08-12 06:00:00;0.0;87.06865494706113;;105.5326635723004;;;;
2022-08-12 07:00:00;0.0;87.06865494706113;;115.7046730145562;;;;
2022-08-12 08:00:00;0.0;87.06865494706113;;125.8372395307278;;;;
2022-08-12 09:00:00;0.0;87.06865494706113;;135.2287783790056;;;;
2022-08-12 10:00:00;0.0;87.06865494706113;;143.2299269435309;;;;
2022-08-12 11:00:00;0.0;87.06865494706113;;149.2809040003354;;;;
2022-08-12 12:00:00;0.0;87.06865494706113;;152.9804681991596;;;;
2022-08-12 13:00:00;0.0;87.06865494706113;;154.0767477620855;;;;
2022-08-12 14:00:00;0.0;87.06865494706113;;152.5041074234846;;;;
2022-08-12 15:00:00;0.0;87.06865494706113;;148.3495044906578;;;;
2022-08-12 16:00:00;0.0;87.06865494706113;;141.9005105744733;;;;
2022-08-12 17:00:00;0.0;87.06865494706113;;133.5936161447827;;;;
2022-08-12 18:00:00;0.0;87.06865494706113;;123.9955936844883;;;;
2022-08-12 19:00:00;0.0;87.06865494706113;;113.7483374344648;;;;
2022-08-12 20:00:00;0.0;87.06865494706113;;103.538769341486;;;;
2022-08-12 21:00:00;0.0;87.06865494706113;;94.0542031112758;;;;
2022-08-12 22:00:00;0.0;87.06865494706113;;85.93338061547533;;;;
2022-08-12 23:00:00;0.0;87.06865494706113;;80.2585694790264;;;;
2022-08-13 00:00:00;0.0;87.06865494706113;;76.91397648720849;;;;
2022-08-13 01:00:00;0.0;87.06865494706113;;76.18577767518904;;;;
2022-08-13 02:00:00;0.0;87.06865494706113;;77.66413048651377;;;;
2022-08-13 03:00:00;0.0;87.06865494706113;;81.82365554499148;;;;
2022-08-13 04:00:00;0.0;87.06865494706113;;88.41154416890653;;;;
2022-08-13 05:00:00;0.0;87.06865494706113;;97.00802823375788;;;;
2022-08-13 06:00:00;0.0;87.06865494706113;;107.0649184542908;;;;
2022-08-13 07:00:00;0.0;87.06865494706113;;117.9355712723759;;;;
2022-08-13 08:00:00;0.0;87.06865494706113;;128.9181702500987;;;;
2022-08-13 09:00:00;0.0;87.06865494706113;;139.3053976693342;;;;
2022-08-13 10:00:00;0.0;87.06865494706113;;148.4136014905289;;;;
2022-08-13 11:00:00;0.0;87.06865494706113;;155.6466626865532;;;;
2022-08-13 12:00:00;0.0;87.06865494706113;;160.5310943941079;;;;
2022-08-13 13:00:00;0.0;87.06865494706113;;162.7525728756906;;;;
2022-08-13 14:00:00;0.0;87.06865494706113;;162.1773849773568;;;;
2022-08-13 15:00:00;0.0;87.06865494706113;;158.8432365472046;;;;
2022-08-13 16:00:00;0.0;87.06865494706113;;152.9925049981155;;;;
2022-08-13 17:00:00;0.0;87.06865494706113;;145.0318613764805;;;;
2022-08-13 18:00:00;0.0;87.06865494706113;;135.534873577935;;;;
2022-08-13 19:00:00;0.0;87.06865494706113;;125.1712431307388;;;;
2022-08-13 20:00:00;0.0;87.06865494706113;;114.6886812184814;;;;
2022-08-13 21:00:00;0.0;87.06865494706113;;104.8485673069505;;;;
2022-08-13 22:00:00;0.0;87.06865494706113;;96.3856376003796;;;;
2022-08-13 23:00:00;0.0;87.06865494706113;;89.4704948805049;;;;
2022-08-14 00:00:00;0.0;87.06865494706113;;85.1009489962712;;;;
2022-08-14 01:00:00;0.0;87.06865494706113;;83.60655134011799;;;;
2022-08-14 02:00:00;0.0;87.06865494706113;;85.60059259068484;;;;
2022-08-14 03:00:00;0.0;87.06865494706113;;90.52722478193638;;;;
2022-08-14 04:00:00;0.0;87.06865494706113;;98.12512694264328;;;;
2022-08-14 05:00:00;0.0;87.06865494706113;;107.9356038155579;;;;
2022-08-14 06:00:00;0.0;87.06865494706113;;119.3504453570318;;;;
2022-08-14 07:00:00;0.0;87.06865494706113;;131.6321930437775;;;;
2022-08-14 08:00:00;0.0;87.06865494706113;;143.9763336249388;;;;
2022-08-14 09:00:00;0.0;87.06865494706113;;155.5549201876146;;;;
2022-08-14 10:00:00;0.0;87.06865494706113;;165.5980066174635;;;;
2022-08-14 11:00:00;0.0;87.06865494706113;;173.4230714052221;;;;
2022-08-14 12:00:00;0.0;87.06865494706113;;178.4991849406013;;;;
2022-08-14 13:00:00;0.0;87.06865494706113;;180.4911483489032;;;;
2022-08-14 14:00:00;0.0;87.06865494706113;;179.2614181169351;;;;
2022-08-14 15:00:00;0.0;87.06865494706113;;174.8942911868202;;;;
2022-08-14 16:00:00;0.0;87.06865494706113;;167.6867564985259;;;;
2022-08-14 17:00:00;0.0;87.06865494706113;;158.1542515797085;;;;
2022-08-14 18:00:00;0.0;87.06865494706113;;146.9692059656879;;;;
2022-08-14 19:00:00;0.0;87.06865494706113;;134.9049716045738;;;;
2022-08-14 20:00:00;0.0;87.06865494706113;;122.7905812683016;;;;
2022-08-14 21:00:00;0.0;87.06865494706113;;111.4592596303177;;;;
2022-08-14 22:00:00;0.0;87.06865494706113;;101.6864452775455;;;;
2022-08-14 23:00:00;0.0;87.06865494706113;;92.92776712827204;;;;
2022-08-15 00:00:00;0.0;87.06865494706113;;86.91294038663705;;;;
2022-08-15 01:00:00;0.0;87.06865494706113;;83.89778983603375;;;;
2022-08-15 02:00:00;0.0;87.06865494706113;;85.13234369843792;;;;
2022-08-15 03:00:00;0.0;87.06865494706113;;89.21631014314323;;;;
2022-08-15 04:00:00;0.0;87.06865494706113;;95.81809242139512;;;;
2022-08-15 05:00:00;0.0;87.06865494706113;;104.4334450867246;;;;
2022-08-15 06:00:00;0.0;87.06865494706113;;114.4194176776648;;;;
2022-08-15 07:00:00;0.0;87.06865494706113;;125.0433295703089;;;;
2022-08-15 08:00:00;0.0;87.06865494706113;;135.5291286315179;;;;
2022-08-15 09:00:00;0.0;87.06865494706113;;145.1206966359033;;;;
2022-08-15 10:00:00;0.0;87.06865494706113;;153.1368787295532;;;;
2022-08-15 11:00:00;0.0;87.06865494706113;;159.0055637912708;;;;
2022-08-15 12:00:00;0.0;87.06865494706113;;162.3058243159787;;;;
2022-08-15 13:00:00;0.0;87.06865494706113;;162.7929030200165;;;;
2022-08-15 14:00:00;0.0;87.06865494706113;;160.4157592258259;;;;
2022-08-15 15:00:00;0.0;87.06865494706113;;155.329685881929;;;;
2022-08-15 16:00:00;0.0;87.06865494706113;;147.8737107576206;;;;
2022-08-15 17:00:00;0.0;87.06865494706113;;138.5455577617558;;;;
2022-08-15 18:00:00;0.0;87.06865494706113;;127.9551519073764;;;;
2022-08-15 19:00:00;0.0;87.06865494706113;;116.7797124230343;;;;
2022-08-15 20:00:00;0.0;87.06865494706113;;105.7435317576502;;;;
2022-08-15 21:00:00;0.0;87.06865494706113;;95.54269528022148;;;;
2022-08-15 22:00:00;0.0;87.06865494706113;;86.81796511853815;;;;
2022-08-15 23:00:00;0.0;87.06865494706113;;79.25048091405057;;;;
2022-08-16 00:00:00;0.0;87.06865494706113;;74.0983523280305;;;;
2022-08-16 01:00:00;0.0;87.06865494706113;;71.5618601589798;;;;
2022-08-16 02:00:00;0.0;87.06865494706113;;72.50942514975841;;;;
2022-08-16 03:00:00;0.0;87.06865494706113;;75.92983212228992;;;;
2022-08-16 04:00:00;0.0;87.06865494706113;;81.54430239414873;;;;
2022-08-16 05:00:00;0.0;87.06865494706113;;88.93533452699121;;;;
2022-08-16 06:00:00;0.0;87.06865494706113;;97.5695689161092;;;;
2022-08-16 07:00:00;0.0;87.06865494706113;;106.8386079581193;;;;
2022-08-16 08:00:00;0.0;87.06865494706113;;116.0966122720423;;;;
2022-08-16 09:00:00;0.0;87.06865494706113;;124.7074823850334;;;;
2022-08-16 10:00:00;0.0;87.06865494706113;;132.0836534019238;;;;
2022-08-16 11:00:00;0.0;87.06865494706113;;137.7282119844717;;;;
2022-08-16 12:00:00;0.0;87.06865494706113;;141.2507304760393;;;;
2022-08-16 13:00:00;0.0;87.06865494706113;;142.4094257628745;;;;
2022-08-16 14:00:00;0.0;87.06865494706113;;141.1189150453277;;;;
2022-08-16 15:00:00;0.0;87.06865494706113;;137.4678764832836;;;;
2022-08-16 16:00:00;0.0;87.06865494706113;;131.6982260107139;;;;
2022-08-16 17:00:00;0.0;87.06865494706113;;124.1972031093145;;;;
2022-08-16 18:00:00;0.0;87.06865494706113;;115.4697265313118;;;;
2022-08-16 19:00:00;0.0;87.06865494706113;;106.1099877012746;;;;
2022-08-16 20:00:00;0.0;87.06865494706113;;96.75366555047918;;;;
2022-08-16 21:00:00;0.0;87.06865494706113;;88.03900529591695;;;;
2022-08-16 22:00:00;0.0;87.06865494706113;;80.56006125163844;;;;
2022-08-16 23:00:00;0.0;87.06865494706113;;74.8960163640138;;;;
2022-08-17 00:00:00;0.0;87.06865494706113;;71.39137728090006;;;;
2022-08-17 01:00:00;0.0;87.06865494706113;;70.31327507255808;;;;
2022-08-17 02:00:00;0.0;87.06865494706113;;71.701004730947;;;;
2022-08-17 03:00:00;0.0;87.06865494706113;;75.54236113786905;;;;
2022-08-17 04:00:00;0.0;87.06865494706113;;81.58874413790767;;;;
2022-08-17 05:00:00;0.0;87.06865494706113;;89.44212299617277;;;;
2022-08-17 06:00:00;0.0;87.06865494706113;;98.57582429329896;;;;
2022-08-17 07:00:00;0.0;87.06865494706113;;108.3829014787547;;;;
2022-08-17 08:00:00;0.0;87.06865494706113;;118.202886437764;;;;
2022-08-17 09:00:00;0.0;87.06865494706113;;127.3671824678398;;;;
2022-08-17 10:00:00;0.0;87.06865494706113;;135.2494659610465;;;;
2022-08-17 11:00:00;0.0;87.06865494706113;;141.3024334982042;;;;
2022-08-17 12:00:00;0.0;87.06865494706113;;145.1184239905816;;;;
2022-08-17 13:00:00;0.0;87.06865494706113;;146.4257704063946;;;;
2022-08-17 14:00:00;0.0;87.06865494706113;;145.1372758023556;;;;
2022-08-17 15:00:00;0.0;87.06865494706113;;141.3375031708605;;;;
2022-08-17 16:00:00;0.0;87.06865494706113;;135.2888061523325;;;;
2022-08-17 17:00:00;0.0;87.06865494706113;;127.4072109205462;;;;
2022-08-17 18:00:00;0.0;87.06865494706113;;118.2267975026863;;;;
2022-08-17 19:00:00;0.0;87.06865494706113;;108.376018677263;;;;
2022-08-17 20:00:00;0.0;87.06865494706113;;98.52710261874294;;;;
2022-08-17 21:00:00;0.0;87.06865494706113;;89.34711663190582;;;;
2022-08-17 22:00:00;0.0;87.06865494706113;;81.44463169758946;;;;
2022-08-17 23:00:00;0.0;87.06865494706113;;76.28107508021507;;;;
2022-08-18 00:00:00;0.0;87.06865494706113;;73.28846143522823;;;;
2022-08-18 01:00:00;0.0;87.06865494706113;;72.74331763148277;;;;
2022-08-18 02:00:00;0.0;87.06865494706113;;73.79976196894414;;;;
2022-08-18 03:00:00;0.0;87.06865494706113;;77.34177896766793;;;;
2022-08-18 04:00:00;0.0;87.06865494706113;;83.08597335422367;;;;
2022-08-18 05:00:00;0.0;87.06865494706113;;90.5968788006022;;;;
2022-08-18 06:00:00;0.0;87.06865494706113;;99.31939011817104;;;;
2022-08-18 07:00:00;0.0;87.06865494706113;;108.6182760876703;;;;
2022-08-18 08:00:00;0.0;87.06865494706113;;117.8351533811934;;;;
2022-08-18 09:00:00;0.0;87.06865494706113;;126.3156714396133;;;;
2022-08-18 10:00:00;0.0;87.06865494706113;;133.4640457735129;;;;
2022-08-18 11:00:00;0.0;87.06865494706113;;138.779287086732;;;;
2022-08-18 12:00:00;0.0;87.06865494706113;;141.8938243284721;;;;
2022-08-18 13:00:00;0.0;87.06865494706113;;142.5900152930032;;;;
2022-08-18 14:00:00;0.0;87.06865494706113;;140.813668163205;;;;
2022-08-18 15:00:00;0.0;87.06865494706113;;136.6813742585609;;;;
2022-08-18 16:00:00;0.0;87.06865494706113;;130.4704391892165;;;;
2022-08-18 17:00:00;0.0;87.06865494706113;;122.5936966191646;;;;
2022-08-18 18:00:00;0.0;87.06865494706113;;113.5694809654435;;;;
2022-08-18 19:00:00;0.0;87.06865494706113;;103.9923831314761;;;;
2022-08-18 20:00:00;0.0;87.06865494706113;;94.49321292138325;;;;
2022-08-18 21:00:00;0.0;87.06865494706113;;85.6967101771575;;;;
2022-08-18 22:00:00;0.0;87.06865494706113;;78.1797778877031;;;;
2022-08-18 23:00:00;0.0;87.06865494706113;;73.51112523282362;;;;
2022-08-19 00:00:00;0.0;87.06865494706113;;70.96690581461904;;;;
2022-08-19 01:00:00;0.0;87.06865494706113;;70.82293940958647;;;;
2022-08-19 02:00:00;0.0;87.06865494706113;;72.12273441080264;;;;
2022-08-19 03:00:00;0.0;87.06865494706113;;75.91908096571697;;;;
2022-08-19 04:00:00;0.0;87.06865494706113;;81.9692303404069;;;;
2022-08-19 05:00:00;0.0;87.06865494706113;;89.87904137255451;;;;
2022-08-19 06:00:00;0.0;87.06865494706113;;99.14423192101783;;;;
2022-08-19 07:00:00;0.0;87.06865494706113;;109.1685483171214;;;;
2022-08-19 08:00:00;0.0;87.06865494706113;;119.3100051644949;;;;
2022-08-19 09:00:00;0.0;87.06865494706113;;128.9086599905853;;;;
2022-08-19 10:00:00;0.0;87.06865494706113;;137.3401024804705;;;;
2022-08-19 11:00:00;0.0;87.06865494706113;;144.054865935774;;;;
2022-08-19 12:00:00;0.0;87.06865494706113;;148.6204266097438;;;;
2022-08-19 13:00:00;0.0;87.06865494706113;;150.7430517615367;;;;
2022-08-19 14:00:00;0.0;87.06865494706113;;150.2894039714898;;;;
2022-08-19 15:00:00;0.0;87.06865494706113;;147.2983167519256;;;;
2022-08-19 16:00:00;0.0;87.06865494706113;;141.9829281206097;;;;
2022-08-19 17:00:00;0.0;87.06865494706113;;134.7163282686556;;;;
2022-08-19 18:00:00;0.0;87.06865494706113;;126.0143260556877;;;;
2022-08-19 19:00:00;0.0;87.06865494706113;;116.4992057440895;;;;
2022-08-19 20:00:00;0.0;87.06865494706113;;106.8612121157814;;;;
2022-08-19 21:00:00;0.0;87.06865494706113;;97.81033685702796;;;;
2022-08-19 22:00:00;0.0;87.06865494706113;;90.02985329668003;;;;
2022-08-19 23:00:00;0.0;87.06865494706113;;84.70669355841794;;;;
2022-08-20 00:00:00;0.0;87.06865494706113;;81.74773719042574;;;;
2022-08-20 01:00:00;0.0;87.06865494706113;;81.5040650635841;;;;
2022-08-20 02:00:00;0.0;87.06865494706113;;83.5780959688337;;;;
2022-08-20 03:00:00;0.0;87.06865494706113;;88.53042101553537;;;;
2022-08-20 04:00:00;0.0;87.06865494706113;;96.12488873840944;;;;
2022-08-20 05:00:00;0.0;87.06865494706113;;105.9220812619613;;;;
2022-08-20 06:00:00;0.0;87.06865494706113;;117.3364569779041;;;;
2022-08-20 07:00:00;0.0;87.06865494706113;;129.6474993193775;;;;
2022-08-20 08:00:00;0.0;87.06865494706113;;142.0658502657873;;;;
2022-08-20 09:00:00;0.0;87.06865494706113;;153.7775381936942;;;;
2022-08-20 10:00:00;0.0;87.06865494706113;;164.0191383180838;;;;
2022-08-20 11:00:00;0.0;87.06865494706113;;172.1140212681288;;;;
2022-08-20 12:00:00;0.0;87.06865494706113;;177.5164247025223;;;;
2022-08-20 13:00:00;0.0;87.06865494706113;;179.857907456636;;;;
2022-08-20 14:00:00;0.0;87.06865494706113;;178.9871049548088;;;;
2022-08-20 15:00:00;0.0;87.06865494706113;;174.977393551783;;;;
2022-08-20 16:00:00;0.0;87.06865494706113;;168.1176903888088;;;;
2022-08-20 17:00:00;0.0;87.06865494706113;;158.8922211470202;;;;
2022-08-20 18:00:00;0.0;87.06865494706113;;147.9611592044098;;;;
2022-08-20 19:00:00;0.0;87.06865494706113;;136.0930805347415;;;;
2022-08-20 20:00:00;0.0;87.06865494706113;;124.1331304015502;;;;
2022-08-20 21:00:00;0.0;87.06865494706113;;112.9188276276749;;;;
2022-08-20 22:00:00;0.0;87.06865494706113;;103.2458481239247;;;;
2022-08-20 23:00:00;0.0;87.06865494706113;;95.30345092523348;;;;
2022-08-21 00:00:00;0.0;87.06865494706113;;90.10846767106632;;;;
2022-08-21 01:00:00;0.0;87.06865494706113;;87.97371214822695;;;;
2022-08-21 02:00:00;0.0;87.06865494706113;;89.47566189906063;;;;
2022-08-21 03:00:00;0.0;87.06865494706113;;93.98289315695033;;;;
2022-08-21 04:00:00;0.0;87.06865494706113;;101.164556181996;;;;
2022-08-21 05:00:00;0.0;87.06865494706113;;110.5095427508162;;;;
2022-08-21 06:00:00;0.0;87.06865494706113;;121.3593947747705;;;;
2022-08-21 07:00:00;0.0;87.06865494706113;;132.9431378019553;;;;
2022-08-21 08:00:00;0.0;87.06865494706113;;144.4411222669325;;;;
2022-08-21 09:00:00;0.0;87.06865494706113;;155.0390906214209;;;;
2022-08-21 10:00:00;0.0;87.06865494706113;;163.9986625818021;;;;
2022-08-21 11:00:00;0.0;87.06865494706113;;170.6863728441772;;;;
2022-08-21 12:00:00;0.0;87.06865494706113;;174.6344324473509;;;;
2022-08-21 13:00:00;0.0;87.06865494706113;;175.567466580778;;;;
2022-08-21 14:00:00;0.0;87.06865494706113;;173.420304308681;;;;
2022-08-21 15:00:00;0.0;87.06865494706113;;168.3397766333239;;;;
2022-08-21 16:00:00;0.0;87.06865494706113;;160.6591917472003;;;;
2022-08-21 17:00:00;0.0;87.06865494706113;;150.8957932558021;;;;
2022-08-21 18:00:00;0.0;87.06865494706113;;139.6971063024625;;;;
2022-08-21 19:00:00;0.0;87.06865494706113;;127.8045095100125;;;;
2022-08-21 20:00:00;0.0;87.06865494706113;;115.9997700095058;;;;
2022-08-21 21:00:00;0.0;87.06865494706113;;105.0539786195432;;;;
2022-08-21 22:00:00;0.0;87.06865494706113;;95.67893193860748;;;;
2022-08-21 23:00:00;0.0;87.06865494706113;;87.35035116982117;;;;
2022-08-22 00:00:00;0.0;87.06865494706113;;81.66066547640028;;;;
2022-08-22 01:00:00;0.0;87.06865494706113;;78.8444303650519;;;;
2022-08-22 02:00:00;0.0;87.06865494706113;;80.0605055301395;;;;
2022-08-22 03:00:00;0.0;87.06865494706113;;84.01359130084893;;;;
2022-08-22 04:00:00;0.0;87.06865494706113;;90.40507769018816;;;;
2022-08-22 05:00:00;0.0;87.06865494706113;;98.7860709419416;;;;
2022-08-22 06:00:00;0.0;87.06865494706113;;108.5708071131143;;;;
2022-08-22 07:00:00;0.0;87.06865494706113;;119.086924860626;;;;
2022-08-22 08:00:00;0.0;87.06865494706113;;129.617940163124;;;;
2022-08-22 09:00:00;0.0;87.06865494706113;;139.4437045106502;;;;
2022-08-22 10:00:00;0.0;87.06865494706113;;147.9016400013311;;;;
2022-08-22 11:00:00;0.0;87.06865494706113;;154.4103938825163;;;;
2022-08-22 12:00:00;0.0;87.06865494706113;;158.5367913731734;;;;
2022-08-22 13:00:00;0.0;87.06865494706113;;160.0007813864406;;;;
2022-08-22 14:00:00;0.0;87.06865494706113;;158.6988501869471;;;;
2022-08-22 15:00:00;0.0;87.06865494706113;;154.7232756427449;;;;
2022-08-22 16:00:00;0.0;87.06865494706113;;148.3390069791915;;;;
2022-08-22 17:00:00;0.0;87.06865494706113;;139.990428983265;;;;
2022-08-22 18:00:00;0.0;87.06865494706113;;130.2360817441748;;;;
2022-08-22 19:00:00;0.0;87.06865494706113;;119.7379804904302;;;;
2022-08-22 20:00:00;0.0;87.06865494706113;;109.2145370199873;;;;
2022-08-22 21:00:00;0.0;87.06865494706113;;99.3941771623412;;;;
2022-08-22 22:00:00;0.0;87.06865494706113;;90.9622960869387;;;;
2022-08-22 23:00:00;0.0;87.06865494706113;;83.6177899546773;;;;
2022-08-23 00:00:00;0.0;87.06865494706113;;78.72100196055517;;;;
2022-08-23 01:00:00;0.0;87.06865494706113;;76.53360129799276;;;;
2022-08-23 02:00:00;0.0;87.06865494706113;;78.02040351029636;;;;
2022-08-23 03:00:00;0.0;87.06865494706113;;82.16448407978652;;;;
2022-08-23 04:00:00;0.0;87.06865494706113;;88.695582118956;;;;
2022-08-23 05:00:00;0.0;87.06865494706113;;97.17897753751905;;;;
2022-08-23 06:00:00;0.0;87.06865494706113;;107.0405978553667;;;;
2022-08-23 07:00:00;0.0;87.06865494706113;;117.6117704484876;;;;
2022-08-23 08:00:00;0.0;87.06865494706113;;128.1670459937109;;;;
2022-08-23 09:00:00;0.0;87.06865494706113;;137.9805650195173;;;;
2022-08-23 10:00:00;0.0;87.06865494706113;;146.3764922815209;;;;
2022-08-23 11:00:00;0.0;87.06865494706113;;152.7735245434992;;;;
2022-08-23 12:00:00;0.0;87.06865494706113;;156.7273418936314;;;;
2022-08-23 13:00:00;0.0;87.06865494706113;;157.9591118980678;;;;
2022-08-23 14:00:00;0.0;87.06865494706113;;156.3832738326619;;;;
2022-08-23 15:00:00;0.0;87.06865494706113;;152.1038743452201;;;;
2022-08-23 16:00:00;0.0;87.06865494706113;;145.4098660091538;;;;
2022-08-23 17:00:00;0.0;87.06865494706113;;136.753079253655;;;;
2022-08-23 18:00:00;0.0;87.06865494706113;;126.7246894741897;;;;
2022-08-23 19:00:00;0.0;87.06865494706113;;115.9969638951057;;;;
2022-08-23 20:00:00;0.0;87.06865494706113;;105.2953642795681;;;;
2022-08-23 21:00:00;0.0;87.06865494706113;;95.32654579345969;;;;
2022-08-23 22:00:00;0.0;87.06865494706113;;86.7477119590811;;;;
2022-08-23 23:00:00;0.0;87.06865494706113;;80.17484970940237;;;;
2022-08-24 00:00:00;0.0;87.06865494706113;;75.94436725994704;;;;
2022-08-24 01:00:00;0.0;87.06865494706113;;74.30124295677066;;;;
2022-08-24 02:00:00;0.0;87.06865494706113;;75.23016528558531;;;;
2022-08-24 03:00:00;0.0;87.06865494706113;;78.67712191777423;;;;
2022-08-24 04:00:00;0.0;87.06865494706113;;84.33513614800046;;;;
2022-08-24 05:00:00;0.0;87.06865494706113;;91.75221453259628;;;;
2022-08-24 06:00:00;0.0;87.06865494706113;;100.3522852899228;;;;
2022-08-24 07:00:00;0.0;87.06865494706113;;109.4962795729541;;;;
2022-08-24 08:00:00;0.0;87.06865494706113;;118.5109262285599;;;;
2022-08-24 09:00:00;0.0;87.06865494706113;;126.7409896262863;;;;
2022-08-24 10:00:00;0.0;87.06865494706113;;133.5928464510594;;;;
2022-08-24 11:00:00;0.0;87.06865494706113;;138.5730410225873;;;;
2022-08-24 12:00:00;0.0;87.06865494706113;;141.3217935844077;;;;
2022-08-24 13:00:00;0.0;87.06865494706113;;141.642057996698;;;;
2022-08-24 14:00:00;0.0;87.06865494706113;;139.4952466797728;;;;
2022-08-24 15:00:00;0.0;87.06865494706113;;135.0309755818126;;;;
2022-08-24 16:00:00;0.0;87.06865494706113;;128.5321267834564;;;;
2022-08-24 17:00:00;0.0;87.06865494706113;;120.4298178639968;;;;
2022-08-24 18:00:00;0.0;87.06865494706113;;111.2461820733691;;;;
2022-08-24 19:00:00;0.0;87.06865494706113;;101.571796954562;;;;
2022-08-24 20:00:00;0.0;87.06865494706113;;92.02963557608112;;;;
2022-08-24 21:00:00;0.0;87.06865494706113;;83.22568014219041;;;;
2022-08-24 22:00:00;0.0;87.06865494706113;;75.71088565835096;;;;
2022-08-24 23:00:00;0.0;87.06865494706113;;70.82907434205214;;;;
2022-08-25 00:00:00;0.0;87.06865494706113;;68.01884137658463;;;;
2022-08-25 01:00:00;0.0;87.06865494706113;;67.52558240169766;;;;
2022-08-25 02:00:00;0.0;87.06865494706113;;68.55894479326172;;;;
2022-08-25 03:00:00;0.0;87.06865494706113;;71.9582266631869;;;;
2022-08-25 04:00:00;0.0;87.06865494706113;;77.47755061898218;;;;
2022-08-25 05:00:00;0.0;87.06865494706113;;84.72919791316968;;;;
2022-08-25 06:00:00;0.0;87.06865494706113;;93.22538525157806;;;;
2022-08-25 07:00:00;0.0;87.06865494706113;;102.3981155625131;;;;
2022-08-25 08:00:00;0.0;87.06865494706113;;111.6421846023577;;;;
2022-08-25 09:00:00;0.0;87.06865494706113;;120.3448207276603;;;;
2022-08-25 10:00:00;0.0;87.06865494706113;;127.927357652504;;;;
2022-08-25 11:00:00;0.0;87.06865494706113;;133.8913883541756;;;;
2022-08-25 12:00:00;0.0;87.06865494706113;;137.8486567929527;;;;
2022-08-25 13:00:00;0.0;87.06865494706113;;139.5440162748529;;;;
2022-08-25 14:00:00;0.0;87.06865494706113;;138.8703875607971;;;;
2022-08-25 15:00:00;0.0;87.06865494706113;;135.8714217882278;;;;
2022-08-25 16:00:00;0.0;87.06865494706113;;130.7534947813675;;;;
2022-08-25 17:00:00;0.0;87.06865494706113;;123.8646338745682;;;;
2022-08-25 18:00:00;0.0;87.06865494706113;;115.6941501536673;;;;
2022-08-25 19:00:00;0.0;87.06865494706113;;106.8154252198233;;;;
2022-08-25 20:00:00;0.0;87.06865494706113;;97.86242349411071;;;;
2022-08-25 21:00:00;0.0;87.06865494706113;;89.47446474470723;;;;
2022-08-25 22:00:00;0.0;87.06865494706113;;82.27397955294278;;;;
2022-08-25 23:00:00;0.0;87.06865494706113;;77.97732492056171;;;;
2022-08-26 00:00:00;0.0;87.06865494706113;;75.84602998311695;;;;
2022-08-26 01:00:00;0.0;87.06865494706113;;76.22219801387772;;;;
2022-08-26 02:00:00;0.0;87.06865494706113;;78.11735814910317;;;;
2022-08-26 03:00:00;0.0;87.06865494706113;;82.70721252340071;;;;
2022-08-26 04:00:00;0.0;87.06865494706113;;89.7627750313521;;;;
2022-08-26 05:00:00;0.0;87.06865494706113;;98.88023926063728;;;;
2022-08-26 06:00:00;0.0;87.06865494706113;;109.511615779851;;;;
2022-08-26 07:00:00;0.0;87.06865494706113;;120.9867646115222;;;;
2022-08-26 08:00:00;0.0;87.06865494706113;;132.5719456895434;;;;
2022-08-26 09:00:00;0.0;87.06865494706113;;143.5058276437717;;;;
2022-08-26 10:00:00;0.0;87.06865494706113;;153.0764585499681;;;;
2022-08-26 11:00:00;0.0;87.06865494706113;;160.6550466053276;;;;
2022-08-26 12:00:00;0.0;87.06865494706113;;165.7380427024287;;;;
2022-08-26 13:00:00;0.0;87.06865494706113;;167.9823559591789;;;;
2022-08-26 14:00:00;0.0;87.06865494706113;;167.2412288185141;;;;
2022-08-26 15:00:00;0.0;87.06865494706113;;163.5728054856571;;;;
2022-08-26 16:00:00;0.0;87.06865494706113;;157.2442447405169;;;;
2022-08-26 17:00:00;0.0;87.06865494706113;;148.7054441345336;;;;
2022-08-26 18:00:00;0.0;87.06865494706113;;138.5650509963984;;;;
2022-08-26 19:00:00;0.0;87.06865494706113;;127.5461671925464;;;;
2022-08-26 20:00:00;0.0;87.06865494706113;;116.4264262382616;;;;
2022-08-26 21:00:00;0.0;87.06865494706113;;106.001443275959;;;;
2022-08-26 22:00:00;0.0;87.06865494706113;;97.01144257737846;;;;
2022-08-26 23:00:00;0.0;87.06865494706113;;90.72497605948996;;;;
2022-08-27 00:00:00;0.0;87.06865494706113;;87.00012359642864;;;;
2022-08-27 01:00:00;0.0;87.06865494706113;;86.17230935825876;;;;
2022-08-27 02:00:00;0.0;87.06865494706113;;87.75102587408038;;;;
2022-08-27 03:00:00;0.0;87.06865494706113;;92.2916522168554;;;;
2022-08-27 04:00:00;0.0;87.06865494706113;;99.482897066322;;;;
2022-08-27 05:00:00;0.0;87.06865494706113;;108.8293792162743;;;;
2022-08-27 06:00:00;0.0;87.06865494706113;;119.6849732781886;;;;
2022-08-27 07:00:00;0.0;87.06865494706113;;131.2998084546446;;;;
2022-08-27 08:00:00;0.0;87.06865494706113;;142.8687275109287;;;;
2022-08-27 09:00:00;0.0;87.06865494706113;;153.5863216375209;;;;
2022-08-27 10:00:00;0.0;87.06865494706113;;162.7161028400478;;;;
2022-08-27 11:00:00;0.0;87.06865494706113;;169.6281190931416;;;;
2022-08-27 12:00:00;0.0;87.06865494706113;;173.8613245719902;;;;
2022-08-27 13:00:00;0.0;87.06865494706113;;175.1135822986068;;;;
2022-08-27 14:00:00;0.0;87.06865494706113;;173.3033553986541;;;;
2022-08-27 15:00:00;0.0;87.06865494706113;;168.5495714782423;;;;
2022-08-27 16:00:00;0.0;87.06865494706113;;161.1820654202211;;;;
2022-08-27 17:00:00;0.0;87.06865494706113;;151.6985334559731;;;;
2022-08-27 18:00:00;0.0;87.06865494706113;;140.7364143361973;;;;
2022-08-27 19:00:00;0.0;87.06865494706113;;129.0332291462195;;;;
2022-08-27 20:00:00;0.0;87.06865494706113;;117.3756445828832;;;;
2022-08-27 21:00:00;0.0;87.06865494706113;;106.5434812779806;;;;
2022-08-27 22:00:00;0.0;87.06865494706113;;97.2632083249799;;;;
2022-08-27 23:00:00;0.0;87.06865494706113;;89.70235830148758;;;;
2022-08-28 00:00:00;0.0;87.06865494706113;;84.7906209880949;;;;
2022-08-28 01:00:00;0.0;87.06865494706113;;82.81301629467964;;;;
2022-08-28 02:00:00;0.0;87.06865494706113;;84.30584084057757;;;;
2022-08-28 03:00:00;0.0;87.06865494706113;;88.69803398627604;;;;
2022-08-28 04:00:00;0.0;87.06865494706113;;95.68907718867784;;;;
2022-08-28 05:00:00;0.0;87.06865494706113;;104.8187531979903;;;;
2022-08-28 06:00:00;0.0;87.06865494706113;;115.482652008087;;;;
2022-08-28 07:00:00;0.0;87.06865494706113;;126.9829340430879;;;;
2022-08-28 08:00:00;0.0;87.06865494706113;;138.5486231509717;;;;
2022-08-28 09:00:00;0.0;87.06865494706113;;149.4186401583651;;;;
2022-08-28 10:00:00;0.0;87.06865494706113;;158.8600909636571;;;;
2022-08-28 11:00:00;0.0;87.06865494706113;;166.2531669418491;;;;
2022-08-28 12:00:00;0.0;87.06865494706113;;171.1090443160131;;;;
2022-08-28 13:00:00;0.0;87.06865494706113;;173.1043377005276;;;;
2022-08-28 14:00:00;0.0;87.06865494706113;;172.1165844965611;;;;
2022-08-28 15:00:00;0.0;87.06865494706113;;168.2027446946348;;;;
2022-08-28 16:00:00;0.0;87.06865494706113;;161.6468905073702;;;;
2022-08-28 17:00:00;0.0;87.06865494706113;;152.8900054959017;;;;
2022-08-28 18:00:00;0.0;87.06865494706113;;142.5451127359961;;;;
2022-08-28 19:00:00;0.0;87.06865494706113;;131.3280890422374;;;;
2022-08-28 20:00:00;0.0;87.06865494706113;;120.0345037189928;;;;
2022-08-28 21:00:00;0.0;87.06865494706113;;109.463489730457;;;;
2022-08-28 22:00:00;0.0;87.06865494706113;;100.3782136218168;;;;
2022-08-28 23:00:00;0.0;87.06865494706113;;92.25578651053108;;;;
2022-08-29 00:00:00;0.0;87.06865494706113;;86.82162371721236;;;;
2022-08-29 01:00:00;0.0;87.06865494706113;;84.36690112652482;;;;
2022-08-29 02:00:00;0.0;87.06865494706113;;86.16634241505275;;;;
2022-08-29 03:00:00;0.0;87.06865494706113;;90.89942969725448;;;;
2022-08-29 04:00:00;0.0;87.06865494706113;;98.29005461056056;;;;
2022-08-29 05:00:00;0.0;87.06865494706113;;107.8621242590592;;;;
2022-08-29 06:00:00;0.0;87.06865494706113;;118.9915804615036;;;;
2022-08-29 07:00:00;0.0;87.06865494706113;;130.9271596717713;;;;
2022-08-29 08:00:00;0.0;87.06865494706113;;142.8679464471655;;;;
2022-08-29 09:00:00;0.0;87.06865494706113;;154.0018310222248;;;;
2022-08-29 10:00:00;0.0;87.06865494706113;;163.5720330545442;;;;
2022-08-29 11:00:00;0.0;87.06865494706113;;170.9142199816882;;;;
2022-08-29 12:00:00;0.0;87.06865494706113;;175.5309356958744;;;;
2022-08-29 13:00:00;0.0;87.06865494706113;;177.0942932064322;;;;
2022-08-29 14:00:00;0.0;87.06865494706113;;175.50374928657;;;;
2022-08-29 15:00:00;0.0;87.06865494706113;;170.8531700049718;;;;
2022-08-29 16:00:00;0.0;87.06865494706113;;163.4734369120049;;;;
2022-08-29 17:00:00;0.0;87.06865494706113;;153.8603688190086;;;;
2022-08-29 18:00:00;0.0;87.06865494706113;;142.6730294632783;;;;
2022-08-29 19:00:00;0.0;87.06865494706113;;130.6720999465814;;;;
2022-08-29 20:00:00;0.0;87.06865494706113;;118.6790773195172;;;;
2022-08-29 21:00:00;0.0;87.06865494706113;;107.4997195273904;;;;
2022-08-29 22:00:00;0.0;87.06865494706113;;97.8731542021915;;;;
2022-08-29 23:00:00;0.0;87.06865494706113;;89.48491950591193;;;;
2022-08-30 00:00:00;0.0;87.06865494706113;;83.75488034848613;;;;
2022-08-30 01:00:00;0.0;87.06865494706113;;80.92061392699514;;;;
2022-08-30 02:00:00;0.0;87.06865494706113;;81.94594710726639;;;;
2022-08-30 03:00:00;0.0;87.06865494706113;;85.7008680357821;;;;
2022-08-30 04:00:00;0.0;87.06865494706113;;91.859188344243;;;;
2022-08-30 05:00:00;0.0;87.06865494706113;;99.93140268154856;;;;
2022-08-30 06:00:00;0.0;87.06865494706113;;109.2922982858153;;;;
2022-08-30 07:00:00;0.0;87.06865494706113;;119.2304830152036;;;;
2022-08-30 08:00:00;0.0;87.06865494706113;;129.0105421089397;;;;
2022-08-30 09:00:00;0.0;87.06865494706113;;137.9085235328569;;;;
2022-08-30 10:00:00;0.0;87.06865494706113;;145.2919447416193;;;;
2022-08-30 11:00:00;0.0;87.06865494706113;;150.6166467983147;;;;
2022-08-30 12:00:00;0.0;87.06865494706113;;153.5081589907622;;;;
2022-08-30 13:00:00;0.0;87.06865494706113;;153.7417719113556;;;;
2022-08-30 14:00:00;0.0;87.06865494706113;;151.2949667127921;;;;
2022-08-30 15:00:00;0.0;87.06865494706113;;146.3189089630732;;;;
2022-08-30 16:00:00;0.0;87.06865494706113;;139.133233444592;;;;
2022-08-30 17:00:00;0.0;87.06865494706113;;130.2097226327462;;;;
2022-08-30 18:00:00;0.0;87.06865494706113;;120.1262897317844;;;;
2022-08-30 19:00:00;0.0;87.06865494706113;;109.5293307688654;;;;
2022-08-30 20:00:00;0.0;87.06865494706113;;99.08916147354932;;;;
2022-08-30 21:00:00;0.0;87.06865494706113;;89.45639970850836;;;;
2022-08-30 22:00:00;0.0;87.06865494706113;;81.22665430879884;;;;
2022-08-30 23:00:00;0.0;87.06865494706113;;74.96327839716966;;;;
2022-08-31 00:00:00;0.0;87.06865494706113;;70.95676927220971;;;;
2022-08-31 01:00:00;0.0;87.06865494706113;;69.41734465660919;;;;
2022-08-31 02:00:00;0.0;87.06865494706113;;70.3241290772695;;;;
2022-08-31 03:00:00;0.0;87.06865494706113;;73.63766111524544;;;;
2022-08-31 04:00:00;0.0;87.06865494706113;;79.0878455515442;;;;
2022-08-31 05:00:00;0.0;87.06865494706113;;86.2731188061687;;;;
2022-08-31 06:00:00;0.0;87.06865494706113;;94.6813593794325;;;;
2022-08-31 07:00:00;0.0;87.06865494706113;;103.7259818715148;;;;
2022-08-31 08:00:00;0.0;87.06865494706113;;112.780673098934;;;;
2022-08-31 09:00:00;0.0;87.06865494706113;;121.2296913738171;;;;
2022-08-31 10:00:00;0.0;87.06865494706113;;128.5053369532915;;;;
2022-08-31 11:00:00;0.0;87.06865494706113;;134.1204839385484;;;;
2022-08-31 12:00:00;0.0;87.06865494706113;;137.6996690213413;;;;
2022-08-31 13:00:00;0.0;87.06865494706113;;138.9968097324529;;;;
2022-08-31 14:00:00;0.0;87.06865494706113;;137.9308318860734;;;;
2022-08-31 15:00:00;0.0;87.06865494706113;;134.5675036977171;;;;
2022-08-31 16:00:00;0.0;87.06865494706113;;129.1352398381884;;;;
2022-08-31 17:00:00;0.0;87.06865494706113;;121.9899203918416;;;;
2022-08-31 18:00:00;0.0;87.06865494706113;;113.619608468653;;;;
2022-08-31 19:00:00;0.0;87.06865494706113;;104.604427981781;;;;
2022-08-31 20:00:00;0.0;87.06865494706113;;95.56693830569029;;;;
2022-08-31 21:00:00;0.0;87.06865494706113;;87.13680035911193;;;;
2022-08-31 22:00:00;0.0;87.06865494706113;;79.90358528043375;;;;
2022-08-31 23:00:00;0.0;87.06865494706113;;75.34834795833233;;;;
2022-09-01 00:00:00;0.0;87.06865494706113;;72.91385595730225;;;;
2022-09-01 01:00:00;0.0;87.06865494706113;;72.91100912490178;;;;
2022-09-01 02:00:00;0.0;87.06865494706113;;74.53158001196081;;;;
2022-09-01 03:00:00;0.0;87.06865494706113;;78.715497803619;;;;
2022-09-01 04:00:00;0.0;87.06865494706113;;85.22328659329186;;;;
2022-09-01 05:00:00;0.0;87.06865494706113;;93.657177482453;;;;
2022-09-01 06:00:00;0.0;87.06865494706113;;103.4846421321633;;;;
2022-09-01 07:00:00;0.0;87.06865494706113;;114.0735473147361;;;;
2022-09-01 08:00:00;0.0;87.06865494706113;;124.7262361346463;;;;
2022-09-01 09:00:00;0.0;87.06865494706113;;134.7383763365614;;;;
2022-09-01 10:00:00;0.0;87.06865494706113;;143.4364773636507;;;;
2022-09-01 11:00:00;0.0;87.06865494706113;;150.2427074237085;;;;
2022-09-01 12:00:00;0.0;87.06865494706113;;154.6950702933239;;;;
2022-09-01 13:00:00;0.0;87.06865494706113;;156.49189758696;;;;
2022-09-01 14:00:00;0.0;87.06865494706113;;155.5176483621966;;;;
2022-09-01 15:00:00;0.0;87.06865494706113;;151.8465191993699;;;;
2022-09-01 16:00:00;0.0;87.06865494706113;;145.7417722500941;;;;
2022-09-01 17:00:00;0.0;87.06865494706113;;137.6239822416667;;;;
2022-09-01 18:00:00;0.0;87.06865494706113;;128.0538758571382;;;;
2022-09-01 19:00:00;0.0;87.06865494706113;;117.6998310123009;;;;
2022-09-01 20:00:00;0.0;87.06865494706113;;107.2859596266909;;;;
2022-09-01 21:00:00;0.0;87.06865494706113;;97.54695107848028;;;;
2022-09-01 22:00:00;0.0;87.06865494706113;;89.16089234685236;;;;
2022-09-01 23:00:00;0.0;87.06865494706113;;83.96132365540895;;;;
2022-09-02 00:00:00;0.0;87.06865494706113;;81.11599445906575;;;;
2022-09-02 01:00:00;0.0;87.06865494706113;;80.94935654839949;;;;
2022-09-02 02:00:00;0.0;87.06865494706113;;82.35026623098786;;;;
2022-09-02 03:00:00;0.0;87.06865494706113;;86.53017460196118;;;;
2022-09-02 04:00:00;0.0;87.06865494706113;;93.19194182532144;;;;
2022-09-02 05:00:00;0.0;87.06865494706113;;101.8662011189164;;;;
2022-09-02 06:00:00;0.0;87.06865494706113;;111.9529539224558;;;;
2022-09-02 07:00:00;0.0;87.06865494706113;;122.7470741183867;;;;
2022-09-02 08:00:00;0.0;87.06865494706113;;133.4920883889072;;;;
2022-09-02 09:00:00;0.0;87.06865494706113;;143.4482710460322;;;;
2022-09-02 10:00:00;0.0;87.06865494706113;;151.925060209303;;;;
2022-09-02 11:00:00;0.0;87.06865494706113;;158.3389352863937;;;;
2022-09-02 12:00:00;0.0;87.06865494706113;;162.2540472171754;;;;
2022-09-02 13:00:00;0.0;87.06865494706113;;163.4068522571942;;;;
2022-09-02 14:00:00;0.0;87.06865494706113;;161.7208914237162;;;;
2022-09-02 15:00:00;0.0;87.06865494706113;;157.2997642570323;;;;
2022-09-02 16:00:00;0.0;87.06865494706113;;150.4529495644266;;;;
2022-09-02 17:00:00;0.0;87.06865494706113;;141.6422062958902;;;;
2022-09-02 18:00:00;0.0;87.06865494706113;;131.466933226725;;;;
2022-09-02 19:00:00;0.0;87.06865494706113;;120.6031746594123;;;;
2022-09-02 20:00:00;0.0;87.06865494706113;;109.7854212009264;;;;
2022-09-02 21:00:00;0.0;87.06865494706113;;99.73386708158506;;;;
2022-09-02 22:00:00;0.0;87.06865494706113;;91.13065978104414;;;;
2022-09-02 23:00:00;0.0;87.06865494706113;;85.15196655768018;;;;
2022-09-03 00:00:00;0.0;87.06865494706113;;81.64202123351558;;;;
2022-09-03 01:00:00;0.0;87.06865494706113;;80.90581549168704;;;;
2022-09-03 02:00:00;0.0;87.06865494706113;;82.47177574275065;;;;
2022-09-03 03:00:00;0.0;87.06865494706113;;86.88574442542512;;;;
2022-09-03 04:00:00;0.0;87.06865494706113;;93.87160664484357;;;;
2022-09-03 05:00:00;0.0;87.06865494706113;;102.9938862721979;;;;
2022-09-03 06:00:00;0.0;87.06865494706113;;113.6670814132265;;;;
2022-09-03 07:00:00;0.0;87.06865494706113;;125.2083276922988;;;;
2022-09-03 08:00:00;0.0;87.06865494706113;;136.8683670680611;;;;
2022-09-03 09:00:00;0.0;87.06865494706113;;147.8928479043608;;;;
2022-09-03 10:00:00;0.0;87.06865494706113;;157.5657685898649;;;;
2022-09-03 11:00:00;0.0;87.06865494706113;;165.2537964394513;;;;
2022-09-03 12:00:00;0.0;87.06865494706113;;170.4523680110188;;;;
2022-09-03 13:00:00;0.0;87.06865494706113;;172.8199847842014;;;;
2022-09-03 14:00:00;0.0;87.06865494706113;;172.2113849250767;;;;
2022-09-03 15:00:00;0.0;87.06865494706113;;168.6717175982841;;;;
2022-09-03 16:00:00;0.0;87.06865494706113;;162.4553188742888;;;;
2022-09-03 17:00:00;0.0;87.06865494706113;;154.000406950809;;;;
2022-09-03 18:00:00;0.0;87.06865494706113;;143.9161561476543;;;;
2022-09-03 19:00:00;0.0;87.06865494706113;;132.9141732667138;;;;
2022-09-03 20:00:00;0.0;87.06865494706113;;121.7809686976692;;;;
2022-09-03 21:00:00;0.0;87.06865494706113;;111.3261124842954;;;;
2022-09-03 22:00:00;0.0;87.06865494706113;;102.3341175484052;;;;
2022-09-03 23:00:00;0.0;87.06865494706113;;95.02239849694872;;;;
2022-09-04 00:00:00;0.0;87.06865494706113;;90.4141446858494;;;;
2022-09-04 01:00:00;0.0;87.06865494706113;;88.86020609270102;;;;
2022-09-04 02:00:00;0.0;87.06865494706113;;90.97654777536042;;;;
2022-09-04 03:00:00;0.0;87.06865494706113;;96.21345901113688;;;;
2022-09-04 04:00:00;0.0;87.06865494706113;;104.289549777744;;;;
2022-09-04 05:00:00;0.0;87.06865494706113;;114.7243323010375;;;;
2022-09-04 06:00:00;0.0;87.06865494706113;;126.8604715291342;;;;
2022-09-04 07:00:00;0.0;87.06865494706113;;139.9181518478357;;;;
2022-09-04 08:00:00;0.0;87.06865494706113;;153.0363566452898;;;;
2022-09-04 09:00:00;0.0;87.06865494706113;;165.3455204317183;;;;
2022-09-04 10:00:00;0.0;87.06865494706113;;176.0147899441239;;;;
2022-09-04 11:00:00;0.0;87.06865494706113;;184.333728554218;;;;
2022-09-04 12:00:00;0.0;87.06865494706113;;189.7331039832602;;;;
2022-09-04 13:00:00;0.0;87.06865494706113;;191.8505435981893;;;;
2022-09-04 14:00:00;0.0;87.06865494706113;;190.5342528045814;;;;
2022-09-04 15:00:00;0.0;87.06865494706113;;185.8808871817716;;;;
2022-09-04 16:00:00;0.0;87.06865494706113;;178.220673345902;;;;
2022-09-04 17:00:00;0.0;87.06865494706113;;168.0900474887553;;;;
2022-09-04 18:00:00;0.0;87.06865494706113;;156.1943868763448;;;;
2022-09-04 19:00:00;0.0;87.06865494706113;;143.3601211076069;;;;
2022-09-04 20:00:00;0.0;87.06865494706113;;130.4772893366382;;;;
2022-09-04 21:00:00;0.0;87.06865494706113;;118.4359736026673;;;;
2022-09-04 22:00:00;0.0;87.06865494706113;;108.0535675315933;;;;
2022-09-04 23:00:00;0.0;87.06865494706113;;98.7815878577302;;;;
2022-09-05 00:00:00;0.0;87.06865494706113;;92.4218829607066;;;;
2022-09-05 01:00:00;0.0;87.06865494706113;;89.2480403753321;;;;
2022-09-05 02:00:00;0.0;87.06865494706113;;90.55853544100329;;;;
2022-09-05 03:00:00;0.0;87.06865494706113;;94.89790108844907;;;;
2022-09-05 04:00:00;0.0;87.06865494706113;;101.9195781866912;;;;
2022-09-05 05:00:00;0.0;87.06865494706113;;111.0812332306755;;;;
2022-09-05 06:00:00;0.0;87.06865494706113;;121.7016595612533;;;;
2022-09-05 07:00:00;0.0;87.06865494706113;;133.0054426950667;;;;
2022-09-05 08:00:00;0.0;87.06865494706113;;144.1709027692463;;;;
2022-09-05 09:00:00;0.0;87.06865494706113;;154.3883189319266;;;;
2022-09-05 10:00:00;0.0;87.06865494706113;;162.9130837198056;;;;
2022-09-05 11:00:00;0.0;87.06865494706113;;169.1462937921978;;;;
2022-09-05 12:00:00;0.0;87.06865494706113;;172.6363584526656;;;;
2022-09-05 13:00:00;0.0;87.06865494706113;;173.1421046449763;;;;
2022-09-05 14:00:00;0.0;87.06865494706113;;170.6086732126674;;;;
2022-09-05 15:00:00;0.0;87.06865494706113;;165.2049076000147;;;;
2022-09-05 16:00:00;0.0;87.06865494706113;;157.2849832737328;;;;
2022-09-05 17:00:00;0.0;87.06865494706113;;147.370082645677;;;;
2022-09-05 18:00:00;0.0;87.06865494706113;;136.1055997631001;;;;
2022-09-05 19:00:00;0.0;87.06865494706113;;124.2192703734083;;;;
2022-09-05 20:00:00;0.0;87.06865494706113;;112.475374944216;;;;
2022-09-05 21:00:00;0.0;87.06865494706113;;101.6275619175666;;;;
2022-09-05 22:00:00;0.0;87.06865494706113;;92.34496919918068;;;;
2022-09-05 23:00:00;0.0;87.06865494706113;;84.32428509904295;;;;
2022-09-06 00:00:00;0.0;87.06865494706113;;78.8694098001202;;;;
2022-09-06 01:00:00;0.0;87.06865494706113;;76.20033479882647;;;;
2022-09-06 02:00:00;0.0;87.06865494706113;;77.21087152225775;;;;
2022-09-06 03:00:00;0.0;87.06865494706113;;80.85741413449657;;;;
2022-09-06 04:00:00;0.0;87.06865494706113;;86.83737794959056;;;;
2022-09-06 05:00:00;0.0;87.06865494706113;;94.70635785768434;;;;
2022-09-06 06:00:00;0.0;87.06865494706113;;103.8943075363128;;;;
2022-09-06 07:00:00;0.0;87.06865494706113;;113.7624164470591;;;;
2022-09-06 08:00:00;0.0;87.06865494706113;;123.6182403499532;;;;
2022-09-06 09:00:00;0.0;87.06865494706113;;132.7878090185584;;;;
2022-09-06 10:00:00;0.0;87.06865494706113;;140.6386654378654;;;;
2022-09-06 11:00:00;0.0;87.06865494706113;;146.639836594592;;;;
2022-09-06 12:00:00;0.0;87.06865494706113;;150.381268484358;;;;
2022-09-06 13:00:00;0.0;87.06865494706113;;151.607200155453;;;;
2022-09-06 14:00:00;0.0;87.06865494706113;;150.2272160863951;;;;
2022-09-06 15:00:00;0.0;87.06865494706113;;146.3349048571121;;;;
2022-09-06 16:00:00;0.0;87.06865494706113;;140.190829170084;;;;
2022-09-06 17:00:00;0.0;87.06865494706113;;132.2143798149065;;;;
2022-09-06 18:00:00;0.0;87.06865494706113;;122.9329036759293;;;;
2022-09-06 19:00:00;0.0;87.06865494706113;;112.9758685915884;;;;
2022-09-06 20:00:00;0.0;87.06865494706113;;103.0142090300738;;;;
2022-09-06 21:00:00;0.0;87.06865494706113;;93.73728913371826;;;;
2022-09-06 22:00:00;0.0;87.06865494706113;;85.77510894698948;;;;
2022-09-06 23:00:00;0.0;87.06865494706113;;79.7743312700618;;;;
2022-09-07 00:00:00;0.0;87.06865494706113;;76.07106866143614;;;;
2022-09-07 01:00:00;0.0;87.06865494706113;;74.95173490016293;;;;
2022-09-07 02:00:00;0.0;87.06865494706113;;76.43368158927652;;;;
2022-09-07 03:00:00;0.0;87.06865494706113;;80.52672753247258;;;;
2022-09-07 04:00:00;0.0;87.06865494706113;;86.97137456966314;;;;
2022-09-07 05:00:00;0.0;87.06865494706113;;95.34659246586342;;;;
2022-09-07 06:00:00;0.0;87.06865494706113;;105.0930923259783;;;;
2022-09-07 07:00:00;0.0;87.06865494706113;;115.5526708506857;;;;
2022-09-07 08:00:00;0.0;87.06865494706113;;126.0236461815039;;;;
2022-09-07 09:00:00;0.0;87.06865494706113;;135.7956028690156;;;;
2022-09-07 10:00:00;0.0;87.06865494706113;;144.2014482690186;;;;
2022-09-07 11:00:00;0.0;87.06865494706113;;150.6574440007544;;;;
2022-09-07 12:00:00;0.0;87.06865494706113;;154.7245413970687;;;;
2022-09-07 13:00:00;0.0;87.06865494706113;;156.1220540362665;;;;
2022-09-07 14:00:00;0.0;87.06865494706113;;154.7548595597879;;;;
2022-09-07 15:00:00;0.0;87.06865494706113;;150.7080756761388;;;;
2022-09-07 16:00:00;0.0;87.06865494706113;;144.2606743323511;;;;
2022-09-07 17:00:00;0.0;87.06865494706113;;135.8566702530308;;;;
2022-09-07 18:00:00;0.0;87.06865494706113;;126.0669501515484;;;;
2022-09-07 19:00:00;0.0;87.06865494706113;;115.5644389736706;;;;
2022-09-07 20:00:00;0.0;87.06865494706113;;105.0570242808648;;;;
2022-09-07 21:00:00;0.0;87.06865494706113;;95.26402499404612;;;;
2022-09-07 22:00:00;0.0;87.06865494706113;;86.8367237391837;;;;
2022-09-07 23:00:00;0.0;87.06865494706113;;81.36644583865117;;;;
2022-09-08 00:00:00;0.0;87.06865494706113;;78.21112270827071;;;;
2022-09-08 01:00:00;0.0;87.06865494706113;;77.66135250085227;;;;
2022-09-08 02:00:00;0.0;87.06865494706113;;78.78874335693013;;;;
2022-09-08 03:00:00;0.0;87.06865494706113;;82.56749766011862;;;;
2022-09-08 04:00:00;0.0;87.06865494706113;;88.69376125637359;;;;
2022-09-08 05:00:00;0.0;87.06865494706113;;96.7042222527673;;;;
2022-09-08 06:00:00;0.0;87.06865494706113;;106.0103395720455;;;;
2022-09-08 07:00:00;0.0;87.06865494706113;;115.9354364859476;;;;
2022-09-08 08:00:00;0.0;87.06865494706113;;125.7692763134058;;;;
2022-09-08 09:00:00;0.0;87.06865494706113;;134.8120959083045;;;;
2022-09-08 10:00:00;0.0;87.06865494706113;;142.4377935191581;;;;
2022-09-08 11:00:00;0.0;87.06865494706113;;148.111557901882;;;;
2022-09-08 12:00:00;0.0;87.06865494706113;;151.4412709090537;;;;
2022-09-08 13:00:00;0.0;87.06865494706113;;152.18145960205;;;;
2022-09-08 14:00:00;0.0;87.06865494706113;;150.2822531445435;;;;
2022-09-08 15:00:00;0.0;87.06865494706113;;145.8701106886523;;;;
2022-09-08 16:00:00;0.0;87.06865494706113;;139.2428019005385;;;;
2022-09-08 17:00:00;0.0;87.06865494706113;;130.8390698145696;;;;
2022-09-08 18:00:00;0.0;87.06865494706113;;121.2135698988741;;;;
2022-09-08 19:00:00;0.0;87.06865494706113;;110.9956863088235;;;;
2022-09-08 20:00:00;0.0;87.06865494706113;;100.8629294714431;;;;
2022-09-08 21:00:00;0.0;87.06865494706113;;91.47414389508734;;;;
2022-09-08 22:00:00;0.0;87.06865494706113;;83.45479413354639;;;;
2022-09-08 23:00:00;0.0;87.06865494706113;;78.50113647145115;;;;
2022-09-09 00:00:00;0.0;87.06865494706113;;75.81944512622337;;;;
2022-09-09 01:00:00;0.0;87.06865494706113;;75.69785850209159;;;;
2022-09-09 02:00:00;0.0;87.06865494706113;;77.08783957791331;;;;
2022-09-09 03:00:00;0.0;87.06865494706113;;81.14175414731855;;;;
2022-09-09 04:00:00;0.0;87.06865494706113;;87.60677079165708;;;;
2022-09-09 05:00:00;0.0;87.06865494706113;;96.06514015053776;;;;
2022-09-09 06:00:00;0.0;87.06865494706113;;105.9769809239671;;;;
2022-09-09 07:00:00;0.0;87.06865494706113;;116.6966931717981;;;;
2022-09-09 08:00:00;0.0;87.06865494706113;;127.5337472293931;;;;
2022-09-09 09:00:00;0.0;87.06865494706113;;137.7842153379893;;;;
2022-09-09 10:00:00;0.0;87.06865494706113;;146.7842659533853;;;;
2022-09-09 11:00:00;0.0;87.06865494706113;;153.9603872346498;;;;
2022-09-09 12:00:00;0.0;87.06865494706113;;158.8415209309765;;;;
2022-09-09 13:00:00;0.0;87.06865494706113;;161.1114718888437;;;;
2022-09-09 14:00:00;0.0;87.06865494706113;;160.6230911957242;;;;
2022-09-09 15:00:00;0.0;87.06865494706113;;157.4223235071972;;;;
2022-09-09 16:00:00;0.0;87.06865494706113;;151.7438893327101;;;;
2022-09-09 17:00:00;0.0;87.06865494706113;;143.9875753206444;;;;
2022-09-09 18:00:00;0.0;87.06865494706113;;134.6961927253422;;;;
2022-09-09 19:00:00;0.0;87.06865494706113;;124.5373617833713;;;;
2022-09-09 20:00:00;0.0;87.06865494706113;;114.239160881483;;;;
2022-09-09 21:00:00;0.0;87.06865494706113;;104.5698314566257;;;;
2022-09-09 22:00:00;0.0;87.06865494706113;;96.2536861050437;;;;
2022-09-09 23:00:00;0.0;87.06865494706113;;90.59582451811788;;;;
2022-09-10 00:00:00;0.0;87.06865494706113;;87.46299685299618;;;;
2022-09-10 01:00:00;0.0;87.06865494706113;;87.23641858423883;;;;
2022-09-10 02:00:00;0.0;87.06865494706113;;89.45872690291822;;;;
2022-09-10 03:00:00;0.0;87.06865494706113;;94.76340424616312;;;;
2022-09-10 04:00:00;0.0;87.06865494706113;;102.8891842884235;;;;
2022-09-10 05:00:00;0.0;87.06865494706113;;113.3726508138162;;;;
2022-09-10 06:00:00;0.0;87.06865494706113;;125.5824274267331;;;;
2022-09-10 07:00:00;0.0;87.06865494706113;;138.757569574568;;;;
2022-09-10 08:00:00;0.0;87.06865494706113;;152.0492277953144;;;;
2022-09-10 09:00:00;0.0;87.06865494706113;;164.5895669547974;;;;
2022-09-10 10:00:00;0.0;87.06865494706113;;175.5432635299802;;;;
2022-09-10 11:00:00;0.0;87.06865494706113;;184.1891401317851;;;;
2022-09-10 12:00:00;0.0;87.06865494706113;;189.946992138182;;;;
2022-09-10 13:00:00;0.0;87.06865494706113;;192.4455712313717;;;;
2022-09-10 14:00:00;0.0;87.06865494706113;;191.5122502463672;;;;
2022-09-10 15:00:00;0.0;87.06865494706113;;187.2241642988205;;;;
2022-09-10 16:00:00;0.0;87.06865494706113;;179.8832619750311;;;;
2022-09-10 17:00:00;0.0;87.06865494706113;;170.0122352444313;;;;
2022-09-10 18:00:00;0.0;87.06865494706113;;158.318897866413;;;;
2022-09-10 19:00:00;0.0;87.06865494706113;;145.624533355311;;;;
2022-09-10 20:00:00;0.0;87.06865494706113;;132.8287822939136;;;;
2022-09-10 21:00:00;0.0;87.06865494706113;;120.8295035567737;;;;
2022-09-10 22:00:00;0.0;87.06865494706113;;110.4732130363584;;;;
2022-09-10 23:00:00;0.0;87.06865494706113;;102.0000734007085;;;;
2022-09-11 00:00:00;0.0;87.06865494706113;;96.46863419397243;;;;
2022-09-11 01:00:00;0.0;87.06865494706113;;94.21463131358672;;;;
2022-09-11 02:00:00;0.0;87.06865494706113;;95.8268248134604;;;;
2022-09-11 03:00:00;0.0;87.06865494706113;;100.6596158087878;;;;
2022-09-11 04:00:00;0.0;87.06865494706113;;108.3651989362246;;;;
2022-09-11 05:00:00;0.0;87.06865494706113;;118.3873017705031;;;;
2022-09-11 06:00:00;0.0;87.06865494706113;;130.009553158338;;;;
2022-09-11 07:00:00;0.0;87.06865494706113;;142.4104968403389;;;;
2022-09-11 08:00:00;0.0;87.06865494706113;;154.7161905028408;;;;
2022-09-11 09:00:00;0.0;87.06865494706113;;166.064967246319;;;;
2022-09-11 10:00:00;0.0;87.06865494706113;;175.6614637644637;;;;
2022-09-11 11:00:00;0.0;87.06865494706113;;182.8261469968016;;;;
2022-09-11 12:00:00;0.0;87.06865494706113;;187.0632603460886;;;;
2022-09-11 13:00:00;0.0;87.06865494706113;;188.0635959709917;;;;
2022-09-11 14:00:00;0.0;87.06865494706113;;185.7710818968636;;;;
2022-09-11 15:00:00;0.0;87.06865494706113;;180.325220361404;;;;
2022-09-11 16:00:00;0.0;87.06865494706113;;172.0981626962277;;;;
2022-09-11 17:00:00;0.0;87.06865494706113;;161.6369825599614;;;;
2022-09-11 18:00:00;0.0;87.06865494706113;;149.640388521922;;;;
2022-09-11 19:00:00;0.0;87.06865494706113;;136.9063124435158;;;;
2022-09-11 20:00:00;0.0;87.06865494706113;;124.2635831579401;;;;
2022-09-11 21:00:00;0.0;87.06865494706113;;112.5410612358579;;;;
2022-09-11 22:00:00;0.0;87.06865494706113;;102.4986118799677;;;;
2022-09-11 23:00:00;0.0;87.06865494706113;;93.6026447449362;;;;
2022-09-12 00:00:00;0.0;87.06865494706113;;87.53538976452019;;;;
2022-09-12 01:00:00;0.0;87.06865494706113;;84.54334280305645;;;;
2022-09-12 02:00:00;0.0;87.06865494706113;;85.84842122758093;;;;
2022-09-12 03:00:00;0.0;87.06865494706113;;90.09063055581647;;;;
2022-09-12 04:00:00;0.0;87.06865494706113;;96.9478930017564;;;;
2022-09-12 05:00:00;0.0;87.06865494706113;;105.9374908448312;;;;
2022-09-12 06:00:00;0.0;87.06865494706113;;116.4262234740935;;;;
2022-09-12 07:00:00;0.0;87.06865494706113;;127.6980093680971;;;;
2022-09-12 08:00:00;0.0;87.06865494706113;;138.9805764642981;;;;
2022-09-12 09:00:00;0.0;87.06865494706113;;149.5100568802699;;;;
2022-09-12 10:00:00;0.0;87.06865494706113;;158.5756005428534;;;;
2022-09-12 11:00:00;0.0;87.06865494706113;;165.5553688117788;;;;
2022-09-12 12:00:00;0.0;87.06865494706113;;169.9850302433555;;;;
2022-09-12 13:00:00;0.0;87.06865494706113;;171.5529552553179;;;;
2022-09-12 14:00:00;0.0;87.06865494706113;;170.1624019625669;;;;
2022-09-12 15:00:00;0.0;87.06865494706113;;165.8969869507705;;;;
2022-09-12 16:00:00;0.0;87.06865494706113;;159.0543103482821;;;;
2022-09-12 17:00:00;0.0;87.06865494706113;;150.0921148626704;;;;
2022-09-12 18:00:00;0.0;87.06865494706113;;139.6245040971153;;;;
2022-09-12 19:00:00;0.0;87.06865494706113;;128.3622850649464;;;;
2022-09-12 20:00:00;0.0;87.06865494706113;;117.0817638013325;;;;
2022-09-12 21:00:00;0.0;87.06865494706113;;106.5570012947721;;;;
2022-09-12 22:00:00;0.0;87.06865494706113;;97.519161883962;;;;
2022-09-12 23:00:00;0.0;87.06865494706113;;89.67128121242554;;;;
2022-09-13 00:00:00;0.0;87.06865494706113;;84.44692162145736;;;;
2022-09-13 01:00:00;0.0;87.06865494706113;;82.12963806556925;;;;
2022-09-13 02:00:00;0.0;87.06865494706113;;83.72809694835766;;;;
2022-09-13 03:00:00;0.0;87.06865494706113;;88.17678099813844;;;;
2022-09-13 04:00:00;0.0;87.06865494706113;;95.18818136483476;;;;
2022-09-13 05:00:00;0.0;87.06865494706113;;104.2949330569419;;;;
2022-09-13 06:00:00;0.0;87.06865494706113;;114.8860759950091;;;;
2022-09-13 07:00:00;0.0;87.06865494706113;;126.2411061547294;;;;
2022-09-13 08:00:00;0.0;87.06865494706113;;137.5823042855667;;;;
2022-09-13 09:00:00;0.0;87.06865494706113;;148.1295342785708;;;;
2022-09-13 10:00:00;0.0;87.06865494706113;;157.1507528524238;;;;
2022-09-13 11:00:00;0.0;87.06865494706113;;164.0199659464141;;;;
2022-09-13 12:00:00;0.0;87.06865494706113;;168.2654092145715;;;;
2022-09-13 13:00:00;0.0;87.06865494706113;;169.5935215119475;;;;
2022-09-13 14:00:00;0.0;87.06865494706113;;167.9128458582942;;;;
2022-09-13 15:00:00;0.0;87.06865494706113;;163.3288680044863;;;;
2022-09-13 16:00:00;0.0;87.06865494706113;;156.1409358030434;;;;
2022-09-13 17:00:00;0.0;87.06865494706113;;146.8447630421118;;;;
2022-09-13 18:00:00;0.0;87.06865494706113;;136.0730176914886;;;;
2022-09-13 19:00:00;0.0;87.06865494706113;;124.5571098441646;;;;
2022-09-13 20:00:00;0.0;87.06865494706113;;113.0669185816608;;;;
2022-09-13 21:00:00;0.0;87.06865494706113;;102.3608655573831;;;;
2022-09-13 22:00:00;0.0;87.06865494706113;;93.14650164433482;;;;
2022-09-13 23:00:00;0.0;87.06865494706113;;86.11213466193766;;;;
2022-09-14 00:00:00;0.0;87.06865494706113;;81.5963880891533;;;;
2022-09-14 01:00:00;0.0;87.06865494706113;;79.85746179340308;;;;
2022-09-14 02:00:00;0.0;87.06865494706113;;80.85163861335462;;;;
2022-09-14 03:00:00;0.0;87.06865494706113;;84.5469826582841;;;;
2022-09-14 04:00:00;0.0;87.06865494706113;;90.61838819672934;;;;
2022-09-14 05:00:00;0.0;87.06865494706113;;98.58012192004152;;;;
2022-09-14 06:00:00;0.0;87.06865494706113;;107.8186057173359;;;;
2022-09-14 07:00:00;0.0;87.06865494706113;;117.6426741576995;;;;
2022-09-14 08:00:00;0.0;87.06865494706113;;127.3303395072694;;;;
2022-09-14 09:00:00;0.0;87.06865494706113;;136.1737053456672;;;;
2022-09-14 10:00:00;0.0;87.06865494706113;;143.5282383016058;;;;
2022-09-14 11:00:00;0.0;87.06865494706113;;148.8763535675548;;;;
2022-09-14 12:00:00;0.0;87.06865494706113;;151.8328118293999;;;;
2022-09-14 13:00:00;0.0;87.06865494706113;;152.1848351276697;;;;
2022-09-14 14:00:00;0.0;87.06865494706113;;149.8901270139464;;;;
2022-09-14 15:00:00;0.0;87.06865494706113;;145.0959952375256;;;;
2022-09-14 16:00:00;0.0;87.06865494706113;;138.1183574943425;;;;
2022-09-14 17:00:00;0.0;87.06865494706113;;129.4069597240608;;;;
2022-09-14 18:00:00;0.0;87.06865494706113;;119.5372961798953;;;;
2022-09-14 19:00:00;0.0;87.06865494706113;;109.144208293696;;;;
2022-09-14 20:00:00;0.0;87.06865494706113;;98.89417965885988;;;;
2022-09-14 21:00:00;0.0;87.06865494706113;;89.4312061806416;;;;
2022-09-14 22:00:00;0.0;87.06865494706113;;81.34854024547707;;;;
2022-09-14 23:00:00;0.0;87.06865494706113;;76.11680087220311;;;;
2022-09-15 00:00:00;0.0;87.06865494706113;;73.11447193409826;;;;
2022-09-15 01:00:00;0.0;87.06865494706113;;72.6055566785669;;;;
2022-09-15 02:00:00;0.0;87.06865494706113;;73.71832014205796;;;;
2022-09-15 03:00:00;0.0;87.06865494706113;;77.37553754806764;;;;
2022-09-15 04:00:00;0.0;87.06865494706113;;83.3100958433488;;;;
2022-09-15 05:00:00;0.0;87.06865494706113;;91.10983854277116;;;;
2022-09-15 06:00:00;0.0;87.06865494706113;;100.2484469149784;;;;
2022-09-15 07:00:00;0.0;87.06865494706113;;110.1081194335457;;;;
2022-09-15 08:00:00;0.0;87.06865494706113;;120.0405667903739;;;;
2022-09-15 09:00:00;0.0;87.06865494706113;;129.3880735813701;;;;
2022-09-15 10:00:00;0.0;87.06865494706113;;137.5341612362992;;;;
2022-09-15 11:00:00;0.0;87.06865494706113;;143.9451580606797;;;;
2022-09-15 12:00:00;0.0;87.06865494706113;;148.1995474012693;;;;
2022-09-15 13:00:00;0.0;87.06865494706113;;150.0247182488367;;;;
2022-09-15 14:00:00;0.0;87.06865494706113;;149.2916770590015;;;;
2022-09-15 15:00:00;0.0;87.06865494706113;;146.0569444721371;;;;
2022-09-15 16:00:00;0.0;87.06865494706113;;140.5443127023093;;;;
2022-09-15 17:00:00;0.0;87.06865494706113;;133.1395412897295;;;;
2022-09-15 18:00:00;0.0;87.06865494706113;;124.3556339135918;;;;
2022-09-15 19:00:00;0.0;87.06865494706113;;114.8117404411009;;;;
2022-09-15 20:00:00;0.0;87.06865494706113;;105.1846749429256;;;;
2022-09-15 21:00:00;0.0;87.06865494706113;;96.17275249415442;;;;
2022-09-15 22:00:00;0.0;87.06865494706113;;88.4403835896176;;;;
2022-09-15 23:00:00;0.0;87.06865494706113;;83.85312806452237;;;;
2022-09-16 00:00:00;0.0;87.06865494706113;;81.58933595953313;;;;
2022-09-16 01:00:00;0.0;87.06865494706113;;82.01831543333535;;;;
2022-09-16 02:00:00;0.0;87.06865494706113;;84.05823237621988;;;;
2022-09-16 03:00:00;0.0;87.06865494706113;;89.00052315429322;;;;
2022-09-16 04:00:00;0.0;87.06865494706113;;96.599237569091;;;;
2022-09-16 05:00:00;0.0;87.06865494706113;;106.419626180039;;;;
2022-09-16 06:00:00;0.0;87.06865494706113;;117.8644787669853;;;;
2022-09-16 07:00:00;0.0;87.06865494706113;;130.2099987141061;;;;
2022-09-16 08:00:00;0.0;87.06865494706113;;142.667554216988;;;;
2022-09-16 09:00:00;0.0;87.06865494706113;;154.434820794197;;;;
2022-09-16 10:00:00;0.0;87.06865494706113;;164.7413429103138;;;;
2022-09-16 11:00:00;0.0;87.06865494706113;;172.898966941453;;;;
2022-09-16 12:00:00;0.0;87.06865494706113;;178.3560803252538;;;;
2022-09-16 13:00:00;0.0;87.06865494706113;;180.7532225695585;;;;
2022-09-16 14:00:00;0.0;87.06865494706113;;179.9371130334135;;;;
2022-09-16 15:00:00;0.0;87.06865494706113;;175.9784127691441;;;;
2022-09-16 16:00:00;0.0;87.06865494706113;;169.1600571594765;;;;
2022-09-16 17:00:00;0.0;87.06865494706113;;159.9694115094112;;;;
2022-09-16 18:00:00;0.0;87.06865494706113;;149.0623331438332;;;;
2022-09-16 19:00:00;0.0;87.06865494706113;;137.2127401179814;;;;
2022-09-16 20:00:00;0.0;87.06865494706113;;125.2607461568451;;;;
2022-09-16 21:00:00;0.0;87.06865494706113;;114.0507703838765;;;;
2022-09-16 22:00:00;0.0;87.06865494706113;;104.3821092674078;;;;
2022-09-16 23:00:00;0.0;87.06865494706113;;97.64545207288556;;;;
2022-09-17 00:00:00;0.0;87.06865494706113;;93.6634042556628;;;;
2022-09-17 01:00:00;0.0;87.06865494706113;;92.79461347338346;;;;
2022-09-17 02:00:00;0.0;87.06865494706113;;94.48690476535673;;;;
2022-09-17 03:00:00;0.0;87.06865494706113;;99.36968064233128;;;;
2022-09-17 04:00:00;0.0;87.06865494706113;;107.1131898865916;;;;
2022-09-17 05:00:00;0.0;87.06865494706113;;117.1761578237776;;;;
2022-09-17 06:00:00;0.0;87.06865494706113;;128.8689842171401;;;;
2022-09-17 07:00:00;0.0;87.06865494706113;;141.3779981136906;;;;
2022-09-17 08:00:00;0.0;87.06865494706113;;153.8440896152896;;;;
2022-09-17 09:00:00;0.0;87.06865494706113;;165.3986897326733;;;;
2022-09-17 10:00:00;0.0;87.06865494706113;;175.2463097365679;;;;
2022-09-17 11:00:00;0.0;87.06865494706113;;182.7054808876012;;;;
2022-09-17 12:00:00;0.0;87.06865494706113;;187.264792063836;;;;
2022-09-17 13:00:00;0.0;87.06865494706113;;188.612417893843;;;;
2022-09-17 14:00:00;0.0;87.06865494706113;;186.6620600399697;;;;
2022-09-17 15:00:00;0.0;87.06865494706113;;181.5435399894913;;;;
2022-09-17 16:00:00;0.0;87.06865494706113;;173.6100712523389;;;;
2022-09-17 17:00:00;0.0;87.06865494706113;;163.3952611494845;;;;
2022-09-17 18:00:00;0.0;87.06865494706113;;151.5863529229282;;;;
2022-09-17 19:00:00;0.0;87.06865494706113;;138.976685934581;;;;
2022-09-17 20:00:00;0.0;87.06865494706113;;126.4149136165825;;;;
2022-09-17 21:00:00;0.0;87.06865494706113;;114.7463214207998;;;;
2022-09-17 22:00:00;0.0;87.06865494706113;;104.7472554413445;;;;
2022-09-17 23:00:00;0.0;87.06865494706113;;96.62632589633792;;;;
2022-09-18 00:00:00;0.0;87.06865494706113;;91.36608302923268;;;;
2022-09-18 01:00:00;0.0;87.06865494706113;;89.26932386685993;;;;
2022-09-18 02:00:00;0.0;87.06865494706113;;90.88091950873826;;;;
2022-09-18 03:00:00;0.0;87.06865494706113;;95.60578137179208;;;;
2022-09-18 04:00:00;0.0;87.06865494706113;;103.1378410419169;;;;
2022-09-18 05:00:00;0.0;87.06865494706113;;112.9781432394217;;;;
2022-09-18 06:00:00;0.0;87.06865494706113;;124.4766793905779;;;;
2022-09-18 07:00:00;0.0;87.06865494706113;;136.8694857183987;;;;
2022-09-18 08:00:00;0.0;87.06865494706113;;149.3394577616866;;;;
2022-09-18 09:00:00;0.0;87.06865494706113;;161.0561930779107;;;;
2022-09-18 10:00:00;0.0;87.06865494706113;;171.2412607727557;;;;
2022-09-18 11:00:00;0.0;87.06865494706113;;179.2092155565046;;;;
2022-09-18 12:00:00;0.0;87.06865494706113;;184.4400022052774;;;;
2022-09-18 13:00:00;0.0;87.06865494706113;;186.5900541989642;;;;
2022-09-18 14:00:00;0.0;87.06865494706113;;185.523991014338;;;;
2022-09-18 15:00:00;0.0;87.06865494706113;;181.3148786127842;;;;
2022-09-18 16:00:00;0.0;87.06865494706113;;174.2449849382942;;;;
2022-09-18 17:00:00;0.0;87.06865494706113;;164.8031651273986;;;;
2022-09-18 18:00:00;0.0;87.06865494706113;;153.650638894721;;;;
2022-09-18 19:00:00;0.0;87.06865494706113;;141.5583235809019;;;;
2022-09-18 20:00:00;0.0;87.06865494706113;;129.388108602884;;;;
2022-09-18 21:00:00;0.0;87.06865494706113;;117.9908543685028;;;;
2022-09-18 22:00:00;0.0;87.06865494706113;;108.1966437938766;;;;
2022-09-18 23:00:00;0.0;87.06865494706113;;99.46092442164893;;;;
2022-09-19 00:00:00;0.0;87.06865494706113;;93.61898295705618;;;;
2022-09-19 01:00:00;0.0;87.06865494706113;;90.989358523345;;;;
2022-09-19 02:00:00;0.0;87.06865494706113;;92.9277698132904;;;;
2022-09-19 03:00:00;0.0;87.06865494706113;;98.03219027668553;;;;
2022-09-19 04:00:00;0.0;87.06865494706113;;106.0004896885495;;;;
2022-09-19 05:00:00;0.0;87.06865494706113;;116.3153472502276;;;;
2022-09-19 06:00:00;0.0;87.06865494706113;;128.3083107522698;;;;
2022-09-19 07:00:00;0.0;87.06865494706113;;141.176599749377;;;;
2022-09-19 08:00:00;0.0;87.06865494706113;;154.0629827672671;;;;
2022-09-19 09:00:00;0.0;87.06865494706113;;166.0812855050749;;;;
2022-09-19 10:00:00;0.0;87.06865494706113;;176.4021699349314;;;;
2022-09-19 11:00:00;0.0;87.06865494706113;;184.3193576876435;;;;
2022-09-19 12:00:00;0.0;87.06865494706113;;189.2804553607318;;;;
2022-09-19 13:00:00;0.0;87.06865494706113;;190.9577761448;;;;
2022-09-19 14:00:00;0.0;87.06865494706113;;189.2239620592435;;;;
2022-09-19 15:00:00;0.0;87.06865494706113;;184.2057556206652;;;;
2022-09-19 16:00:00;0.0;87.06865494706113;;176.2388426874759;;;;
2022-09-19 17:00:00;0.0;87.06865494706113;;165.8758790181343;;;;
2022-09-19 18:00:00;0.0;87.06865494706113;;153.8216463832611;;;;
2022-09-19 19:00:00;0.0;87.06865494706113;;140.9019978378012;;;;
2022-09-19 20:00:00;0.0;87.06865494706113;;127.9773903004617;;;;
2022-09-19 21:00:00;0.0;87.06865494706113;;115.9194795439932;;;;
2022-09-19 22:00:00;0.0;87.06865494706113;;105.5282345411237;;;;
2022-09-19 23:00:00;0.0;87.06865494706113;;96.49980014660774;;;;
2022-09-20 00:00:00;0.0;87.06865494706113;;90.34151405079147;;;;
2022-09-20 01:00:00;0.0;87.06865494706113;;87.30694279916483;;;;
2022-09-20 02:00:00;0.0;87.06865494706113;;88.4149708132762;;;;
2022-09-20 03:00:00;0.0;87.06865494706113;;92.4719496643304;;;;
2022-09-20 04:00:00;0.0;87.06865494706113;;99.11875582161323;;;;
2022-09-20 05:00:00;0.0;87.06865494706113;;107.8259854633695;;;;
2022-09-20 06:00:00;0.0;87.06865494706113;;117.9202809122101;;;;
2022-09-20 07:00:00;0.0;87.06865494706113;;128.6378722864614;;;;
2022-09-20 08:00:00;0.0;87.06865494706113;;139.1830192428054;;;;
2022-09-20 09:00:00;0.0;87.06865494706113;;148.7780740737311;;;;
2022-09-20 10:00:00;0.0;87.06865494706113;;156.7344016456209;;;;
2022-09-20 11:00:00;0.0;87.06865494706113;;162.4745829664529;;;;
2022-09-20 12:00:00;0.0;87.06865494706113;;165.5915453782221;;;;
2022-09-20 13:00:00;0.0;87.06865494706113;;165.8475164246402;;;;
2022-09-20 14:00:00;0.0;87.06865494706113;;163.2053723669123;;;;
2022-09-20 15:00:00;0.0;87.06865494706113;;157.8357870112021;;;;
2022-09-20 16:00:00;0.0;87.06865494706113;;150.0826544184699;;;;
2022-09-20 17:00:00;0.0;87.06865494706113;;140.4618752699184;;;;
2022-09-20 18:00:00;0.0;87.06865494706113;;129.5825536859273;;;;
2022-09-20 19:00:00;0.0;87.06865494706113;;118.1503101900501;;;;
2022-09-20 20:00:00;0.0;87.06865494706113;;106.8848309490398;;;;
2022-09-20 21:00:00;0.0;87.06865494706113;;96.49407520212075;;;;
2022-09-20 22:00:00;0.0;87.06865494706113;;87.61569978998492;;;;
2022-09-20 23:00:00;0.0;87.06865494706113;;80.87568367281284;;;;
2022-09-21 00:00:00;0.0;87.06865494706113;;76.57116157612998;;;;
2022-09-21 01:00:00;0.0;87.06865494706113;;74.93107890017039;;;;
2022-09-21 02:00:00;0.0;87.06865494706113;;75.91447788091274;;;;
2022-09-21 03:00:00;0.0;87.06865494706113;;79.49507333809511;;;;
2022-09-21 04:00:00;0.0;87.06865494706113;;85.38304946626806;;;;
2022-09-21 05:00:00;0.0;87.06865494706113;;93.14117307642644;;;;
2022-09-21 06:00:00;0.0;87.06865494706113;;102.2163772259085;;;;
2022-09-21 07:00:00;0.0;87.06865494706113;;111.9782111455904;;;;
2022-09-21 08:00:00;0.0;87.06865494706113;;121.751431595996;;;;
2022-09-21 09:00:00;0.0;87.06865494706113;;130.8759272955666;;;;
2022-09-21 10:00:00;0.0;87.06865494706113;;138.7352716590443;;;;
2022-09-21 11:00:00;0.0;87.06865494706113;;144.799179849942;;;;
2022-09-21 12:00:00;0.0;87.06865494706113;;148.65880583391;;;;
2022-09-21 13:00:00;0.0;87.06865494706113;;150.0499340685702;;;;
2022-09-21 14:00:00;0.0;87.06865494706113;;148.8895336219006;;;;
2022-09-21 15:00:00;0.0;87.06865494706113;;145.2439413640321;;;;
2022-09-21 16:00:00;0.0;87.06865494706113;;139.3602346286662;;;;
2022-09-21 17:00:00;0.0;87.06865494706113;;131.6354494067957;;;;
2022-09-21 18:00:00;0.0;87.06865494706113;;122.6042615478139;;;;
2022-09-21 19:00:00;0.0;87.06865494706113;;112.8797863774946;;;;
2022-09-21 20:00:00;0.0;87.06865494706113;;103.1281695693101;;;;
2022-09-21 21:00:00;0.0;87.06865494706113;;94.0241186722581;;;;
2022-09-21 22:00:00;0.0;87.06865494706113;;86.21532886955569;;;;
2022-09-21 23:00:00;0.0;87.06865494706113;;81.31444723845756;;;;
2022-09-22 00:00:00;0.0;87.06865494706113;;78.70561356169095;;;;
2022-09-22 01:00:00;0.0;87.06865494706113;;78.72059784149403;;;;
2022-09-22 02:00:00;0.0;87.06865494706113;;80.46897361390455;;;;
2022-09-22 03:00:00;0.0;87.06865494706113;;84.9832451673115;;;;
2022-09-22 04:00:00;0.0;87.06865494706113;;92.0109804814932;;;;
2022-09-22 05:00:00;0.0;87.06865494706113;;101.1210052986861;;;;
2022-09-22 06:00:00;0.0;87.06865494706113;;111.7385463636941;;;;
2022-09-22 07:00:00;0.0;87.06865494706113;;123.1798412190275;;;;
2022-09-22 08:00:00;0.0;87.06865494706113;;134.6946446874062;;;;
2022-09-22 09:00:00;0.0;87.06865494706113;;145.5196578697149;;;;
2022-09-22 10:00:00;0.0;87.06865494706113;;154.9270914242945;;;;
2022-09-22 11:00:00;0.0;87.06865494706113;;162.2868035748204;;;;
2022-09-22 12:00:00;0.0;87.06865494706113;;167.1031349585922;;;;
2022-09-22 13:00:00;0.0;87.06865494706113;;169.05385605028;;;;
2022-09-22 14:00:00;0.0;87.06865494706113;;168.0099186792737;;;;
2022-09-22 15:00:00;0.0;87.06865494706113;;164.0430885976401;;;;
2022-09-22 16:00:00;0.0;87.06865494706113;;157.432080666059;;;;
2022-09-22 17:00:00;0.0;87.06865494706113;;148.6449185899305;;;;
2022-09-22 18:00:00;0.0;87.06865494706113;;138.3033718280999;;;;
2022-09-22 19:00:00;0.0;87.06865494706113;;127.1289957070254;;;;
2022-09-22 20:00:00;0.0;87.06865494706113;;115.8936645060736;;;;
2022-09-22 21:00:00;0.0;87.06865494706113;;105.3787682028593;;;;
2022-09-22 22:00:00;0.0;87.06865494706113;;96.31812645067504;;;;
2022-09-22 23:00:00;0.0;87.06865494706113;;90.7170391504404;;;;
2022-09-23 00:00:00;0.0;87.06865494706113;;87.65800005894033;;;;
2022-09-23 01:00:00;0.0;87.06865494706113;;87.4947773725888;;;;
2022-09-23 02:00:00;0.0;87.06865494706113;;89.0003552783623;;;;
2022-09-23 03:00:00;0.0;87.06865494706113;;93.51238416519382;;;;
2022-09-23 04:00:00;0.0;87.06865494706113;;100.7065896629816;;;;
2022-09-23 05:00:00;0.0;87.06865494706113;;110.0877378095691;;;;
2022-09-23 06:00:00;0.0;87.06865494706113;;120.9923519172995;;;;
2022-09-23 07:00:00;0.0;87.06865494706113;;132.6617760004382;;;;
2022-09-23 08:00:00;0.0;87.06865494706113;;144.2744626500488;;;;
2022-09-23 09:00:00;0.0;87.06865494706113;;155.0334720455262;;;;
2022-09-23 10:00:00;0.0;87.06865494706113;;164.1973221169472;;;;
2022-09-23 11:00:00;0.0;87.06865494706113;;171.1387388506113;;;;
2022-09-23 12:00:00;0.0;87.06865494706113;;175.3770569310233;;;;
2022-09-23 13:00:00;0.0;87.06865494706113;;176.6232501911003;;;;
2022-09-23 14:00:00;0.0;87.06865494706113;;174.789692795026;;;;
2022-09-23 15:00:00;0.0;87.06865494706113;;170.0101745512683;;;;
2022-09-23 16:00:00;0.0;87.06865494706113;;162.6051906998168;;;;
2022-09-23 17:00:00;0.0;87.06865494706113;;153.0800981444922;;;;
2022-09-23 18:00:00;0.0;87.06865494706113;;142.0740752070149;;;;
2022-09-23 19:00:00;0.0;87.06865494706113;;130.3268779152639;;;;
2022-09-23 20:00:00;0.0;87.06865494706113;;118.6270948638585;;;;
2022-09-23 21:00:00;0.0;87.06865494706113;;107.7572526293592;;;;
2022-09-23 22:00:00;0.0;87.06865494706113;;98.45351371920523;;;;
2022-09-23 23:00:00;0.0;87.06865494706113;;92.00705516748988;;;;
2022-09-24 00:00:00;0.0;87.06865494706113;;88.23121939323346;;;;
2022-09-24 01:00:00;0.0;87.06865494706113;;87.45207489526685;;;;
2022-09-24 02:00:00;0.0;87.06865494706113;;89.14225728287403;;;;
2022-09-24 03:00:00;0.0;87.06865494706113;;93.9074253391004;;;;
2022-09-24 04:00:00;0.0;87.06865494706113;;101.4582358953088;;;;
2022-09-24 05:00:00;0.0;87.06865494706113;;111.319552515154;;;;
2022-09-24 06:00:00;0.0;87.06865494706113;;122.8566370612467;;;;
2022-09-24 07:00:00;0.0;87.06865494706113;;135.3355375844479;;;;
2022-09-24 08:00:00;0.0;87.06865494706113;;147.9460512120166;;;;
2022-09-24 09:00:00;0.0;87.06865494706113;;159.8705585415531;;;;
2022-09-24 10:00:00;0.0;87.06865494706113;;170.3239672842561;;;;
2022-09-24 11:00:00;0.0;87.06865494706113;;178.6290155106784;;;;
2022-09-24 12:00:00;0.0;87.06865494706113;;184.2471390248153;;;;
2022-09-24 13:00:00;0.0;87.06865494706113;;186.8022000021971;;;;
2022-09-24 14:00:00;0.0;87.06865494706113;;186.1332603232312;;;;
2022-09-24 15:00:00;0.0;87.06865494706113;;182.2962300161813;;;;
2022-09-24 16:00:00;0.0;87.06865494706113;;175.5739245466662;;;;
2022-09-24 17:00:00;0.0;87.06865494706113;;166.4388828719553;;;;
2022-09-24 18:00:00;0.0;87.06865494706113;;155.5357229353876;;;;
2022-09-24 19:00:00;0.0;87.06865494706113;;143.6376622191557;;;;
2022-09-24 20:00:00;0.0;87.06865494706113;;131.5993871193738;;;;
2022-09-24 21:00:00;0.0;87.06865494706113;;120.3044663449786;;;;
2022-09-24 22:00:00;0.0;87.06865494706113;;110.5947268764163;;;;
2022-09-24 23:00:00;0.0;87.06865494706113;;102.719161047841;;;;
2022-09-25 00:00:00;0.0;87.06865494706113;;97.75980397225982;;;;
2022-09-25 01:00:00;0.0;87.06865494706113;;96.10167122501323;;;;
2022-09-25 02:00:00;0.0;87.06865494706113;;98.3950534724696;;;;
2022-09-25 03:00:00;0.0;87.06865494706113;;104.0589568316639;;;;
2022-09-25 04:00:00;0.0;87.06865494706113;;112.7915362432442;;;;
2022-09-25 05:00:00;0.0;87.06865494706113;;124.0695332843105;;;;
2022-09-25 06:00:00;0.0;87.06865494706113;;137.1835729553372;;;;
2022-09-25 07:00:00;0.0;87.06865494706113;;151.2916330581779;;;;
2022-09-25 08:00:00;0.0;87.06865494706113;;165.4678302960873;;;;
2022-09-25 09:00:00;0.0;87.06865494706113;;178.7734603135747;;;;
2022-09-25 10:00:00;0.0;87.06865494706113;;190.3163388716808;;;;
2022-09-25 11:00:00;0.0;87.06865494706113;;199.3126906899249;;;;
2022-09-25 12:00:00;0.0;87.06865494706113;;205.15175334587;;;;
2022-09-25 13:00:00;0.0;87.06865494706113;;207.4349239772876;;;;
2022-09-25 14:00:00;0.0;87.06865494706113;;206.0119161769076;;;;
2022-09-25 15:00:00;0.0;87.06865494706113;;200.9840684444964;;;;
2022-09-25 16:00:00;0.0;87.06865494706113;;192.7079105103833;;;;
2022-09-25 17:00:00;0.0;87.06865494706113;;181.7532211655146;;;;
2022-09-25 18:00:00;0.0;87.06865494706113;;168.8908413412037;;;;
2022-09-25 19:00:00;0.0;87.06865494706113;;155.0112726394859;;;;
2022-09-25 20:00:00;0.0;87.06865494706113;;141.0807996674747;;;;
2022-09-25 21:00:00;0.0;87.06865494706113;;128.0639965954759;;;;
2022-09-25 22:00:00;0.0;87.06865494706113;;116.8360382321304;;;;
2022-09-25 23:00:00;0.0;87.06865494706113;;106.8304630477775;;;;
2022-09-26 00:00:00;0.0;87.06865494706113;;99.96715326471092;;;;
2022-09-26 01:00:00;0.0;87.06865494706113;;96.55201014100552;;;;
2022-09-26 02:00:00;0.0;87.06865494706113;;97.96886359033104;;;;
2022-09-26 03:00:00;0.0;87.06865494706113;;102.6634799150316;;;;
2022-09-26 04:00:00;0.0;87.06865494706113;;110.2560078212678;;;;
2022-09-26 05:00:00;0.0;87.06865494706113;;120.1608278579207;;;;
2022-09-26 06:00:00;0.0;87.06865494706113;;131.6410757287562;;;;
2022-09-26 07:00:00;0.0;87.06865494706113;;143.8565568680317;;;;
2022-09-26 08:00:00;0.0;87.06865494706113;;155.9145780206584;;;;
2022-09-26 09:00:00;0.0;87.06865494706113;;166.9386527116629;;;;
2022-09-26 10:00:00;0.0;87.06865494706113;;176.1382753853042;;;;
2022-09-26 11:00:00;0.0;87.06865494706113;;182.8668826193015;;;;
2022-09-26 12:00:00;0.0;87.06865494706113;;186.651321557316;;;;
2022-09-26 13:00:00;0.0;87.06865494706113;;187.2110222817326;;;;
2022-09-26 14:00:00;0.0;87.06865494706113;;184.4895766371573;;;;
2022-09-26 15:00:00;0.0;87.06865494706113;;178.6545454067321;;;;
2022-09-26 16:00:00;0.0;87.06865494706113;;170.0919864707406;;;;
2022-09-26 17:00:00;0.0;87.06865494706113;;159.3682347215288;;;;
2022-09-26 18:00:00;0.0;87.06865494706113;;147.1814199878767;;;;
2022-09-26 19:00:00;0.0;87.06865494706113;;134.3241800889015;;;;
2022-09-26 20:00:00;0.0;87.06865494706113;;121.6251317842877;;;;
2022-09-26 21:00:00;0.0;87.06865494706113;;109.8919908219599;;;;
2022-09-26 22:00:00;0.0;87.06865494706113;;99.85365146662394;;;;
2022-09-26 23:00:00;0.0;87.06865494706113;;91.18920780894793;;;;
2022-09-27 00:00:00;0.0;87.06865494706113;;85.30213231197428;;;;
2022-09-27 01:00:00;0.0;87.06865494706113;;82.42740150407892;;;;
2022-09-27 02:00:00;0.0;87.06865494706113;;83.52040491570456;;;;
2022-09-27 03:00:00;0.0;87.06865494706113;;87.4630812736349;;;;
2022-09-27 04:00:00;0.0;87.06865494706113;;93.92992564470568;;;;
2022-09-27 05:00:00;0.0;87.06865494706113;;102.4417325029541;;;;
2022-09-27 06:00:00;0.0;87.06865494706113;;112.383918738708;;;;
2022-09-27 07:00:00;0.0;87.06865494706113;;123.055841621055;;;;
2022-09-27 08:00:00;0.0;87.06865494706113;;133.7145146721273;;;;
2022-09-27 09:00:00;0.0;87.06865494706113;;143.6309892854557;;;;
2022-09-27 10:00:00;0.0;87.06865494706113;;152.1256645519408;;;;
2022-09-27 11:00:00;0.0;87.06865494706113;;158.6119150338155;;;;
2022-09-27 12:00:00;0.0;87.06865494706113;;162.6529440232626;;;;
2022-09-27 13:00:00;0.0;87.06865494706113;;163.9754160088852;;;;
2022-09-27 14:00:00;0.0;87.06865494706113;;162.4928592479131;;;;
2022-09-27 15:00:00;0.0;87.06865494706113;;158.2914474737133;;;;
2022-09-27 16:00:00;0.0;87.06865494706113;;151.6544003177709;;;;
2022-09-27 17:00:00;0.0;87.06865494706113;;143.0224807486666;;;;
2022-09-27 18:00:00;0.0;87.06865494706113;;132.9793487182398;;;;
2022-09-27 19:00:00;0.0;87.06865494706113;;122.1975072076793;;;;
2022-09-27 20:00:00;0.0;87.06865494706113;;111.4148604759634;;;;
2022-09-27 21:00:00;0.0;87.06865494706113;;101.3673576807576;;;;
2022-09-27 22:00:00;0.0;87.06865494706113;;92.75345665856544;;;;
2022-09-27 23:00:00;0.0;87.06865494706113;;86.27478298956558;;;;
2022-09-28 00:00:00;0.0;87.06865494706113;;82.28962567773519;;;;
2022-09-28 01:00:00;0.0;87.06865494706113;;81.09679457860821;;;;
2022-09-28 02:00:00;0.0;87.06865494706113;;82.7054492961875;;;;
2022-09-28 03:00:00;0.0;87.06865494706113;;87.13732209165903;;;;
2022-09-28 04:00:00;0.0;87.06865494706113;;94.11320266362716;;;;
2022-09-28 05:00:00;0.0;87.06865494706113;;103.1728076090767;;;;
2022-09-28 06:00:00;0.0;87.06865494706113;;113.7139751096993;;;;
2022-09-28 07:00:00;0.0;87.06865494706113;;125.0282519422732;;;;
2022-09-28 08:00:00;0.0;87.06865494706113;;136.3568993087393;;;;
2022-09-28 09:00:00;0.0;87.06865494706113;;146.9260152519681;;;;
2022-09-28 10:00:00;0.0;87.06865494706113;;156.01349951171;;;;
2022-09-28 11:00:00;0.0;87.06865494706113;;162.9927634377521;;;;
2022-09-28 12:00:00;0.0;87.06865494706113;;167.3911899369213;;;;
2022-09-28 13:00:00;0.0;87.06865494706113;;168.8994310796824;;;;
2022-09-28 14:00:00;0.0;87.06865494706113;;167.4118476556791;;;;
2022-09-28 15:00:00;0.0;87.06865494706113;;163.0281935170733;;;;
2022-09-28 16:00:00;0.0;87.06865494706113;;156.0506852327962;;;;
2022-09-28 17:00:00;0.0;87.06865494706113;;146.9553412825375;;;;
2022-09-28 18:00:00;0.0;87.06865494706113;;136.3687042117184;;;;
2022-09-28 19:00:00;0.0;87.06865494706113;;125.0099167407575;;;;
2022-09-28 20:00:00;0.0;87.06865494706113;;113.6527593740164;;;;
2022-09-28 21:00:00;0.0;87.06865494706113;;103.0582254142598;;;;
2022-09-28 22:00:00;0.0;87.06865494706113;;93.9419509120334;;;;
2022-09-28 23:00:00;0.0;87.06865494706113;;88.03212971342882;;;;
2022-09-29 00:00:00;0.0;87.06865494706113;;84.62899503624243;;;;
2022-09-29 01:00:00;0.0;87.06865494706113;;84.04721186143914;;;;
2022-09-29 02:00:00;0.0;87.06865494706113;;85.27330726182079;;;;
2022-09-29 03:00:00;0.0;87.06865494706113;;89.36450260472199;;;;
2022-09-29 04:00:00;0.0;87.06865494706113;;95.98975970165128;;;;
2022-09-29 05:00:00;0.0;87.06865494706113;;104.6503434200192;;;;
2022-09-29 06:00:00;0.0;87.06865494706113;;114.7128992166698;;;;
2022-09-29 07:00:00;0.0;87.06865494706113;;125.4488113784971;;;;
2022-09-29 08:00:00;0.0;87.06865494706113;;136.0885800686394;;;;
2022-09-29 09:00:00;0.0;87.06865494706113;;145.8753861172043;;;;
2022-09-29 10:00:00;0.0;87.06865494706113;;154.1211743270604;;;;
2022-09-29 11:00:00;0.0;87.06865494706113;;160.2534892952106;;;;
2022-09-29 12:00:00;0.0;87.06865494706113;;163.8429250842948;;;;
2022-09-29 13:00:00;0.0;87.06865494706113;;164.6458443579102;;;;
2022-09-29 14:00:00;0.0;87.06865494706113;;162.5968224758204;;;;
2022-09-29 15:00:00;0.0;87.06865494706113;;157.8327365315673;;;;
2022-09-29 16:00:00;0.0;87.06865494706113;;150.6633038851971;;;;
2022-09-29 17:00:00;0.0;87.06865494706113;;141.5720420333624;;;;
2022-09-29 18:00:00;0.0;87.06865494706113;;131.1602872350266;;;;
2022-09-29 19:00:00;0.0;87.06865494706113;;120.1087556175499;;;;
2022-09-29 20:00:00;0.0;87.06865494706113;;109.1400850622133;;;;
2022-09-29 21:00:00;0.0;87.06865494706113;;98.97955406534211;;;;
2022-09-29 22:00:00;0.0;87.06865494706113;;90.30013561231624;;;;
2022-09-29 23:00:00;0.0;87.06865494706113;;84.95558120299356;;;;
2022-09-30 00:00:00;0.0;87.06865494706113;;82.06231288424871;;;;
2022-09-30 01:00:00;0.0;87.06865494706113;;81.93793177191097;;;;
2022-09-30 02:00:00;0.0;87.06865494706113;;83.43714363744647;;;;
2022-09-30 03:00:00;0.0;87.06865494706113;;87.82159761604818;;;;
2022-09-30 04:00:00;0.0;87.06865494706113;;94.81904973633414;;;;
2022-09-30 05:00:00;0.0;87.06865494706113;;103.9724886145456;;;;
2022-09-30 06:00:00;0.0;87.06865494706113;;114.6988302233593;;;;
2022-09-30 07:00:00;0.0;87.06865494706113;;126.3016731674748;;;;
2022-09-30 08:00:00;0.0;87.06865494706113;;138.0386641333611;;;;
2022-09-30 09:00:00;0.0;87.06865494706113;;149.1503763334184;;;;
2022-09-30 10:00:00;0.0;87.06865494706113;;158.9113427025538;;;;
2022-09-30 11:00:00;0.0;87.06865494706113;;166.6943789562545;;;;
2022-09-30 12:00:00;0.0;87.06865494706113;;171.9861222679754;;;;
2022-09-30 13:00:00;0.0;87.06865494706113;;174.4525995738894;;;;
2022-09-30 14:00:00;0.0;87.06865494706113;;173.9250054545917;;;;
2022-09-30 15:00:00;0.0;87.06865494706113;;170.4598785493548;;;;
2022-09-30 16:00:00;0.0;87.06865494706113;;164.3022999205164;;;;
2022-09-30 17:00:00;0.0;87.06865494706113;;155.8916210627591;;;;
2022-09-30 18:00:00;0.0;87.06865494706113;;145.8207809477572;;;;
2022-09-30 19:00:00;0.0;87.06865494706113;;134.8082012882957;;;;
2022-09-30 20:00:00;0.0;87.06865494706113;;123.6540022647631;;;;
2022-09-30 21:00:00;0.0;87.06865494706113;;113.1794604734785;;;;
2022-09-30 22:00:00;0.0;87.06865494706113;;104.1782109997328;;;;
2022-09-30 23:00:00;0.0;87.06865494706113;;98.0626615561002;;;;
2022-10-01 00:00:00;0.0;87.06865494706113;;94.68187154768832;;;;
2022-10-01 01:00:00;0.0;87.06865494706113;;94.44720077417225;;;;
2022-10-01 02:00:00;0.0;87.06865494706113;;96.85344871317416;;;;
2022-10-01 03:00:00;0.0;87.06865494706113;;102.6007657691513;;;;
2022-10-01 04:00:00;0.0;87.06865494706113;;111.4013721638774;;;;
2022-10-01 05:00:00;0.0;87.06865494706113;;122.7613901440738;;;;
2022-10-01 06:00:00;0.0;87.06865494706113;;135.9860057081125;;;;
2022-10-01 07:00:00;0.0;87.06865494706113;;150.2534456128662;;;;
2022-10-01 08:00:00;0.0;87.06865494706113;;164.6372182768324;;;;
2022-10-01 09:00:00;0.0;87.06865494706113;;178.2047226597834;;;;
2022-10-01 10:00:00;0.0;87.06865494706113;;190.064269713429;;;;
2022-10-01 11:00:00;0.0;87.06865494706113;;199.4269037875239;;;;
2022-10-01 12:00:00;0.0;87.06865494706113;;205.6703399899142;;;;
2022-10-01 13:00:00;0.0;87.06865494706113;;208.3726226717922;;;;
2022-10-01 14:00:00;0.0;87.06865494706113;;207.3623135201643;;;;
2022-10-01 15:00:00;0.0;87.06865494706113;;202.7162547467428;;;;
2022-10-01 16:00:00;0.0;87.06865494706113;;194.7677777115869;;;;
2022-10-01 17:00:00;0.0;87.06865494706113;;184.0816811545486;;;;
2022-10-01 18:00:00;0.0;87.06865494706113;;171.42043417283;;;;
2022-10-01 19:00:00;0.0;87.06865494706113;;157.6695305629352;;;;
2022-10-01 20:00:00;0.0;87.06865494706113;;143.8111079178169;;;;
2022-10-01 21:00:00;0.0;87.06865494706113;;130.8086765379344;;;;
2022-10-01 22:00:00;0.0;87.06865494706113;;119.5981178926932;;;;
2022-10-01 23:00:00;0.0;87.06865494706113;;110.4367868052974;;;;
2022-10-02 00:00:00;0.0;87.06865494706113;;104.4638672537829;;;;
2022-10-02 01:00:00;0.0;87.06865494706113;;102.0316985565084;;;;
2022-10-02 02:00:00;0.0;87.06865494706113;;103.7729952921504;;;;
2022-10-02 03:00:00;0.0;87.06865494706113;;109.0103938328922;;;;
2022-10-02 04:00:00;0.0;87.06865494706113;;117.3550683441059;;;;
2022-10-02 05:00:00;0.0;87.06865494706113;;128.2087076648223;;;;
2022-10-02 06:00:00;0.0;87.06865494706113;;140.7949364927875;;;;
2022-10-02 07:00:00;0.0;87.06865494706113;;154.22765798395;;;;
2022-10-02 08:00:00;0.0;87.06865494706113;;167.5521025400692;;;;
2022-10-02 09:00:00;0.0;87.06865494706113;;179.8360143533626;;;;
2022-10-02 10:00:00;0.0;87.06865494706113;;190.2091950351815;;;;
2022-10-02 11:00:00;0.0;87.06865494706113;;197.9602935545745;;;;
2022-10-02 12:00:00;0.0;87.06865494706113;;202.5362655627953;;;;
2022-10-02 13:00:00;0.0;87.06865494706113;;203.6267000144623;;;;
2022-10-02 14:00:00;0.0;87.06865494706113;;201.1442408191015;;;;
2022-10-02 15:00:00;0.0;87.06865494706113;;195.2525792522557;;;;
2022-10-02 16:00:00;0.0;87.06865494706113;;186.3458748788449;;;;
2022-10-02 17:00:00;0.0;87.06865494706113;;175.0161375535061;;;;
2022-10-02 18:00:00;0.0;87.06865494706113;;162.0268756957129;;;;
2022-10-02 19:00:00;0.0;87.06865494706113;;148.232930614989;;;;
2022-10-02 20:00:00;0.0;87.06865494706113;;134.5363105228084;;;;
2022-10-02 21:00:00;0.0;87.06865494706113;;121.8322778575277;;;;
2022-10-02 22:00:00;0.0;87.06865494706113;;110.9539679729498;;;;
2022-10-02 23:00:00;0.0;87.06865494706113;;101.3352095459831;;;;
2022-10-03 00:00:00;0.0;87.06865494706113;;94.7823541100782;;;;
2022-10-03 01:00:00;0.0;87.06865494706113;;91.55720790494324;;;;
2022-10-03 02:00:00;0.0;87.06865494706113;;92.97166583892836;;;;
2022-10-03 03:00:00;0.0;87.06865494706113;;97.5609196470776;;;;
2022-10-03 04:00:00;0.0;87.06865494706113;;104.9795748621601;;;;
2022-10-03 05:00:00;0.0;87.06865494706113;;114.7019324072154;;;;
2022-10-03 06:00:00;0.0;87.06865494706113;;126.0545721069003;;;;
2022-10-03 07:00:00;0.0;87.06865494706113;;138.2530089750314;;;;
2022-10-03 08:00:00;0.0;87.06865494706113;;150.4654430465623;;;;
2022-10-03 09:00:00;0.0;87.06865494706113;;161.8669071966516;;;;
2022-10-03 10:00:00;0.0;87.06865494706113;;171.6779689389371;;;;
2022-10-03 11:00:00;0.0;87.06865494706113;;179.2360609983337;;;;
2022-10-03 12:00:00;0.0;87.06865494706113;;184.0208881188177;;;;
2022-10-03 13:00:00;0.0;87.06865494706113;;185.7186128147481;;;;
2022-10-03 14:00:00;0.0;87.06865494706113;;184.2119224279438;;;;
2022-10-03 15:00:00;0.0;87.06865494706113;;179.600451890228;;;;
2022-10-03 16:00:00;0.0;87.06865494706113;;172.1993245169317;;;;
2022-10-03 17:00:00;0.0;87.06865494706113;;162.5047781962085;;;;
2022-10-03 18:00:00;0.0;87.06865494706113;;151.1800260850742;;;;
2022-10-03 19:00:00;0.0;87.06865494706113;;138.9917761345457;;;;
2022-10-03 20:00:00;0.0;87.06865494706113;;126.7827013415508;;;;
2022-10-03 21:00:00;0.0;87.06865494706113;;115.3917051048435;;;;
2022-10-03 22:00:00;0.0;87.06865494706113;;105.6112995349989;;;;
2022-10-03 23:00:00;0.0;87.06865494706113;;97.1259144640552;;;;
2022-10-04 00:00:00;0.0;87.06865494706113;;91.48161533033326;;;;
2022-10-04 01:00:00;0.0;87.06865494706113;;88.98845358591211;;;;
2022-10-04 02:00:00;0.0;87.06865494706113;;90.7319829230794;;;;
2022-10-04 03:00:00;0.0;87.06865494706113;;95.56534626744514;;;;
2022-10-04 04:00:00;0.0;87.06865494706113;;103.1711865369549;;;;
2022-10-04 05:00:00;0.0;87.06865494706113;;113.0490429373987;;;;
2022-10-04 06:00:00;0.0;87.06865494706113;;124.5334069908815;;;;
2022-10-04 07:00:00;0.0;87.06865494706113;;136.8416391253509;;;;
2022-10-04 08:00:00;0.0;87.06865494706113;;149.1295679441887;;;;
2022-10-04 09:00:00;0.0;87.06865494706113;;160.5507538688155;;;;
2022-10-04 10:00:00;0.0;87.06865494706113;;170.3194735828446;;;;
2022-10-04 11:00:00;0.0;87.06865494706113;;177.7584462290949;;;;
2022-10-04 12:00:00;0.0;87.06865494706113;;182.3574333197899;;;;
2022-10-04 13:00:00;0.0;87.06865494706113;;183.7934562051647;;;;
2022-10-04 14:00:00;0.0;87.06865494706113;;181.9573065096349;;;;
2022-10-04 15:00:00;0.0;87.06865494706113;;176.9735621275735;;;;
2022-10-04 16:00:00;0.0;87.06865494706113;;169.176431381164;;;;
2022-10-04 17:00:00;0.0;87.06865494706113;;159.1000356090001;;;;
2022-10-04 18:00:00;0.0;87.06865494706113;;147.4212636468824;;;;
2022-10-04 19:00:00;0.0;87.06865494706113;;134.9339889285081;;;;
2022-10-04 20:00:00;0.0;87.06865494706113;;122.4769200038195;;;;
2022-10-04 21:00:00;0.0;87.06865494706113;;110.8779336314534;;;;
2022-10-04 22:00:00;0.0;87.06865494706113;;100.8961379956765;;;;
2022-10-04 23:00:00;0.0;87.06865494706113;;93.28598052606488;;;;
2022-10-05 00:00:00;0.0;87.06865494706113;;88.40117294937693;;;;
2022-10-05 01:00:00;0.0;87.06865494706113;;86.52243501802994;;;;
2022-10-05 02:00:00;0.0;87.06865494706113;;87.60047220430127;;;;
2022-10-05 03:00:00;0.0;87.06865494706113;;91.6096212105023;;;;
2022-10-05 04:00:00;0.0;87.06865494706113;;98.19748833187336;;;;
2022-10-05 05:00:00;0.0;87.06865494706113;;106.8304393033034;;;;
2022-10-05 06:00:00;0.0;87.06865494706113;;116.8386475529324;;;;
2022-10-05 07:00:00;0.0;87.06865494706113;;127.4782882300601;;;;
2022-10-05 08:00:00;0.0;87.06865494706113;;137.9668600523935;;;;
2022-10-05 09:00:00;0.0;87.06865494706113;;147.5471889535156;;;;
2022-10-05 10:00:00;0.0;87.06865494706113;;155.5199306020999;;;;
2022-10-05 11:00:00;0.0;87.06865494706113;;161.3175242968311;;;;
2022-10-05 12:00:00;0.0;87.06865494706113;;164.5173072250199;;;;
2022-10-05 13:00:00;0.0;87.06865494706113;;164.8892050117448;;;;
2022-10-05 14:00:00;0.0;87.06865494706113;;162.3960228330986;;;;
2022-10-05 15:00:00;0.0;87.06865494706113;;157.2041343525947;;;;
2022-10-05 16:00:00;0.0;87.06865494706113;;149.6491591628792;;;;
2022-10-05 17:00:00;0.0;87.06865494706113;;140.2261776958227;;;;
2022-10-05 18:00:00;0.0;87.06865494706113;;129.5393580282087;;;;
2022-10-05 19:00:00;0.0;87.06865494706113;;118.2817462325784;;;;
2022-10-05 20:00:00;0.0;87.06865494706113;;107.173213679077;;;;
2022-10-05 21:00:00;0.0;87.06865494706113;;96.91979058349138;;;;
2022-10-05 22:00:00;0.0;87.06865494706113;;88.16384054412879;;;;
2022-10-05 23:00:00;0.0;87.06865494706113;;82.5015835181658;;;;
2022-10-06 00:00:00;0.0;87.06865494706113;;79.25650836787752;;;;
2022-10-06 01:00:00;0.0;87.06865494706113;;78.71395142092817;;;;
2022-10-06 02:00:00;0.0;87.06865494706113;;79.92017469194502;;;;
2022-10-06 03:00:00;0.0;87.06865494706113;;83.88640048887058;;;;
2022-10-06 04:00:00;0.0;87.06865494706113;;90.31939020199349;;;;
2022-10-06 05:00:00;0.0;87.06865494706113;;98.773873942294;;;;
2022-10-06 06:00:00;0.0;87.06865494706113;;108.6774365777443;;;;
2022-10-06 07:00:00;0.0;87.06865494706113;;119.3696935017209;;;;
2022-10-06 08:00:00;0.0;87.06865494706113;;130.1395271044246;;;;
2022-10-06 09:00:00;0.0;87.06865494706113;;140.2758249389125;;;;
2022-10-06 10:00:00;0.0;87.06865494706113;;149.1067497537688;;;;
2022-10-06 11:00:00;0.0;87.06865494706113;;156.0592878801576;;;;
2022-10-06 12:00:00;0.0;87.06865494706113;;160.6768375975566;;;;
2022-10-06 13:00:00;0.0;87.06865494706113;;162.6575974177591;;;;
2022-10-06 14:00:00;0.0;87.06865494706113;;161.8732933782051;;;;
2022-10-06 15:00:00;0.0;87.06865494706113;;158.3707634584199;;;;
2022-10-06 16:00:00;0.0;87.06865494706113;;152.3977287519927;;;;
2022-10-06 17:00:00;0.0;87.06865494706113;;144.3687049660394;;;;
2022-10-06 18:00:00;0.0;87.06865494706113;;134.8461642962004;;;;
2022-10-06 19:00:00;0.0;87.06865494706113;;124.4999903912688;;;;
2022-10-06 20:00:00;0.0;87.06865494706113;;114.0604123937159;;;;
2022-10-06 21:00:00;0.0;87.06865494706113;;104.2855581211854;;;;
2022-10-06 22:00:00;0.0;87.06865494706113;;95.89518545920716;;;;
2022-10-06 23:00:00;0.0;87.06865494706113;;90.919230854307;;;;
2022-10-07 00:00:00;0.0;87.06865494706113;;88.46424137591822;;;;
2022-10-07 01:00:00;0.0;87.06865494706113;;88.93276467948127;;;;
2022-10-07 02:00:00;0.0;87.06865494706113;;91.14689891682453;;;;
2022-10-07 03:00:00;0.0;87.06865494706113;;96.5080374145761;;;;
2022-10-07 04:00:00;0.0;87.06865494706113;;104.7474142106982;;;;
2022-10-07 05:00:00;0.0;87.06865494706113;;115.3940686505858;;;;
2022-10-07 06:00:00;0.0;87.06865494706113;;127.8017017682065;;;;
2022-10-07 07:00:00;0.0;87.06865494706113;;141.1920961566383;;;;
2022-10-07 08:00:00;0.0;87.06865494706113;;154.7176322380885;;;;
2022-10-07 09:00:00;0.0;87.06865494706113;;167.4910704948393;;;;
2022-10-07 10:00:00;0.0;87.06865494706113;;178.6761396801321;;;;
2022-10-07 11:00:00;0.0;87.06865494706113;;187.5230275006197;;;;
2022-10-07 12:00:00;0.0;87.06865494706113;;193.4470800202339;;;;
2022-10-07 13:00:00;0.0;87.06865494706113;;196.055779593474;;;;
2022-10-07 14:00:00;0.0;87.06865494706113;;195.1769849372959;;;;
2022-10-07 15:00:00;0.0;87.06865494706113;;190.8916637079493;;;;
2022-10-07 16:00:00;0.0;87.06865494706113;;183.5051733237237;;;;
2022-10-07 17:00:00;0.0;87.06865494706113;;173.5433523616722;;;;
2022-10-07 18:00:00;0.0;87.06865494706113;;161.7048382997508;;;;
2022-10-07 19:00:00;0.0;87.06865494706113;;148.8366574430529;;;;
2022-10-07 20:00:00;0.0;87.06865494706113;;135.8543194265608;;;;
2022-10-07 21:00:00;0.0;87.06865494706113;;123.6868283886412;;;;
2022-10-07 22:00:00;0.0;87.06865494706113;;113.1963396676273;;;;
2022-10-07 23:00:00;0.0;87.06865494706113;;105.8966270041666;;;;
2022-10-08 00:00:00;0.0;87.06865494706113;;101.581762381165;;;;
2022-10-08 01:00:00;0.0;87.06865494706113;;100.6435662916964;;;;
2022-10-08 02:00:00;0.0;87.06865494706113;;102.47464663658;;;;
2022-10-08 03:00:00;0.0;87.06865494706113;;107.7728484984993;;;;
2022-10-08 04:00:00;0.0;87.06865494706113;;116.1701358674656;;;;
2022-10-08 05:00:00;0.0;87.06865494706113;;127.0858360111652;;;;
2022-10-08 06:00:00;0.0;87.06865494706113;;139.7555666536481;;;;
2022-10-08 07:00:00;0.0;87.06865494706113;;153.306299820758;;;;
2022-10-08 08:00:00;0.0;87.06865494706113;;166.8109819410345;;;;
2022-10-08 09:00:00;0.0;87.06865494706113;;179.3274187463888;;;;
2022-10-08 10:00:00;0.0;87.06865494706113;;189.9958287977354;;;;
2022-10-08 11:00:00;0.0;87.06865494706113;;198.0746003795141;;;;
2022-10-08 12:00:00;0.0;87.06865494706113;;203.0165514051307;;;;
2022-10-08 13:00:00;0.0;87.06865494706113;;204.4824132796858;;;;
2022-10-08 14:00:00;0.0;87.06865494706113;;202.3674261983435;;;;
2022-10-08 15:00:00;0.0;87.06865494706113;;196.8177999783629;;;;
2022-10-08 16:00:00;0.0;87.06865494706113;;188.2107068868132;;;;
2022-10-08 17:00:00;0.0;87.06865494706113;;177.1267165692437;;;;
2022-10-08 18:00:00;0.0;87.06865494706113;;164.3194134405458;;;;
2022-10-08 19:00:00;0.0;87.06865494706113;;150.6516566681832;;;;
2022-10-08 20:00:00;0.0;87.06865494706113;;137.0393169318219;;;;
2022-10-08 21:00:00;0.0;87.06865494706113;;124.3917919052597;;;;
2022-10-08 22:00:00;0.0;87.06865494706113;;113.5532632811882;;;;
2022-10-08 23:00:00;0.0;87.06865494706113;;104.7584624333263;;;;
2022-10-09 00:00:00;0.0;87.06865494706113;;99.0587842542838;;;;
2022-10-09 01:00:00;0.0;87.06865494706113;;96.78295822690636;;;;
2022-10-09 02:00:00;0.0;87.06865494706113;;98.52295216111942;;;;
2022-10-09 03:00:00;0.0;87.06865494706113;;103.6457359355659;;;;
2022-10-09 04:00:00;0.0;87.06865494706113;;111.8131692731016;;;;
2022-10-09 05:00:00;0.0;87.06865494706113;;122.4865903139628;;;;
2022-10-09 06:00:00;0.0;87.06865494706113;;134.9616403707446;;;;
2022-10-09 07:00:00;0.0;87.06865494706113;;148.4044380003704;;;;
2022-10-09 08:00:00;0.0;87.06865494706113;;161.9244484058243;;;;
2022-10-09 09:00:00;0.0;87.06865494706113;;174.6199608702756;;;;
2022-10-09 10:00:00;0.0;87.06865494706113;;185.6592882542767;;;;
2022-10-09 11:00:00;0.0;87.06865494706113;;194.3069138264502;;;;
2022-10-09 12:00:00;0.0;87.06865494706113;;199.982207200493;;;;
2022-10-09 13:00:00;0.0;87.06865494706113;;202.3068393667577;;;;
2022-10-09 14:00:00;0.0;87.06865494706113;;201.1349153311448;;;;
2022-10-09 15:00:00;0.0;87.06865494706113;;196.5557655116102;;;;
2022-10-09 16:00:00;0.0;87.06865494706113;;188.8805825784775;;;;
2022-10-09 17:00:00;0.0;87.06865494706113;;178.6425457140142;;;;
2022-10-09 18:00:00;0.0;87.06865494706113;;166.549359964314;;;;
2022-10-09 19:00:00;0.0;87.06865494706113;;153.4461556363032;;;;
2022-10-09 20:00:00;0.0;87.06865494706113;;140.245297678031;;;;
2022-10-09 21:00:00;0.0;87.06865494706113;;127.8891127844401;;;;
2022-10-09 22:00:00;0.0;87.06865494706113;;117.2646767583598;;;;
2022-10-09 23:00:00;0.0;87.06865494706113;;107.7995393309268;;;;
2022-10-10 00:00:00;0.0;87.06865494706113;;101.4767680555118;;;;
2022-10-10 01:00:00;0.0;87.06865494706113;;98.63684468792948;;;;
2022-10-10 02:00:00;0.0;87.06865494706113;;100.7373833061511;;;;
2022-10-10 03:00:00;0.0;87.06865494706113;;106.2667878924103;;;;
2022-10-10 04:00:00;0.0;87.06865494706113;;114.8991690747687;;;;
2022-10-10 05:00:00;0.0;87.06865494706113;;126.0821492318294;;;;
2022-10-10 06:00:00;0.0;87.06865494706113;;139.0844569862346;;;;
2022-10-10 07:00:00;0.0;87.06865494706113;;153.0406480432878;;;;
2022-10-10 08:00:00;0.0;87.06865494706113;;167.0035607658923;;;;
2022-10-10 09:00:00;0.0;87.06865494706113;;180.0223794440533;;;;
2022-10-10 10:00:00;0.0;87.06865494706113;;191.2050707130446;;;;
2022-10-10 11:00:00;0.0;87.06865494706113;;199.7867567044617;;;;
2022-10-10 12:00:00;0.0;87.06865494706113;;205.17621111844;;;;
2022-10-10 13:00:00;0.0;87.06865494706113;;206.9922678770158;;;;
2022-10-10 14:00:00;0.0;87.06865494706113;;205.1204733404639;;;;
2022-10-10 15:00:00;0.0;87.06865494706113;;199.6736244340839;;;;
2022-10-10 16:00:00;0.0;87.06865494706113;;191.0367459792397;;;;
2022-10-10 17:00:00;0.0;87.06865494706113;;179.7918236566934;;;;
2022-10-10 18:00:00;0.0;87.06865494706113;;166.7229010778303;;;;
2022-10-10 19:00:00;0.0;87.06865494706113;;152.7057898356133;;;;
2022-10-10 20:00:00;0.0;87.06865494706113;;138.6941534698814;;;;
2022-10-10 21:00:00;0.0;87.06865494706113;;125.6226523738683;;;;
2022-10-10 22:00:00;0.0;87.06865494706113;;114.3638030281357;;;;
2022-10-10 23:00:00;0.0;87.06865494706113;;104.5787660260301;;;;
2022-10-11 00:00:00;0.0;87.06865494706113;;97.90081262442642;;;;
2022-10-11 01:00:00;0.0;87.06865494706113;;94.61060406482896;;;;
2022-10-11 02:00:00;0.0;87.06865494706113;;95.80847322486444;;;;
2022-10-11 03:00:00;0.0;87.06865494706113;;100.2047181084566;;;;
2022-10-11 04:00:00;0.0;87.06865494706113;;107.4131390670233;;;;
2022-10-11 05:00:00;0.0;87.06865494706113;;116.8557199327002;;;;
2022-10-11 06:00:00;0.0;87.06865494706113;;127.7964709053987;;;;
2022-10-11 07:00:00;0.0;87.06865494706113;;139.411800507005;;;;
2022-10-11 08:00:00;0.0;87.06865494706113;;150.8418056493484;;;;
2022-10-11 09:00:00;0.0;87.06865494706113;;161.253615589687;;;;
2022-10-11 10:00:00;0.0;87.06865494706113;;169.8868543041966;;;;
2022-10-11 11:00:00;0.0;87.06865494706113;;176.1168745816462;;;;
2022-10-11 12:00:00;0.0;87.06865494706113;;179.4843418627982;;;;
2022-10-11 13:00:00;0.0;87.06865494706113;;179.7458367955516;;;;
2022-10-11 14:00:00;0.0;87.06865494706113;;176.8709180378738;;;;
2022-10-11 15:00:00;0.0;87.06865494706113;;171.042103201909;;;;
2022-10-11 16:00:00;0.0;87.06865494706113;;162.6357813953139;;;;
2022-10-11 17:00:00;0.0;87.06865494706113;;152.1977692642455;;;;
2022-10-11 18:00:00;0.0;87.06865494706113;;140.4093887208661;;;;
2022-10-11 19:00:00;0.0;87.06865494706113;;128.0241990668417;;;;
2022-10-11 20:00:00;0.0;87.06865494706113;;115.8217790854296;;;;
2022-10-11 21:00:00;0.0;87.06865494706113;;104.5637315515453;;;;
2022-10-11 22:00:00;0.0;87.06865494706113;;94.94740524812016;;;;
2022-10-11 23:00:00;0.0;87.06865494706113;;87.6548651404577;;;;
2022-10-12 00:00:00;0.0;87.06865494706113;;83.0005376118633;;;;
2022-10-12 01:00:00;0.0;87.06865494706113;;81.22607594723566;;;;
2022-10-12 02:00:00;0.0;87.06865494706113;;82.2903968497314;;;;
2022-10-12 03:00:00;0.0;87.06865494706113;;86.16819215067366;;;;
2022-10-12 04:00:00;0.0;87.06865494706113;;92.55235736687608;;;;
2022-10-12 05:00:00;0.0;87.06865494706113;;100.9626585205317;;;;
2022-10-12 06:00:00;0.0;87.06865494706113;;110.8018761237206;;;;
2022-10-12 07:00:00;0.0;87.06865494706113;;121.3843675715488;;;;
2022-10-12 08:00:00;0.0;87.06865494706113;;131.9808168814203;;;;
2022-10-12 09:00:00;0.0;87.06865494706113;;141.8794673531033;;;;
2022-10-12 10:00:00;0.0;87.06865494706113;;150.4020157557263;;;;
2022-10-12 11:00:00;0.0;87.06865494706113;;156.9822077854512;;;;
2022-10-12 12:00:00;0.0;87.06865494706113;;161.170319003981;;;;
2022-10-12 13:00:00;0.0;87.06865494706113;;162.6915680543925;;;;
2022-10-12 14:00:00;0.0;87.06865494706113;;161.4366463915784;;;;
2022-10-12 15:00:00;0.0;87.06865494706113;;157.4926156341826;;;;
2022-10-12 16:00:00;0.0;87.06865494706113;;151.1179114945347;;;;
2022-10-12 17:00:00;0.0;87.06865494706113;;142.7533168863834;;;;
2022-10-12 18:00:00;0.0;87.06865494706113;;132.9599846088919;;;;
2022-10-12 19:00:00;0.0;87.06865494706113;;122.413823003432;;;;
2022-10-12 20:00:00;0.0;87.06865494706113;;111.8354273986783;;;;
2022-10-12 21:00:00;0.0;87.06865494706113;;101.965165105959;;;;
2022-10-12 22:00:00;0.0;87.06865494706113;;93.50068672933996;;;;
2022-10-12 23:00:00;0.0;87.06865494706113;;88.19229326337282;;;;
2022-10-13 00:00:00;0.0;87.06865494706113;;85.36472207128743;;;;
2022-10-13 01:00:00;0.0;87.06865494706113;;85.38160501299016;;;;
2022-10-13 02:00:00;0.0;87.06865494706113;;87.27513021541817;;;;
2022-10-13 03:00:00;0.0;87.06865494706113;;92.17255444790774;;;;
2022-10-13 04:00:00;0.0;87.06865494706113;;99.7936024001775;;;;
2022-10-13 05:00:00;0.0;87.06865494706113;;109.674864096723;;;;
2022-10-13 06:00:00;0.0;87.06865494706113;;121.1849587870794;;;;
2022-10-13 07:00:00;0.0;87.06865494706113;;133.5851572100145;;;;
2022-10-13 08:00:00;0.0;87.06865494706113;;146.0644365919278;;;;
2022-10-13 09:00:00;0.0;87.06865494706113;;157.8000004813262;;;;
2022-10-13 10:00:00;0.0;87.06865494706113;;168.0070118303934;;;;
2022-10-13 11:00:00;0.0;87.06865494706113;;175.994465115149;;;;
2022-10-13 12:00:00;0.0;87.06865494706113;;181.2208279349512;;;;
2022-10-13 13:00:00;0.0;87.06865494706113;;183.3326327476605;;;;
2022-10-13 14:00:00;0.0;87.06865494706113;;182.1930946534259;;;;
2022-10-13 15:00:00;0.0;87.06865494706113;;177.8862443958732;;;;
2022-10-13 16:00:00;0.0;87.06865494706113;;170.7188421421504;;;;
2022-10-13 17:00:00;0.0;87.06865494706113;;161.190792749823;;;;
2022-10-13 18:00:00;0.0;87.06865494706113;;149.9706364778173;;;;
2022-10-13 19:00:00;0.0;87.06865494706113;;137.8397691885204;;;;
2022-10-13 20:00:00;0.0;87.06865494706113;;125.6483990742191;;;;
2022-10-13 21:00:00;0.0;87.06865494706113;;114.2458771315898;;;;
2022-10-13 22:00:00;0.0;87.06865494706113;;104.425688210637;;;;
2022-10-13 23:00:00;0.0;87.06865494706113;;98.3514713947548;;;;
2022-10-14 00:00:00;0.0;87.06865494706113;;95.03881240302852;;;;
2022-10-14 01:00:00;0.0;87.06865494706113;;94.8633645148058;;;;
2022-10-14 02:00:00;0.0;87.06865494706113;;96.50281726328956;;;;
2022-10-14 03:00:00;0.0;87.06865494706113;;101.4026859606996;;;;
2022-10-14 04:00:00;0.0;87.06865494706113;;109.2064240388158;;;;
2022-10-14 05:00:00;0.0;87.06865494706113;;119.3745166246816;;;;
2022-10-14 06:00:00;0.0;87.06865494706113;;131.1889562975426;;;;
2022-10-14 07:00:00;0.0;87.06865494706113;;143.8325109292207;;;;
2022-10-14 08:00:00;0.0;87.06865494706113;;156.4169872906868;;;;
2022-10-14 09:00:00;0.0;87.06865494706113;;168.0747959523706;;;;
2022-10-14 10:00:00;0.0;87.06865494706113;;178.0058230751309;;;;
2022-10-14 11:00:00;0.0;87.06865494706113;;185.5421970047219;;;;
2022-10-14 12:00:00;0.0;87.06865494706113;;190.1556775339928;;;;
2022-10-14 13:00:00;0.0;87.06865494706113;;191.536304496233;;;;
2022-10-14 14:00:00;0.0;87.06865494706113;;189.5723924448764;;;;
2022-10-14 15:00:00;0.0;87.06865494706113;;184.3977182899459;;;;
2022-10-14 16:00:00;0.0;87.06865494706113;;176.3718613177467;;;;
2022-10-14 17:00:00;0.0;87.06865494706113;;166.04095678742;;;;
2022-10-14 18:00:00;0.0;87.06865494706113;;154.113911661214;;;;
2022-10-14 19:00:00;0.0;87.06865494706113;;141.3757564947432;;;;
2022-10-14 20:00:00;0.0;87.06865494706113;;128.6886038366877;;;;
2022-10-14 21:00:00;0.0;87.06865494706113;;116.9055848223953;;;;
2022-10-14 22:00:00;0.0;87.06865494706113;;106.8196783239327;;;;
2022-10-14 23:00:00;0.0;87.06865494706113;;99.83306924904272;;;;
2022-10-15 00:00:00;0.0;87.06865494706113;;95.73536223735536;;;;
2022-10-15 01:00:00;0.0;87.06865494706113;;94.89534974482017;;;;
2022-10-15 02:00:00;0.0;87.06865494706113;;96.73377045133724;;;;
2022-10-15 03:00:00;0.0;87.06865494706113;;101.9129443952151;;;;
2022-10-15 04:00:00;0.0;87.06865494706113;;110.1123563160608;;;;
2022-10-15 05:00:00;0.0;87.06865494706113;;120.8214323554283;;;;
2022-10-15 06:00:00;0.0;87.06865494706113;;133.3508535505437;;;;
2022-10-15 07:00:00;0.0;87.06865494706113;;146.9020773474963;;;;
2022-10-15 08:00:00;0.0;87.06865494706113;;160.5848872622366;;;;
2022-10-15 09:00:00;0.0;87.06865494706113;;173.5223533694922;;;;
2022-10-15 10:00:00;0.0;87.06865494706113;;184.8632884244136;;;;
2022-10-15 11:00:00;0.0;87.06865494706113;;193.8886253892537;;;;
2022-10-15 12:00:00;0.0;87.06865494706113;;199.9865541935179;;;;
2022-10-15 13:00:00;0.0;87.06865494706113;;202.7655876543244;;;;
2022-10-15 14:00:00;0.0;87.06865494706113;;202.0311967179389;;;;
2022-10-15 15:00:00;0.0;87.06865494706113;;197.8708710365317;;;;
2022-10-15 16:00:00;0.0;87.06865494706113;;190.5734507496108;;;;
2022-10-15 17:00:00;0.0;87.06865494706113;;180.6659571314966;;;;
2022-10-15 18:00:00;0.0;87.06865494706113;;168.8332943423546;;;;
2022-10-15 19:00:00;0.0;87.06865494706113;;155.923996448055;;;;
2022-10-15 20:00:00;0.0;87.06865494706113;;142.8641628613947;;;;
2022-10-15 21:00:00;0.0;87.06865494706113;;130.6055432396826;;;;
2022-10-15 22:00:00;0.0;87.06865494706113;;120.0590873443911;;;;
2022-10-15 23:00:00;0.0;87.06865494706113;;111.5001121974879;;;;
2022-10-16 00:00:00;0.0;87.06865494706113;;106.1177414702886;;;;
2022-10-16 01:00:00;0.0;87.06865494706113;;104.3215708583938;;;;
2022-10-16 02:00:00;0.0;87.06865494706113;;106.8073114471439;;;;
2022-10-16 03:00:00;0.0;87.06865494706113;;112.9481485493282;;;;
2022-10-16 04:00:00;0.0;87.06865494706113;;122.4212910277921;;;;
2022-10-16 05:00:00;0.0;87.06865494706113;;134.6649067855029;;;;
2022-10-16 06:00:00;0.0;87.06865494706113;;148.9125074871906;;;;
2022-10-16 07:00:00;0.0;87.06865494706113;;164.2484211807755;;;;
2022-10-16 08:00:00;0.0;87.06865494706113;;179.6630300928676;;;;
2022-10-16 09:00:00;0.0;87.06865494706113;;194.1337018225706;;;;
2022-10-16 10:00:00;0.0;87.06865494706113;;206.6792769189615;;;;
2022-10-16 11:00:00;0.0;87.06865494706113;;216.4609415656215;;;;
2022-10-16 12:00:00;0.0;87.06865494706113;;222.8125264978361;;;;
2022-10-16 13:00:00;0.0;87.06865494706113;;225.2969807009449;;;;
2022-10-16 14:00:00;0.0;87.06865494706113;;223.7488282212281;;;;
2022-10-16 15:00:00;0.0;87.06865494706113;;218.2832266443371;;;;
2022-10-16 16:00:00;0.0;87.06865494706113;;209.2973173184785;;;;
2022-10-16 17:00:00;0.0;87.06865494706113;;197.4160567493585;;;;
2022-10-16 18:00:00;0.0;87.06865494706113;;183.4597662230422;;;;
2022-10-16 19:00:00;0.0;87.06865494706113;;168.3956519338183;;;;
2022-10-16 20:00:00;0.0;87.06865494706113;;153.2617374884222;;;;
2022-10-16 21:00:00;0.0;87.06865494706113;;139.1069348228407;;;;
2022-10-16 22:00:00;0.0;87.06865494706113;;126.9001349993872;;;;
2022-10-16 23:00:00;0.0;87.06865494706113;;116.0211907834704;;;;
2022-10-17 00:00:00;0.0;87.06865494706113;;108.567507288234;;;;
2022-10-17 01:00:00;0.0;87.06865494706113;;104.8571040666385;;;;
2022-10-17 02:00:00;0.0;87.06865494706113;;106.3992771828941;;;;
2022-10-17 03:00:00;0.0;87.06865494706113;;111.4994636099835;;;;
2022-10-17 04:00:00;0.0;87.06865494706113;;119.7524697459159;;;;
2022-10-17 05:00:00;0.0;87.06865494706113;;130.5199865279892;;;;
2022-10-17 06:00:00;0.0;87.06865494706113;;143.0031787889942;;;;
2022-10-17 07:00:00;0.0;87.06865494706113;;156.2780638058966;;;;
2022-10-17 08:00:00;0.0;87.06865494706113;;169.3809951025376;;;;
2022-10-17 09:00:00;0.0;87.06865494706113;;181.3715103911911;;;;
2022-10-17 10:00:00;0.0;87.06865494706113;;191.3865165735908;;;;
2022-10-17 11:00:00;0.0;87.06865494706113;;198.713826709188;;;;
2022-10-17 12:00:00;0.0;87.06865494706113;;202.8165927003379;;;;
2022-10-17 13:00:00;0.0;87.06865494706113;;203.4107603418709;;;;
2022-10-17 14:00:00;0.0;87.06865494706113;;200.4428326594184;;;;
2022-10-17 15:00:00;0.0;87.06865494706113;;194.0962519770117;;;;
2022-10-17 16:00:00;0.0;87.06865494706113;;184.7902731082398;;;;
2022-10-17 17:00:00;0.0;87.06865494706113;;173.1320689887223;;;;
2022-10-17 18:00:00;0.0;87.06865494706113;;159.8947107724009;;;;
2022-10-17 19:00:00;0.0;87.06865494706113;;145.9327471148786;;;;
2022-10-17 20:00:00;0.0;87.06865494706113;;132.1367008571896;;;;
2022-10-17 21:00:00;0.0;87.06865494706113;;119.3852466677363;;;;
2022-10-17 22:00:00;0.0;87.06865494706113;;108.4707727949944;;;;
2022-10-17 23:00:00;0.0;87.06865494706113;;99.05362729344962;;;;
2022-10-18 00:00:00;0.0;87.06865494706113;;92.6587559724302;;;;
2022-10-18 01:00:00;0.0;87.06865494706113;;89.53322381426457;;;;
2022-10-18 02:00:00;0.0;87.06865494706113;;90.72221717859316;;;;
2022-10-18 03:00:00;0.0;87.06865494706113;;95.00379040740997;;;;
2022-10-18 04:00:00;0.0;87.06865494706113;;102.028290914879;;;;
2022-10-18 05:00:00;0.0;87.06865494706113;;111.2686048329702;;;;
2022-10-18 06:00:00;0.0;87.06865494706113;;122.0626228676684;;;;
2022-10-18 07:00:00;0.0;87.06865494706113;;133.6550567500026;;;;
2022-10-18 08:00:00;0.0;87.06865494706113;;145.2380604583212;;;;
2022-10-18 09:00:00;0.0;87.06865494706113;;156.0109645458486;;;;
2022-10-18 10:00:00;0.0;87.06865494706113;;165.2311345485653;;;;
2022-10-18 11:00:00;0.0;87.06865494706113;;172.2742165039404;;;;
2022-10-18 12:00:00;0.0;87.06865494706113;;176.6635515948054;;;;
2022-10-18 13:00:00;0.0;87.06865494706113;;178.1007900165888;;;;
2022-10-18 14:00:00;0.0;87.06865494706113;;176.4839811750848;;;;
2022-10-18 15:00:00;0.0;87.06865494706113;;171.9176969322759;;;;
2022-10-18 16:00:00;0.0;87.06865494706113;;164.7008671343658;;;;
2022-10-18 17:00:00;0.0;87.06865494706113;;155.3208060978193;;;;
2022-10-18 18:00:00;0.0;87.06865494706113;;144.4072131805184;;;;
2022-10-18 19:00:00;0.0;87.06865494706113;;132.7002981646179;;;;
2022-10-18 20:00:00;0.0;87.06865494706113;;120.9960350938912;;;;
2022-10-18 21:00:00;0.0;87.06865494706113;;110.0903934755232;;;;
2022-10-18 22:00:00;0.0;87.06865494706113;;100.7395010321668;;;;
2022-10-18 23:00:00;0.0;87.06865494706113;;93.69957202397754;;;;
2022-10-19 00:00:00;0.0;87.06865494706113;;89.36679317945584;;;;
2022-10-19 01:00:00;0.0;87.06865494706113;;88.06746069826218;;;;
2022-10-19 02:00:00;0.0;87.06865494706113;;89.81107944124247;;;;
2022-10-19 03:00:00;0.0;87.06865494706113;;94.61719748620244;;;;
2022-10-19 04:00:00;0.0;87.06865494706113;;102.1825559397931;;;;
2022-10-19 05:00:00;0.0;87.06865494706113;;112.0123515394822;;;;
2022-10-19 06:00:00;0.0;87.06865494706113;;123.4537417440319;;;;
2022-10-19 07:00:00;0.0;87.06865494706113;;135.7419421012975;;;;
2022-10-19 08:00:00;0.0;87.06865494706113;;148.0372044199779;;;;
2022-10-19 09:00:00;0.0;87.06865494706113;;159.5065412939119;;;;
2022-10-19 10:00:00;0.0;87.06865494706113;;169.3686859422958;;;;
2022-10-19 11:00:00;0.0;87.06865494706113;;176.957878590825;;;;
2022-10-19 12:00:00;0.0;87.06865494706113;;181.7383660325426;;;;
2022-10-19 13:00:00;0.0;87.06865494706113;;183.3777095664905;;;;
2022-10-19 14:00:00;0.0;87.06865494706113;;181.7589689794021;;;;
2022-10-19 15:00:00;0.0;87.06865494706113;;176.9972626729812;;;;
2022-10-19 16:00:00;0.0;87.06865494706113;;169.4209630250731;;;;
2022-10-19 17:00:00;0.0;87.06865494706113;;159.5489271056834;;;;
2022-10-19 18:00:00;0.0;87.06865494706113;;148.0564094601272;;;;
2022-10-19 19:00:00;0.0;87.06865494706113;;135.7244447970481;;;;
2022-10-19 20:00:00;0.0;87.06865494706113;;123.3904234407287;;;;
2022-10-19 21:00:00;0.0;87.06865494706113;;111.8950370868791;;;;
2022-10-19 22:00:00;0.0;87.06865494706113;;102.0002182185284;;;;
2022-10-19 23:00:00;0.0;87.06865494706113;;95.58087869083576;;;;
2022-10-20 00:00:00;0.0;87.06865494706113;;91.87980717162948;;;;
2022-10-20 01:00:00;0.0;87.06865494706113;;91.23792565633936;;;;
2022-10-20 02:00:00;0.0;87.06865494706113;;92.5640015971732;;;;
2022-10-20 03:00:00;0.0;87.06865494706113;;97.00438280469794;;;;
2022-10-20 04:00:00;0.0;87.06865494706113;;104.2047311299182;;;;
2022-10-20 05:00:00;0.0;87.06865494706113;;113.6215034437216;;;;
2022-10-20 06:00:00;0.0;87.06865494706113;;124.5562730751881;;;;
2022-10-20 07:00:00;0.0;87.06865494706113;;136.2218743792423;;;;
2022-10-20 08:00:00;0.0;87.06865494706113;;147.7713914158521;;;;
2022-10-20 09:00:00;0.0;87.06865494706113;;158.4030609107485;;;;
2022-10-20 10:00:00;0.0;87.06865494706113;;167.3630560288674;;;;
2022-10-20 11:00:00;0.0;87.06865494706113;;174.0309789949949;;;;
2022-10-20 12:00:00;0.0;87.06865494706113;;177.9342528455353;;;;
2022-10-20 13:00:00;0.0;87.06865494706113;;178.8073492118353;;;;
2022-10-20 14:00:00;0.0;87.06865494706113;;176.5801878244424;;;;
2022-10-20 15:00:00;0.0;87.06865494706113;;171.4025289365448;;;;
2022-10-20 16:00:00;0.0;87.06865494706113;;163.6089382253774;;;;
2022-10-20 17:00:00;0.0;87.06865494706113;;153.724990175202;;;;
2022-10-20 18:00:00;0.0;87.06865494706113;;142.4033402323012;;;;
2022-10-20 19:00:00;0.0;87.06865494706113;;130.3965086351191;;;;
2022-10-20 20:00:00;0.0;87.06865494706113;;118.4927708299986;;;;
2022-10-20 21:00:00;0.0;87.06865494706113;;107.4679646443599;;;;
2022-10-20 22:00:00;0.0;87.06865494706113;;98.04581127162984;;;;
2022-10-20 23:00:00;0.0;87.06865494706113;;92.23480702501658;;;;
2022-10-21 00:00:00;0.0;87.06865494706113;;89.08634399069587;;;;
2022-10-21 01:00:00;0.0;87.06865494706113;;88.94680015553232;;;;
2022-10-21 02:00:00;0.0;87.06865494706113;;90.57537645820469;;;;
2022-10-21 03:00:00;0.0;87.06865494706113;;95.33922434031912;;;;
2022-10-21 04:00:00;0.0;87.06865494706113;;102.9341619629161;;;;
2022-10-21 05:00:00;0.0;87.06865494706113;;112.8718922209787;;;;
2022-10-21 06:00:00;0.0;87.06865494706113;;124.5159410523156;;;;
2022-10-21 07:00:00;0.0;87.06865494706113;;137.1131354134195;;;;
2022-10-21 08:00:00;0.0;87.06865494706113;;149.8467746885585;;;;
2022-10-21 09:00:00;0.0;87.06865494706113;;161.8980330758953;;;;
2022-10-21 10:00:00;0.0;87.06865494706113;;172.4832751045994;;;;
2022-10-21 11:00:00;0.0;87.06865494706113;;180.9191618525318;;;;
2022-10-21 12:00:00;0.0;87.06865494706113;;186.6521896155846;;;;
2022-10-21 13:00:00;0.0;87.06865494706113;;189.3144837061608;;;;
2022-10-21 14:00:00;0.0;87.06865494706113;;188.7417050598004;;;;
2022-10-21 15:00:00;0.0;87.06865494706113;;184.9842908251818;;;;
2022-10-21 16:00:00;0.0;87.06865494706113;;178.3142678946519;;;;
2022-10-21 17:00:00;0.0;87.06865494706113;;169.1941477336887;;;;
2022-10-21 18:00:00;0.0;87.06865494706113;;158.2699253935128;;;;
2022-10-21 19:00:00;0.0;87.06865494706113;;146.3221122531008;;;;
2022-10-21 20:00:00;0.0;87.06865494706113;;134.2192451958318;;;;
2022-10-21 21:00:00;0.0;87.06865494706113;;122.8545556888904;;;;
2022-10-21 22:00:00;0.0;87.06865494706113;;113.0819166931897;;;;
2022-10-21 23:00:00;0.0;87.06865494706113;;106.4372799612159;;;;
2022-10-22 00:00:00;0.0;87.06865494706113;;102.7604775876468;;;;
2022-10-22 01:00:00;0.0;87.06865494706113;;102.5012465318889;;;;
2022-10-22 02:00:00;0.0;87.06865494706113;;105.117834379237;;;;
2022-10-22 03:00:00;0.0;87.06865494706113;;111.3543867288848;;;;
2022-10-22 04:00:00;0.0;87.06865494706113;;120.9018869597136;;;;
2022-10-22 05:00:00;0.0;87.06865494706113;;133.2217363006365;;;;
2022-10-22 06:00:00;0.0;87.06865494706113;;147.5710575807014;;;;
2022-10-22 07:00:00;0.0;87.06865494706113;;163.0550317258245;;;;
2022-10-22 08:00:00;0.0;87.06865494706113;;178.6752237831246;;;;
2022-10-22 09:00:00;0.0;87.06865494706113;;193.4104702972722;;;;
2022-10-22 10:00:00;0.0;87.06865494706113;;206.2935883797622;;;;
2022-10-22 11:00:00;0.0;87.06865494706113;;216.4678950895205;;;;
2022-10-22 12:00:00;0.0;87.06865494706113;;223.2564845346977;;;;
2022-10-22 13:00:00;0.0;87.06865494706113;;226.1959585964542;;;;
2022-10-22 14:00:00;0.0;87.06865494706113;;225.102100541048;;;;
2022-10-22 15:00:00;0.0;87.06865494706113;;220.0588727382426;;;;
2022-10-22 16:00:00;0.0;87.06865494706113;;211.4354396212748;;;;
2022-10-22 17:00:00;0.0;87.06865494706113;;199.8343501901373;;;;
2022-10-22 18:00:00;0.0;87.06865494706113;;186.0883873810949;;;;
2022-10-22 19:00:00;0.0;87.06865494706113;;171.1665576602381;;;;
2022-10-22 20:00:00;0.0;87.06865494706113;;156.1227624065233;;;;
2022-10-22 21:00:00;0.0;87.06865494706113;;142.0202828856681;;;;
2022-10-22 22:00:00;0.0;87.06865494706113;;129.8529056214458;;;;
2022-10-22 23:00:00;0.0;87.06865494706113;;119.9042804122195;;;;
2022-10-23 00:00:00;0.0;87.06865494706113;;113.4137952440377;;;;
2022-10-23 01:00:00;0.0;87.06865494706113;;110.7698790800006;;;;
2022-10-23 02:00:00;0.0;87.06865494706113;;112.6686031456729;;;;
2022-10-23 03:00:00;0.0;87.06865494706113;;118.3501177237524;;;;
2022-10-23 04:00:00;0.0;87.06865494706113;;127.4056850920425;;;;
2022-10-23 05:00:00;0.0;87.06865494706113;;139.185247246734;;;;
2022-10-23 06:00:00;0.0;87.06865494706113;;152.8578225554172;;;;
2022-10-23 07:00:00;0.0;87.06865494706113;;167.4574799306266;;;;
2022-10-23 08:00:00;0.0;87.06865494706113;;181.9491872203286;;;;
2022-10-23 09:00:00;0.0;87.06865494706113;;195.3071328251082;;;;
2022-10-23 10:00:00;0.0;87.06865494706113;;206.5840145976333;;;;
2022-10-23 11:00:00;0.0;87.06865494706113;;214.9968387206875;;;;
2022-10-23 12:00:00;0.0;87.06865494706113;;219.9590507217032;;;;
2022-10-23 13:00:00;0.0;87.06865494706113;;221.135311307737;;;;
2022-10-23 14:00:00;0.0;87.06865494706113;;218.4292983636362;;;;
2022-10-23 15:00:00;0.0;87.06865494706113;;212.0272369194282;;;;
2022-10-23 16:00:00;0.0;87.06865494706113;;202.3560478949403;;;;
2022-10-23 17:00:00;0.0;87.06865494706113;;190.0602802707454;;;;
2022-10-23 18:00:00;0.0;87.06865494706113;;175.9491102658904;;;;
2022-10-23 19:00:00;0.0;87.06865494706113;;160.960772647995;;;;
2022-10-23 20:00:00;0.0;87.06865494706113;;146.0838686600605;;;;
2022-10-23 21:00:00;0.0;87.06865494706113;;132.2979332544379;;;;
2022-10-23 22:00:00;0.0;87.06865494706113;;120.4900649062697;;;;
2022-10-23 23:00:00;0.0;87.06865494706113;;110.0413305401852;;;;
2022-10-24 00:00:00;0.0;87.06865494706113;;102.9169900672668;;;;
2022-10-24 01:00:00;0.0;87.06865494706113;;99.40739325969318;;;;
2022-10-24 02:00:00;0.0;87.06865494706113;;100.9414027575714;;;;
2022-10-24 03:00:00;0.0;87.06865494706113;;105.9256375546556;;;;
2022-10-24 04:00:00;0.0;87.06865494706113;;113.9881773995864;;;;
2022-10-24 05:00:00;0.0;87.06865494706113;;124.5556502316951;;;;
2022-10-24 06:00:00;0.0;87.06865494706113;;136.884509020427;;;;
2022-10-24 07:00:00;0.0;87.06865494706113;;150.1335985187328;;;;
2022-10-24 08:00:00;0.0;87.06865494706113;;163.3875527105786;;;;
2022-10-24 09:00:00;0.0;87.06865494706113;;175.7559238709068;;;;
2022-10-24 10:00:00;0.0;87.06865494706113;;186.4012733553587;;;;
2022-10-24 11:00:00;0.0;87.06865494706113;;194.6070967714134;;;;
2022-10-24 12:00:00;0.0;87.06865494706113;;199.8136644384473;;;;
2022-10-24 13:00:00;0.0;87.06865494706113;;201.6571098379217;;;;
2022-10-24 14:00:00;0.0;87.06865494706113;;200.01589331534;;;;
2022-10-24 15:00:00;0.0;87.06865494706113;;195.0052479932645;;;;
2022-10-24 16:00:00;0.0;87.06865494706113;;186.9650406574423;;;;
2022-10-24 17:00:00;0.0;87.06865494706113;;176.4426840708436;;;;
2022-10-24 18:00:00;0.0;87.06865494706113;;164.1424032882084;;;;
2022-10-24 19:00:00;0.0;87.06865494706113;;150.9061767543373;;;;
2022-10-24 20:00:00;0.0;87.06865494706113;;137.6359369322592;;;;
2022-10-24 21:00:00;0.0;87.06865494706113;;125.2568822590992;;;;
2022-10-24 22:00:00;0.0;87.06865494706113;;114.6308706826873;;;;
2022-10-24 23:00:00;0.0;87.06865494706113;;105.4147231537932;;;;
2022-10-25 00:00:00;0.0;87.06865494706113;;99.28202972055396;;;;
2022-10-25 01:00:00;0.0;87.06865494706113;;96.56462590830957;;;;
2022-10-25 02:00:00;0.0;87.06865494706113;;98.44467971169452;;;;
2022-10-25 03:00:00;0.0;87.06865494706113;;103.6820014552302;;;;
2022-10-25 04:00:00;0.0;87.06865494706113;;111.9299519368457;;;;
2022-10-25 05:00:00;0.0;87.06865494706113;;122.643931298001;;;;
2022-10-25 06:00:00;0.0;87.06865494706113;;135.0924967483848;;;;
2022-10-25 07:00:00;0.0;87.06865494706113;;148.4333592059652;;;;
2022-10-25 08:00:00;0.0;87.06865494706113;;161.7574151118249;;;;
2022-10-25 09:00:00;0.0;87.06865494706113;;174.1427571917121;;;;
2022-10-25 10:00:00;0.0;87.06865494706113;;184.7508015472341;;;;
2022-10-25 11:00:00;0.0;87.06865494706113;;192.8338687945296;;;;
2022-10-25 12:00:00;0.0;87.06865494706113;;197.8364668970586;;;;
2022-10-25 13:00:00;0.0;87.06865494706113;;199.3962085232617;;;;
2022-10-25 14:00:00;0.0;87.06865494706113;;197.4042376634856;;;;
2022-10-25 15:00:00;0.0;87.06865494706113;;191.9954613922829;;;;
2022-10-25 16:00:00;0.0;87.06865494706113;;183.5323871370574;;;;
2022-10-25 17:00:00;0.0;87.06865494706113;;172.5965874330485;;;;
2022-10-25 18:00:00;0.0;87.06865494706113;;159.9289350572574;;;;
2022-10-25 19:00:00;0.0;87.06865494706113;;146.3853755258611;;;;
2022-10-25 20:00:00;0.0;87.06865494706113;;132.8730130577834;;;;
2022-10-25 21:00:00;0.0;87.06865494706113;;120.2913709725099;;;;
2022-10-25 22:00:00;0.0;87.06865494706113;;109.4621200623034;;;;
2022-10-25 23:00:00;0.0;87.06865494706113;;101.1965480076794;;;;
2022-10-26 00:00:00;0.0;87.06865494706113;;95.885888403726;;;;
2022-10-26 01:00:00;0.0;87.06865494706113;;93.83705240080216;;;;
2022-10-26 02:00:00;0.0;87.06865494706113;;95.0045893607921;;;;
2022-10-26 03:00:00;0.0;87.06865494706113;;99.34927138875074;;;;
2022-10-26 04:00:00;0.0;87.06865494706113;;106.4867659236382;;;;
2022-10-26 05:00:00;0.0;87.06865494706113;;115.8475237960159;;;;
2022-10-26 06:00:00;0.0;87.06865494706113;;126.7109286424304;;;;
2022-10-26 07:00:00;0.0;87.06865494706113;;138.2620773751066;;;;
2022-10-26 08:00:00;0.0;87.06865494706113;;149.6484023749472;;;;
2022-10-26 09:00:00;0.0;87.06865494706113;;160.0373124376094;;;;
2022-10-26 10:00:00;0.0;87.06865494706113;;168.6776939326934;;;;
2022-10-26 11:00:00;0.0;87.06865494706113;;174.9484779021903;;;;
2022-10-26 12:00:00;0.0;87.06865494706113;;178.4033975271691;;;;
2022-10-26 13:00:00;0.0;87.06865494706113;;178.7943318669373;;;;
2022-10-26 14:00:00;0.0;87.06865494706113;;176.0865024225338;;;;
2022-10-26 15:00:00;0.0;87.06865494706113;;170.4550700906553;;;;
2022-10-26 16:00:00;0.0;87.06865494706113;;162.2616447019674;;;;
2022-10-26 17:00:00;0.0;87.06865494706113;;152.0438373889321;;;;
2022-10-26 18:00:00;0.0;87.06865494706113;;140.4557526510076;;;;
2022-10-26 19:00:00;0.0;87.06865494706113;;128.2493135038865;;;;
2022-10-26 20:00:00;0.0;87.06865494706113;;116.1984107704143;;;;
2022-10-26 21:00:00;0.0;87.06865494706113;;105.0757261227154;;;;
2022-10-26 22:00:00;0.0;87.06865494706113;;95.57672340152928;;;;
2022-10-26 23:00:00;0.0;87.06865494706113;;89.42509402378897;;;;
2022-10-27 00:00:00;0.0;87.06865494706113;;85.89942545019872;;;;
2022-10-27 01:00:00;0.0;87.06865494706113;;85.30266177246304;;;;
2022-10-27 02:00:00;0.0;87.06865494706113;;86.61328628809383;;;;
2022-10-27 03:00:00;0.0;87.06865494706113;;90.90475805575056;;;;
2022-10-27 04:00:00;0.0;87.06865494706113;;97.87067516092694;;;;
2022-10-27 05:00:00;0.0;87.06865494706113;;107.0275938875038;;;;
2022-10-27 06:00:00;0.0;87.06865494706113;;117.7559452133072;;;;
2022-10-27 07:00:00;0.0;87.06865494706113;;129.3373442030887;;;;
2022-10-27 08:00:00;0.0;87.06865494706113;;141.0000219098544;;;;
2022-10-27 09:00:00;0.0;87.06865494706113;;151.9771183257123;;;;
2022-10-27 10:00:00;0.0;87.06865494706113;;161.544000011633;;;;
2022-10-27 11:00:00;0.0;87.06865494706113;;169.0775184371147;;;;
2022-10-27 12:00:00;0.0;87.06865494706113;;174.0740965434401;;;;
2022-10-27 13:00:00;0.0;87.06865494706113;;176.2077880492471;;;;
2022-10-27 14:00:00;0.0;87.06865494706113;;175.3430306378823;;;;
2022-10-27 15:00:00;0.0;87.06865494706113;;171.5496589286528;;;;
2022-10-27 16:00:00;0.0;87.06865494706113;;165.0885361010759;;;;
2022-10-27 17:00:00;0.0;87.06865494706113;;156.3948990159586;;;;
2022-10-27 18:00:00;0.0;87.06865494706113;;146.0803385873652;;;;
2022-10-27 19:00:00;0.0;87.06865494706113;;134.8718679940612;;;;
2022-10-27 20:00:00;0.0;87.06865494706113;;123.5711329317585;;;;
2022-10-27 21:00:00;0.0;87.06865494706113;;112.9872994896006;;;;
2022-10-27 22:00:00;0.0;87.06865494706113;;103.9005247342227;;;;
2022-10-27 23:00:00;0.0;87.06865494706113;;98.50068165672216;;;;
2022-10-28 00:00:00;0.0;87.06865494706113;;95.83232085915272;;;;
2022-10-28 01:00:00;0.0;87.06865494706113;;96.33208137627874;;;;
2022-10-28 02:00:00;0.0;87.06865494706113;;98.72840899835543;;;;
2022-10-28 03:00:00;0.0;87.06865494706113;;104.5357839084613;;;;
2022-10-28 04:00:00;0.0;87.06865494706113;;113.4593584828917;;;;
2022-10-28 05:00:00;0.0;87.06865494706113;;124.9914212004545;;;;
2022-10-28 06:00:00;0.0;87.06865494706113;;138.4333038518334;;;;
2022-10-28 07:00:00;0.0;87.06865494706113;;152.9415284236026;;;;
2022-10-28 08:00:00;0.0;87.06865494706113;;167.5920832213437;;;;
2022-10-28 09:00:00;0.0;87.06865494706113;;181.4271340249588;;;;
2022-10-28 10:00:00;0.0;87.06865494706113;;193.5384765547653;;;;
2022-10-28 11:00:00;0.0;87.06865494706113;;203.1182258483373;;;;
2022-10-28 12:00:00;0.0;87.06865494706113;;209.5406101608662;;;;
2022-10-28 13:00:00;0.0;87.06865494706113;;212.3745371364175;;;;
2022-10-28 14:00:00;0.0;87.06865494706113;;211.4420776619845;;;;
2022-10-28 15:00:00;0.0;87.06865494706113;;206.8104825187572;;;;
2022-10-28 16:00:00;0.0;87.06865494706113;;198.8201685286737;;;;
2022-10-28 17:00:00;0.0;87.06865494706113;;188.0371815307795;;;;
2022-10-28 18:00:00;0.0;87.06865494706113;;175.2267617819356;;;;
2022-10-28 19:00:00;0.0;87.06865494706113;;161.300692656982;;;;
2022-10-28 20:00:00;0.0;87.06865494706113;;147.2421747792175;;;;
2022-10-28 21:00:00;0.0;87.06865494706113;;134.0594003372603;;;;
2022-10-28 22:00:00;0.0;87.06865494706113;;122.6854469507744;;;;
2022-10-28 23:00:00;0.0;87.06865494706113;;114.7608886991385;;;;
2022-10-29 00:00:00;0.0;87.06865494706113;;110.0723135279729;;;;
2022-10-29 01:00:00;0.0;87.06865494706113;;109.0507876818928;;;;
2022-10-29 02:00:00;0.0;87.06865494706113;;111.0472316446584;;;;
2022-10-29 03:00:00;0.0;87.06865494706113;;116.7909520589133;;;;
2022-10-29 04:00:00;0.0;87.06865494706113;;125.8909937056251;;;;
2022-10-29 05:00:00;0.0;87.06865494706113;;137.7117753016413;;;;
2022-10-29 06:00:00;0.0;87.06865494706113;;151.4347844975384;;;;
2022-10-29 07:00:00;0.0;87.06865494706113;;166.1166546037391;;;;
2022-10-29 08:00:00;0.0;87.06865494706113;;180.7463639820546;;;;
2022-10-29 09:00:00;0.0;87.06865494706113;;194.3069470902697;;;;
2022-10-29 10:00:00;0.0;87.06865494706113;;205.8570295859676;;;;
2022-10-29 11:00:00;0.0;87.06865494706113;;214.6017188387703;;;;
2022-10-29 12:00:00;0.0;87.06865494706113;;219.954567951038;;;;
2022-10-29 13:00:00;0.0;87.06865494706113;;221.5434061658862;;;;
2022-10-29 14:00:00;0.0;87.06865494706113;;219.2630472344695;;;;
2022-10-29 15:00:00;0.0;87.06865494706113;;213.264070525838;;;;
2022-10-29 16:00:00;0.0;87.06865494706113;;203.9526910318816;;;;
2022-10-29 17:00:00;0.0;87.06865494706113;;191.9599203783045;;;;
2022-10-29 18:00:00;0.0;87.06865494706113;;178.0910861083815;;;;
2022-10-29 19:00:00;0.0;87.06865494706113;;163.2880658833491;;;;
2022-10-29 20:00:00;0.0;87.06865494706113;;148.5330672729436;;;;
2022-10-29 21:00:00;0.0;87.06865494706113;;134.8244203965143;;;;
2022-10-29 22:00:00;0.0;87.06865494706113;;123.0751491074719;;;;
2022-10-29 23:00:00;0.0;87.06865494706113;;113.5327508046125;;;;
2022-10-30 00:00:00;0.0;87.06865494706113;;107.3456035988473;;;;
2022-10-30 01:00:00;0.0;87.06865494706113;;104.8700429090196;;;;
2022-10-30 02:00:00;0.0;87.06865494706113;;106.7578403621459;;;;
2022-10-30 03:00:00;0.0;87.06865494706113;;112.3104870513281;;;;
2022-10-30 04:00:00;0.0;87.06865494706113;;121.161641836142;;;;
2022-10-30 05:00:00;0.0;87.06865494706113;;132.7175663964591;;;;
2022-10-30 06:00:00;0.0;87.06865494706113;;146.2189040609106;;;;
2022-10-30 07:00:00;0.0;87.06865494706113;;160.7661152934027;;;;
2022-10-30 08:00:00;0.0;87.06865494706113;;175.4011089572086;;;;
2022-10-30 09:00:00;0.0;87.06865494706113;;189.1551783834319;;;;
2022-10-30 10:00:00;0.0;87.06865494706113;;201.1132073111653;;;;
2022-10-30 11:00:00;0.0;87.06865494706113;;210.4815284301755;;;;
2022-10-30 12:00:00;0.0;87.06865494706113;;216.6297631782809;;;;
2022-10-30 13:00:00;0.0;87.06865494706113;;219.1424487120356;;;;
2022-10-30 14:00:00;0.0;87.06865494706113;;217.8757695852702;;;;
2022-10-30 15:00:00;0.0;87.06865494706113;;212.9132017094897;;;;
2022-10-30 16:00:00;0.0;87.06865494706113;;204.6103960752681;;;;
2022-10-30 17:00:00;0.0;87.06865494706113;;193.5206066508153;;;;
2022-10-30 18:00:00;0.0;87.06865494706113;;180.4252629770255;;;;
2022-10-30 19:00:00;0.0;87.06865494706113;;166.234378181456;;;;
2022-10-30 20:00:00;0.0;87.06865494706113;;151.9434221608741;;;;
2022-10-30 21:00:00;0.0;87.06865494706113;;138.5633833136616;;;;
2022-10-30 22:00:00;0.0;87.06865494706113;;127.0598569208185;;;;
2022-10-30 23:00:00;0.0;87.06865494706113;;116.7964727494607;;;;
2022-10-31 00:00:00;0.0;87.06865494706113;;109.9281901933043;;;;
2022-10-31 01:00:00;0.0;87.06865494706113;;106.8294205947699;;;;
2022-10-31 02:00:00;0.0;87.06865494706113;;109.1014418844674;;;;
2022-10-31 03:00:00;0.0;87.06865494706113;;115.0915128656773;;;;
2022-10-31 04:00:00;0.0;87.06865494706113;;124.4470908304452;;;;
2022-10-31 05:00:00;0.0;87.06865494706113;;136.563831623839;;;;
2022-10-31 06:00:00;0.0;87.06865494706113;;150.6467830602142;;;;
2022-10-31 07:00:00;0.0;87.06865494706113;;165.7495971709481;;;;
2022-10-31 08:00:00;0.0;87.06865494706113;;180.8636775649385;;;;
2022-10-31 09:00:00;0.0;87.06865494706113;;194.9548067654517;;;;
2022-10-31 10:00:00;0.0;87.06865494706113;;207.0696489073561;;;;
2022-10-31 11:00:00;0.0;87.06865494706113;;216.3779675695986;;;;
2022-10-31 12:00:00;0.0;87.06865494706113;;222.2373896928829;;;;
2022-10-31 13:00:00;0.0;87.06865494706113;;224.2278149753238;;;;
2022-10-31 14:00:00;0.0;87.06865494706113;;222.2042432881179;;;;
2022-10-31 15:00:00;0.0;87.06865494706113;;216.3100177981993;;;;
2022-10-31 16:00:00;0.0;87.06865494706113;;206.9555150709835;;;;
2022-10-31 17:00:00;0.0;87.06865494706113;;194.7759568286658;;;;
2022-10-31 18:00:00;0.0;87.06865494706113;;180.6075405026778;;;;
2022-10-31 19:00:00;0.0;87.06865494706113;;165.4167739779563;;;;
2022-10-31 20:00:00;0.0;87.06865494706113;;150.2417124025585;;;;
2022-10-31 21:00:00;0.0;87.06865494706113;;136.0949106943579;;;;
2022-10-31 22:00:00;0.0;87.06865494706113;;123.9125148013271;;;;
2022-10-31 23:00:00;0.0;87.06865494706113;;113.3033414477053;;;;
2022-11-01 00:00:00;0.0;87.06865494706113;;106.0555218517291;;;;
2022-11-01 01:00:00;0.0;87.06865494706113;;102.4732046114153;;;;
2022-11-01 02:00:00;0.0;87.06865494706113;;103.7756272881093;;;;
2022-11-01 03:00:00;0.0;87.06865494706113;;108.5439242908097;;;;
2022-11-01 04:00:00;0.0;87.06865494706113;;116.3546417533186;;;;
2022-11-01 05:00:00;0.0;87.06865494706113;;126.5779966019007;;;;
2022-11-01 06:00:00;0.0;87.06865494706113;;138.4260104033256;;;;
2022-11-01 07:00:00;0.0;87.06865494706113;;151.0151294374235;;;;
2022-11-01 08:00:00;0.0;87.06865494706113;;163.3990266882977;;;;
2022-11-01 09:00:00;0.0;87.06865494706113;;174.678109285426;;;;
2022-11-01 10:00:00;0.0;87.06865494706113;;184.0280424783757;;;;
2022-11-01 11:00:00;0.0;87.06865494706113;;190.7789410202421;;;;
2022-11-01 12:00:00;0.0;87.06865494706113;;194.4473591468391;;;;
2022-11-01 13:00:00;0.0;87.06865494706113;;194.7527710286466;;;;
2022-11-01 14:00:00;0.0;87.06865494706113;;191.6589719892499;;;;
2022-11-01 15:00:00;0.0;87.06865494706113;;185.3493052110414;;;;
2022-11-01 16:00:00;0.0;87.06865494706113;;176.2464988541408;;;;
2022-11-01 17:00:00;0.0;87.06865494706113;;164.9461277850597;;;;
2022-11-01 18:00:00;0.0;87.06865494706113;;152.179567858893;;;;
2022-11-01 19:00:00;0.0;87.06865494706113;;138.7597080906685;;;;
2022-11-01 20:00:00;0.0;87.06865494706113;;125.5358460251965;;;;
2022-11-01 21:00:00;0.0;87.06865494706113;;113.3383373140442;;;;
2022-11-01 22:00:00;0.0;87.06865494706113;;102.9152629573836;;;;
2022-11-01 23:00:00;0.0;87.06865494706113;;94.9972989124156;;;;
2022-11-02 00:00:00;0.0;87.06865494706113;;89.93401603870501;;;;
2022-11-02 01:00:00;0.0;87.06865494706113;;87.99174840257481;;;;
2022-11-02 02:00:00;0.0;87.06865494706113;;89.13607831319926;;;;
2022-11-02 03:00:00;0.0;87.06865494706113;;93.33196276261144;;;;
2022-11-02 04:00:00;0.0;87.06865494706113;;100.2420445457668;;;;
2022-11-02 05:00:00;0.0;87.06865494706113;;109.3515411832738;;;;
2022-11-02 06:00:00;0.0;87.06865494706113;;120.0142002217438;;;;
2022-11-02 07:00:00;0.0;87.06865494706113;;131.4775411533522;;;;
2022-11-02 08:00:00;0.0;87.06865494706113;;142.9549951319219;;;;
2022-11-02 09:00:00;0.0;87.06865494706113;;153.6696081610548;;;;
2022-11-02 10:00:00;0.0;87.06865494706113;;162.9071432054183;;;;
2022-11-02 11:00:00;0.0;87.06865494706113;;170.0327419189182;;;;
2022-11-02 12:00:00;0.0;87.06865494706113;;174.5683300834215;;;;
2022-11-02 13:00:00;0.0;87.06865494706113;;176.2062307822825;;;;
2022-11-02 14:00:00;0.0;87.06865494706113;;174.8448171806676;;;;
2022-11-02 15:00:00;0.0;87.06865494706113;;170.5678882454644;;;;
2022-11-02 16:00:00;0.0;87.06865494706113;;163.6676673047021;;;;
2022-11-02 17:00:00;0.0;87.06865494706113;;154.6097408899383;;;;
2022-11-02 18:00:00;0.0;87.06865494706113;;144.006542098764;;;;
2022-11-02 19:00:00;0.0;87.06865494706113;;132.5812088507365;;;;
2022-11-02 20:00:00;0.0;87.06865494706113;;121.1230293954906;;;;
2022-11-02 21:00:00;0.0;87.06865494706113;;110.4337164555923;;;;
2022-11-02 22:00:00;0.0;87.06865494706113;;101.2691500458892;;;;
2022-11-02 23:00:00;0.0;87.06865494706113;;95.50665562500842;;;;
2022-11-03 00:00:00;0.0;87.06865494706113;;92.43356493745858;;;;
2022-11-03 01:00:00;0.0;87.06865494706113;;92.4415665894772;;;;
2022-11-03 02:00:00;0.0;87.06865494706113;;94.49494944526398;;;;
2022-11-03 03:00:00;0.0;87.06865494706113;;99.7923810557551;;;;
2022-11-03 04:00:00;0.0;87.06865494706113;;108.0360819415342;;;;
2022-11-03 05:00:00;0.0;87.06865494706113;;118.728242253116;;;;
2022-11-03 06:00:00;0.0;87.06865494706113;;131.1931474345853;;;;
2022-11-03 07:00:00;0.0;87.06865494706113;;144.6232234825586;;;;
2022-11-03 08:00:00;0.0;87.06865494706113;;158.1327863070309;;;;
2022-11-03 09:00:00;0.0;87.06865494706113;;170.8291208634762;;;;
2022-11-03 10:00:00;0.0;87.06865494706113;;181.863239319526;;;;
2022-11-03 11:00:00;0.0;87.06865494706113;;190.5003948474803;;;;
2022-11-03 12:00:00;0.0;87.06865494706113;;196.1520219549651;;;;
2022-11-03 13:00:00;0.0;87.06865494706113;;198.4377699608732;;;;
2022-11-03 14:00:00;0.0;87.06865494706113;;197.2058725909853;;;;
2022-11-03 15:00:00;0.0;87.06865494706113;;192.5511564450251;;;;
2022-11-03 16:00:00;0.0;87.06865494706113;;184.8007453182538;;;;
2022-11-03 17:00:00;0.0;87.06865494706113;;174.4949937790383;;;;
2022-11-03 18:00:00;0.0;87.06865494706113;;162.3548159708814;;;;
2022-11-03 19:00:00;0.0;87.06865494706113;;149.2322945533732;;;;
2022-11-03 20:00:00;0.0;87.06865494706113;;136.0415844040436;;;;
2022-11-03 21:00:00;0.0;87.06865494706113;;123.7015083887335;;;;
2022-11-03 22:00:00;0.0;87.06865494706113;;113.0712464126732;;;;
2022-11-03 23:00:00;0.0;87.06865494706113;;106.4852546504356;;;;
2022-11-04 00:00:00;0.0;87.06865494706113;;102.8863241313158;;;;
2022-11-04 01:00:00;0.0;87.06865494706113;;102.6852937777685;;;;
2022-11-04 02:00:00;0.0;87.06865494706113;;104.4602154538759;;;;
2022-11-04 03:00:00;0.0;87.06865494706113;;109.7594677139677;;;;
2022-11-04 04:00:00;0.0;87.06865494706113;;118.2065542331935;;;;
2022-11-04 05:00:00;0.0;87.06865494706113;;129.2091314858465;;;;
2022-11-04 06:00:00;0.0;87.06865494706113;;141.9943116334445;;;;
2022-11-04 07:00:00;0.0;87.06865494706113;;155.672292168599;;;;
2022-11-04 08:00:00;0.0;87.06865494706113;;169.2932685180896;;;;
2022-11-04 09:00:00;0.0;87.06865494706113;;181.9157790498412;;;;
2022-11-04 10:00:00;0.0;87.06865494706113;;192.6650368711634;;;;
2022-11-04 11:00:00;0.0;87.06865494706113;;200.800589540576;;;;
2022-11-04 12:00:00;0.0;87.06865494706113;;205.7687827377082;;;;
2022-11-04 13:00:00;0.0;87.06865494706113;;207.2289584083599;;;;
2022-11-04 14:00:00;0.0;87.06865494706113;;205.0785538525099;;;;
2022-11-04 15:00:00;0.0;87.06865494706113;;199.4731454610559;;;;
2022-11-04 16:00:00;0.0;87.06865494706113;;190.7925057817539;;;;
2022-11-04 17:00:00;0.0;87.06865494706113;;179.624388533636;;;;
2022-11-04 18:00:00;0.0;87.06865494706113;;166.7101446657813;;;;
2022-11-04 19:00:00;0.0;87.06865494706113;;152.9225309987201;;;;
2022-11-04 20:00:00;0.0;87.06865494706113;;139.188111670407;;;;
2022-11-04 21:00:00;0.0;87.06865494706113;;126.4323774533337;;;;
2022-11-04 22:00:00;0.0;87.06865494706113;;115.5141437012548;;;;
2022-11-04 23:00:00;0.0;87.06865494706113;;107.9338988648778;;;;
2022-11-05 00:00:00;0.0;87.06865494706113;;103.4808520401278;;;;
2022-11-05 01:00:00;0.0;87.06865494706113;;102.5480284010374;;;;
2022-11-05 02:00:00;0.0;87.06865494706113;;104.5361507414534;;;;
2022-11-05 03:00:00;0.0;87.06865494706113;;110.1409132983397;;;;
2022-11-05 04:00:00;0.0;87.06865494706113;;119.010224157472;;;;
2022-11-05 05:00:00;0.0;87.06865494706113;;130.584264282916;;;;
2022-11-05 06:00:00;0.0;87.06865494706113;;144.1239323121185;;;;
2022-11-05 07:00:00;0.0;87.06865494706113;;158.7586474617815;;;;
2022-11-05 08:00:00;0.0;87.06865494706113;;173.5439959420683;;;;
2022-11-05 09:00:00;0.0;87.06865494706113;;187.51676913868;;;;
2022-11-05 10:00:00;0.0;87.06865494706113;;199.7714218610953;;;;
2022-11-05 11:00:00;0.0;87.06865494706113;;209.5064772054024;;;;
2022-11-05 12:00:00;0.0;87.06865494706113;;216.0860176428483;;;;
2022-11-05 13:00:00;0.0;87.06865494706113;;219.0682752514384;;;;
2022-11-05 14:00:00;0.0;87.06865494706113;;218.2715231681647;;;;
2022-11-05 15:00:00;0.0;87.06865494706113;;213.7701001387732;;;;
2022-11-05 16:00:00;0.0;87.06865494706113;;205.8935455231695;;;;
2022-11-05 17:00:00;0.0;87.06865494706113;;195.1862479065983;;;;
2022-11-05 18:00:00;0.0;87.06865494706113;;182.3989027514507;;;;
2022-11-05 19:00:00;0.0;87.06865494706113;;168.4423043649685;;;;
2022-11-05 20:00:00;0.0;87.06865494706113;;154.3238670043349;;;;
2022-11-05 21:00:00;0.0;87.06865494706113;;141.0769759195338;;;;
2022-11-05 22:00:00;0.0;87.06865494706113;;129.6819419790228;;;;
2022-11-05 23:00:00;0.0;87.06865494706113;;120.4197608707498;;;;
2022-11-06 00:00:00;0.0;87.06865494706113;;114.5834059742718;;;;
2022-11-06 01:00:00;0.0;87.06865494706113;;112.6201115662118;;;;
2022-11-06 02:00:00;0.0;87.06865494706113;;115.3058488818409;;;;
2022-11-06 03:00:00;0.0;87.06865494706113;;121.9395497255515;;;;
2022-11-06 04:00:00;0.0;87.06865494706113;;132.168597339661;;;;
2022-11-06 05:00:00;0.0;87.06865494706113;;145.3814591105296;;;;
2022-11-06 06:00:00;0.0;87.06865494706113;;160.7516594135507;;;;
2022-11-06 07:00:00;0.0;87.06865494706113;;177.2871103701643;;;;
2022-11-06 08:00:00;0.0;87.06865494706113;;193.8958343354825;;;;
2022-11-06 09:00:00;0.0;87.06865494706113;;209.4841216102684;;;;
2022-11-06 10:00:00;0.0;87.06865494706113;;222.9991433152006;;;;
2022-11-06 11:00:00;0.0;87.06865494706113;;233.5367796379399;;;;
2022-11-06 12:00:00;0.0;87.06865494706113;;240.3736087530413;;;;
2022-11-06 13:00:00;0.0;87.06865494706113;;243.0554138623265;;;;
2022-11-06 14:00:00;0.0;87.06865494706113;;241.3980406228669;;;;
2022-11-06 15:00:00;0.0;87.06865494706113;;235.5181238711145;;;;
2022-11-06 16:00:00;0.0;87.06865494706113;;225.8231483824748;;;;
2022-11-06 17:00:00;0.0;87.06865494706113;;212.9975014334772;;;;
2022-11-06 18:00:00;0.0;87.06865494706113;;197.9251417444636;;;;
2022-11-06 19:00:00;0.0;87.06865494706113;;181.6671872714473;;;;
2022-11-06 20:00:00;0.0;87.06865494706113;;165.3336523309804;;;;
2022-11-06 21:00:00;0.0;87.06865494706113;;150.0696986409885;;;;
2022-11-06 22:00:00;0.0;87.06865494706113;;136.9033093226346;;;;
2022-11-06 23:00:00;0.0;87.06865494706113;;125.1498789704358;;;;
2022-11-07 00:00:00;0.0;87.06865494706113;;117.083627325699;;;;
2022-11-07 01:00:00;0.0;87.06865494706113;;113.0598273961612;;;;
2022-11-07 02:00:00;0.0;87.06865494706113;;114.7146181402732;;;;
2022-11-07 03:00:00;0.0;87.06865494706113;;120.2083309672453;;;;
2022-11-07 04:00:00;0.0;87.06865494706113;;129.0926742797467;;;;
2022-11-07 05:00:00;0.0;87.06865494706113;;140.690531086784;;;;
2022-11-07 06:00:00;0.0;87.06865494706113;;154.1338403483929;;;;
2022-11-07 07:00:00;0.0;87.06865494706113;;168.4333786581931;;;;
2022-11-07 08:00:00;0.0;87.06865494706113;;182.5508987992344;;;;
2022-11-07 09:00:00;0.0;87.06865494706113;;195.4684533750546;;;;
2022-11-07 10:00:00;0.0;87.06865494706113;;206.2599182343188;;;;
2022-11-07 11:00:00;0.0;87.06865494706113;;214.1588793249514;;;;
2022-11-07 12:00:00;0.0;87.06865494706113;;218.5943731310564;;;;
2022-11-07 13:00:00;0.0;87.06865494706113;;219.2522930122696;;;;
2022-11-07 14:00:00;0.0;87.06865494706113;;216.0586349383889;;;;
2022-11-07 15:00:00;0.0;87.06865494706113;;209.2219500524442;;;;
2022-11-07 16:00:00;0.0;87.06865494706113;;199.1912216508464;;;;
2022-11-07 17:00:00;0.0;87.06865494706113;;186.6326901523832;;;;
2022-11-07 18:00:00;0.0;87.06865494706113;;172.3684774221907;;;;
2022-11-07 19:00:00;0.0;87.06865494706113;;157.3173018592665;;;;
2022-11-07 20:00:00;0.0;87.06865494706113;;142.453070427052;;;;
2022-11-07 21:00:00;0.0;87.06865494706113;;128.7155369008311;;;;
2022-11-07 22:00:00;0.0;87.06865494706113;;116.964002665508;;;;
2022-11-07 23:00:00;0.0;87.06865494706113;;106.8011359487254;;;;
2022-11-08 00:00:00;0.0;87.06865494706113;;99.89155886999656;;;;
2022-11-08 01:00:00;0.0;87.06865494706113;;96.50755303899446;;;;
2022-11-08 02:00:00;0.0;87.06865494706113;;97.78638646758488;;;;
2022-11-08 03:00:00;0.0;87.06865494706113;;102.4013027471243;;;;
2022-11-08 04:00:00;0.0;87.06865494706113;;109.9755458385579;;;;
2022-11-08 05:00:00;0.0;87.06865494706113;;119.9482715332034;;;;
2022-11-08 06:00:00;0.0;87.06865494706113;;131.5904190318938;;;;
2022-11-08 07:00:00;0.0;87.06865494706113;;144.0810922628962;;;;
2022-11-08 08:00:00;0.0;87.06865494706113;;156.5552435124879;;;;
2022-11-08 09:00:00;0.0;87.06865494706113;;168.1497235432725;;;;
2022-11-08 10:00:00;0.0;87.06865494706113;;178.0835468116282;;;;
2022-11-08 11:00:00;0.0;87.06865494706113;;185.6775042461431;;;;
2022-11-08 12:00:00;0.0;87.06865494706113;;190.4148060365049;;;;
2022-11-08 13:00:00;0.0;87.06865494706113;;191.962254253368;;;;
2022-11-08 14:00:00;0.0;87.06865494706113;;190.2125317295894;;;;
2022-11-08 15:00:00;0.0;87.06865494706113;;185.28940388753;;;;
2022-11-08 16:00:00;0.0;87.06865494706113;;177.5156247176616;;;;
2022-11-08 17:00:00;0.0;87.06865494706113;;167.4060476035114;;;;
2022-11-08 18:00:00;0.0;87.06865494706113;;155.6476854241838;;;;
2022-11-08 19:00:00;0.0;87.06865494706113;;143.0284957071125;;;;
2022-11-08 20:00:00;0.0;87.06865494706113;;130.4140594808462;;;;
2022-11-08 21:00:00;0.0;87.06865494706113;;118.6599132953864;;;;
2022-11-08 22:00:00;0.0;87.06865494706113;;108.5816650643035;;;;
2022-11-08 23:00:00;0.0;87.06865494706113;;100.9791336416226;;;;
2022-11-09 00:00:00;0.0;87.06865494706113;;96.28892723483948;;;;
2022-11-09 01:00:00;0.0;87.06865494706113;;94.86875526038166;;;;
2022-11-09 02:00:00;0.0;87.06865494706113;;96.74759995405904;;;;
2022-11-09 03:00:00;0.0;87.06865494706113;;101.9331528547977;;;;
2022-11-09 04:00:00;0.0;87.06865494706113;;110.0929432362768;;;;
2022-11-09 05:00:00;0.0;87.06865494706113;;120.6964400963552;;;;
2022-11-09 06:00:00;0.0;87.06865494706113;;133.0357944439985;;;;
2022-11-09 07:00:00;0.0;87.06865494706113;;146.2822977911742;;;;
2022-11-09 08:00:00;0.0;87.06865494706113;;159.5288161763346;;;;
2022-11-09 09:00:00;0.0;87.06865494706113;;171.8824994128823;;;;
2022-11-09 10:00:00;0.0;87.06865494706113;;182.5046870392235;;;;
2022-11-09 11:00:00;0.0;87.06865494706113;;190.66670347928;;;;
2022-11-09 12:00:00;0.0;87.06865494706113;;195.8070086432058;;;;
2022-11-09 13:00:00;0.0;87.06865494706113;;197.5621096288565;;;;
2022-11-09 14:00:00;0.0;87.06865494706113;;195.8183594370934;;;;
2022-11-09 15:00:00;0.0;87.06865494706113;;190.6895914499627;;;;
2022-11-09 16:00:00;0.0;87.06865494706113;;182.5269128053364;;;;
2022-11-09 17:00:00;0.0;87.06865494706113;;171.8926182458714;;;;
2022-11-09 18:00:00;0.0;87.06865494706113;;159.5100463490724;;;;
2022-11-09 19:00:00;0.0;87.06865494706113;;146.2283040394425;;;;
2022-11-09 20:00:00;0.0;87.06865494706113;;132.9452465147681;;;;
2022-11-09 21:00:00;0.0;87.06865494706113;;120.5566018696087;;;;
2022-11-09 22:00:00;0.0;87.06865494706113;;109.8943489865766;;;;
2022-11-09 23:00:00;0.0;87.06865494706113;;102.9597240789701;;;;
2022-11-10 00:00:00;0.0;87.06865494706113;;98.96031418608528;;;;
2022-11-10 01:00:00;0.0;87.06865494706113;;98.25902670240784;;;;
2022-11-10 02:00:00;0.0;87.06865494706113;;99.68861413285973;;;;
2022-11-10 03:00:00;0.0;87.06865494706113;;104.4657257141618;;;;
2022-11-10 04:00:00;0.0;87.06865494706113;;112.2129793130212;;;;
2022-11-10 05:00:00;0.0;87.06865494706113;;122.3407050570086;;;;
2022-11-10 06:00:00;0.0;87.06865494706113;;134.107167918185;;;;
2022-11-10 07:00:00;0.0;87.06865494706113;;146.6567011800304;;;;
2022-11-10 08:00:00;0.0;87.06865494706113;;159.0960795497055;;;;
2022-11-10 09:00:00;0.0;87.06865494706113;;170.5438206503856;;;;
2022-11-10 10:00:00;0.0;87.06865494706113;;180.1935800175395;;;;
2022-11-10 11:00:00;0.0;87.06865494706113;;187.3715296647992;;;;
2022-11-10 12:00:00;0.0;87.06865494706113;;191.5818019174349;;;;
2022-11-10 13:00:00;0.0;87.06865494706113;;192.522317844137;;;;
2022-11-10 14:00:00;0.0;87.06865494706113;;190.1251713606027;;;;
2022-11-10 15:00:00;0.0;87.06865494706113;;184.545225199098;;;;
2022-11-10 16:00:00;0.0;87.06865494706113;;176.1635496185975;;;;
2022-11-10 17:00:00;0.0;87.06865494706113;;165.5264127636782;;;;
2022-11-10 18:00:00;0.0;87.06865494706113;;153.3416845679993;;;;
2022-11-10 19:00:00;0.0;87.06865494706113;;140.4081442602235;;;;
2022-11-10 20:00:00;0.0;87.06865494706113;;127.5870039478563;;;;
2022-11-10 21:00:00;0.0;87.06865494706113;;115.7115475259643;;;;
2022-11-10 22:00:00;0.0;87.06865494706113;;105.5600546737129;;;;
2022-11-10 23:00:00;0.0;87.06865494706113;;99.27987032766656;;;;
2022-11-11 00:00:00;0.0;87.06865494706113;;95.87269674099038;;;;
2022-11-11 01:00:00;0.0;87.06865494706113;;95.7100015575866;;;;
2022-11-11 02:00:00;0.0;87.06865494706113;;97.46855347399548;;;;
2022-11-11 03:00:00;0.0;87.06865494706113;;102.5912967702097;;;;
2022-11-11 04:00:00;0.0;87.06865494706113;;110.7578494600943;;;;
2022-11-11 05:00:00;0.0;87.06865494706113;;121.4473870909687;;;;
2022-11-11 06:00:00;0.0;87.06865494706113;;133.9710705361779;;;;
2022-11-11 07:00:00;0.0;87.06865494706113;;147.5273760301078;;;;
2022-11-11 08:00:00;0.0;87.06865494706113;;161.2303547475094;;;;
2022-11-11 09:00:00;0.0;87.06865494706113;;174.2035759814264;;;;
2022-11-11 10:00:00;0.0;87.06865494706113;;185.595367844951;;;;
2022-11-11 11:00:00;0.0;87.06865494706113;;194.6710783433114;;;;
2022-11-11 12:00:00;0.0;87.06865494706113;;200.8374347653568;;;;
2022-11-11 13:00:00;0.0;87.06865494706113;;203.7041660685337;;;;
2022-11-11 14:00:00;0.0;87.06865494706113;;203.0921965284426;;;;
2022-11-11 15:00:00;0.0;87.06865494706113;;199.052321519674;;;;
2022-11-11 16:00:00;0.0;87.06865494706113;;191.8647027753736;;;;
2022-11-11 17:00:00;0.0;87.06865494706113;;182.0330134280307;;;;
2022-11-11 18:00:00;0.0;87.06865494706113;;170.2651549630581;;;;
2022-11-11 19:00:00;0.0;87.06865494706113;;157.4063123715195;;;;
2022-11-11 20:00:00;0.0;87.06865494706113;;144.3920703775156;;;;
2022-11-11 21:00:00;0.0;87.06865494706113;;132.1712334605572;;;;
2022-11-11 22:00:00;0.0;87.06865494706113;;121.6632217572222;;;;
2022-11-11 23:00:00;0.0;87.06865494706113;;114.4956239629576;;;;
2022-11-12 00:00:00;0.0;87.06865494706113;;110.5214322311143;;;;
2022-11-12 01:00:00;0.0;87.06865494706113;;110.2176651415343;;;;
2022-11-12 02:00:00;0.0;87.06865494706113;;113.0246370886913;;;;
2022-11-12 03:00:00;0.0;87.06865494706113;;119.7208300062773;;;;
2022-11-12 04:00:00;0.0;87.06865494706113;;129.982154348282;;;;
2022-11-12 05:00:00;0.0;87.06865494706113;;143.2219185967188;;;;
2022-11-12 06:00:00;0.0;87.06865494706113;;158.6427074340187;;;;
2022-11-12 07:00:00;0.0;87.06865494706113;;175.2796525501851;;;;
2022-11-12 08:00:00;0.0;87.06865494706113;;192.0588705762317;;;;
2022-11-12 09:00:00;0.0;87.06865494706113;;207.8974934816959;;;;
2022-11-12 10:00:00;0.0;87.06865494706113;;221.7414550149317;;;;
2022-11-12 11:00:00;0.0;87.06865494706113;;232.676647875547;;;;
2022-11-12 12:00:00;0.0;87.06865494706113;;239.9607599092681;;;;
2022-11-12 13:00:00;0.0;87.06865494706113;;243.1151068578117;;;;
2022-11-12 14:00:00;0.0;87.06865494706113;;241.9217739271627;;;;
2022-11-12 15:00:00;0.0;87.06865494706113;;236.4776963132222;;;;
2022-11-12 16:00:00;0.0;87.06865494706113;;227.179839985999;;;;
2022-11-12 17:00:00;0.0;87.06865494706113;;214.6998808064272;;;;
2022-11-12 18:00:00;0.0;87.06865494706113;;199.919667980574;;;;
2022-11-12 19:00:00;0.0;87.06865494706113;;183.8830131037577;;;;
2022-11-12 20:00:00;0.0;87.06865494706113;;167.7140778888162;;;;
2022-11-12 21:00:00;0.0;87.06865494706113;;152.5591093657228;;;;
2022-11-12 22:00:00;0.0;87.06865494706113;;139.4765872100754;;;;
2022-11-12 23:00:00;0.0;87.06865494706113;;128.7624980221586;;;;
2022-11-13 00:00:00;0.0;87.06865494706113;;121.7677221829607;;;;
2022-11-13 01:00:00;0.0;87.06865494706113;;118.9129848494919;;;;
2022-11-13 02:00:00;0.0;87.06865494706113;;120.9469719094995;;;;
2022-11-13 03:00:00;0.0;87.06865494706113;;127.042998309158;;;;
2022-11-13 04:00:00;0.0;87.06865494706113;;136.7627771460937;;;;
2022-11-13 05:00:00;0.0;87.06865494706113;;149.4089210746396;;;;
2022-11-13 06:00:00;0.0;87.06865494706113;;164.0802273299316;;;;
2022-11-13 07:00:00;0.0;87.06865494706113;;179.7407149191839;;;;
2022-11-13 08:00:00;0.0;87.06865494706113;;195.2759089237976;;;;
2022-11-13 09:00:00;0.0;87.06865494706113;;209.5970496468073;;;;
2022-11-13 10:00:00;0.0;87.06865494706113;;221.6899594892984;;;;
2022-11-13 11:00:00;0.0;87.06865494706113;;230.7271551979144;;;;
2022-11-13 12:00:00;0.0;87.06865494706113;;236.0739240380529;;;;
2022-11-13 13:00:00;0.0;87.06865494706113;;237.3430368181387;;;;
2022-11-13 14:00:00;0.0;87.06865494706113;;234.4395340615589;;;;
2022-11-13 15:00:00;0.0;87.06865494706113;;227.5547234778624;;;;
2022-11-13 16:00:00;0.0;87.06865494706113;;217.1635744990846;;;;
2022-11-13 17:00:00;0.0;87.06865494706113;;203.9570576096745;;;;
2022-11-13 18:00:00;0.0;87.06865494706113;;188.8116045138631;;;;
2022-11-13 19:00:00;0.0;87.06865494706113;;172.7300367996291;;;;
2022-11-13 20:00:00;0.0;87.06865494706113;;156.7659040791849;;;;
2022-11-13 21:00:00;0.0;87.06865494706113;;141.9643457529178;;;;
2022-11-13 22:00:00;0.0;87.06865494706113;;129.2885367026021;;;;
2022-11-13 23:00:00;0.0;87.06865494706113;;118.049469079826;;;;
2022-11-14 00:00:00;0.0;87.06865494706113;;110.3883354759895;;;;
2022-11-14 01:00:00;0.0;87.06865494706113;;106.6035285966418;;;;
2022-11-14 02:00:00;0.0;87.06865494706113;;108.2542679669938;;;;
2022-11-14 03:00:00;0.0;87.06865494706113;;113.6043660117802;;;;
2022-11-14 04:00:00;0.0;87.06865494706113;;122.2590611407395;;;;
2022-11-14 05:00:00;0.0;87.06865494706113;;133.5974792991481;;;;
2022-11-14 06:00:00;0.0;87.06865494706113;;146.8237749266719;;;;
2022-11-14 07:00:00;0.0;87.06865494706113;;161.0341940507015;;;;
2022-11-14 08:00:00;0.0;87.06865494706113;;175.2683150386802;;;;
2022-11-14 09:00:00;0.0;87.06865494706113;;188.5500612524726;;;;
2022-11-14 10:00:00;0.0;87.06865494706113;;199.9816135474045;;;;
2022-11-14 11:00:00;0.0;87.06865494706113;;208.7836600500202;;;;
2022-11-14 12:00:00;0.0;87.06865494706113;;214.3658686035858;;;;
2022-11-14 13:00:00;0.0;87.06865494706113;;216.3512491368757;;;;
2022-11-14 14:00:00;0.0;87.06865494706113;;214.6032204061532;;;;
2022-11-14 15:00:00;0.0;87.06865494706113;;209.2460604879734;;;;
2022-11-14 16:00:00;0.0;87.06865494706113;;200.6324865470842;;;;
2022-11-14 17:00:00;0.0;87.06865494706113;;189.3415741960185;;;;
2022-11-14 18:00:00;0.0;87.06865494706113;;176.1410878668872;;;;
2022-11-14 19:00:00;0.0;87.06865494706113;;161.9308870649754;;;;
2022-11-14 20:00:00;0.0;87.06865494706113;;147.693847473146;;;;
2022-11-14 21:00:00;0.0;87.06865494706113;;134.4070716045367;;;;
2022-11-14 22:00:00;0.0;87.06865494706113;;123.0029787048181;;;;
2022-11-14 23:00:00;0.0;87.06865494706113;;113.083740721214;;;;
2022-11-15 00:00:00;0.0;87.06865494706113;;106.4777971163472;;;;
2022-11-15 01:00:00;0.0;87.06865494706113;;103.5332493029477;;;;
2022-11-15 02:00:00;0.0;87.06865494706113;;105.5451101104853;;;;
2022-11-15 03:00:00;0.0;87.06865494706113;;111.1532365604716;;;;
2022-11-15 04:00:00;0.0;87.06865494706113;;119.9957872949079;;;;
2022-11-15 05:00:00;0.0;87.06865494706113;;131.4774626630136;;;;
2022-11-15 06:00:00;0.0;87.06865494706113;;144.8237501476057;;;;
2022-11-15 07:00:00;0.0;87.06865494706113;;159.1253677816906;;;;
2022-11-15 08:00:00;0.0;87.06865494706113;;173.409179958926;;;;
2022-11-15 09:00:00;0.0;87.06865494706113;;186.6961161937473;;;;
2022-11-15 10:00:00;0.0;87.06865494706113;;198.0699647338949;;;;
2022-11-15 11:00:00;0.0;87.06865494706113;;206.7433690425976;;;;
2022-11-15 12:00:00;0.0;87.06865494706113;;212.1002917991555;;;;
2022-11-15 13:00:00;0.0;87.06865494706113;;213.7721747864662;;;;
2022-11-15 14:00:00;0.0;87.06865494706113;;211.6400609911556;;;;
2022-11-15 15:00:00;0.0;87.06865494706113;;205.8426185636987;;;;
2022-11-15 16:00:00;0.0;87.06865494706113;;196.7736121083776;;;;
2022-11-15 17:00:00;0.0;87.06865494706113;;185.0445815879479;;;;
2022-11-15 18:00:00;0.0;87.06865494706113;;171.4713319912647;;;;
2022-11-15 19:00:00;0.0;87.06865494706113;;156.9584279100576;;;;
2022-11-15 20:00:00;0.0;87.06865494706113;;142.4808710862864;;;;
2022-11-15 21:00:00;0.0;87.06865494706113;;128.9881741559959;;;;
2022-11-15 22:00:00;0.0;87.06865494706113;;117.3709884219189;;;;
2022-11-15 23:00:00;0.0;87.06865494706113;;108.4807790012766;;;;
2022-11-16 00:00:00;0.0;87.06865494706113;;102.7670046689069;;;;
2022-11-16 01:00:00;0.0;87.06865494706113;;100.5511324083202;;;;
2022-11-16 02:00:00;0.0;87.06865494706113;;101.8046711928594;;;;
2022-11-16 03:00:00;0.0;87.06865494706113;;106.4599381608996;;;;
2022-11-16 04:00:00;0.0;87.06865494706113;;114.1076826052044;;;;
2022-11-16 05:00:00;0.0;87.06865494706113;;124.1335068536172;;;;
2022-11-16 06:00:00;0.0;87.06865494706113;;135.7647807391635;;;;
2022-11-16 07:00:00;0.0;87.06865494706113;;148.1300076564882;;;;
2022-11-16 08:00:00;0.0;87.06865494706113;;160.314438310145;;;;
2022-11-16 09:00:00;0.0;87.06865494706113;;171.4353632468546;;;;
2022-11-16 10:00:00;0.0;87.06865494706113;;180.6836619410536;;;;
2022-11-16 11:00:00;0.0;87.06865494706113;;187.3977535624604;;;;
2022-11-16 12:00:00;0.0;87.06865494706113;;191.1000069561624;;;;
2022-11-16 13:00:00;0.0;87.06865494706113;;191.5219795295653;;;;
2022-11-16 14:00:00;0.0;87.06865494706113;;188.6326755018818;;;;
2022-11-16 15:00:00;0.0;87.06865494706113;;182.5976168083227;;;;
2022-11-16 16:00:00;0.0;87.06865494706113;;173.8220331311894;;;;
2022-11-16 17:00:00;0.0;87.06865494706113;;162.8675721432355;;;;
2022-11-16 18:00:00;0.0;87.06865494706113;;150.4521232613801;;;;
2022-11-16 19:00:00;0.0;87.06865494706113;;137.376748084547;;;;
2022-11-16 20:00:00;0.0;87.06865494706113;;124.4715904438236;;;;
2022-11-16 21:00:00;0.0;87.06865494706113;;112.563385144467;;;;
2022-11-16 22:00:00;0.0;87.06865494706113;;102.3900240270845;;;;
2022-11-16 23:00:00;0.0;87.06865494706113;;95.78596490418995;;;;
2022-11-17 00:00:00;0.0;87.06865494706113;;91.9876994153542;;;;
2022-11-17 01:00:00;0.0;87.06865494706113;;91.32716552139956;;;;
2022-11-17 02:00:00;0.0;87.06865494706113;;92.7286478254756;;;;
2022-11-17 03:00:00;0.0;87.06865494706113;;97.33131188713162;;;;
2022-11-17 04:00:00;0.0;87.06865494706113;;104.7973917713893;;;;
2022-11-17 05:00:00;0.0;87.06865494706113;;114.6107291211598;;;;
2022-11-17 06:00:00;0.0;87.06865494706113;;126.1078753620939;;;;
2022-11-17 07:00:00;0.0;87.06865494706113;;138.5203102605055;;;;
2022-11-17 08:00:00;0.0;87.06865494706113;;151.0171738778994;;;;
2022-11-17 09:00:00;0.0;87.06865494706113;;162.7886853220581;;;;
2022-11-17 10:00:00;0.0;87.06865494706113;;173.0486039123298;;;;
2022-11-17 11:00:00;0.0;87.06865494706113;;181.1314646236457;;;;
2022-11-17 12:00:00;0.0;87.06865494706113;;186.4934399549647;;;;
2022-11-17 13:00:00;0.0;87.06865494706113;;188.7934565513336;;;;
2022-11-17 14:00:00;0.0;87.06865494706113;;187.887593482261;;;;
2022-11-17 15:00:00;0.0;87.06865494706113;;183.8304083569673;;;;
2022-11-17 16:00:00;0.0;87.06865494706113;;176.9066415811166;;;;
2022-11-17 17:00:00;0.0;87.06865494706113;;167.5908274883885;;;;
2022-11-17 18:00:00;0.0;87.06865494706113;;156.5416717688894;;;;
2022-11-17 19:00:00;0.0;87.06865494706113;;144.5330704234593;;;;
2022-11-17 20:00:00;0.0;87.06865494706113;;132.4153262384841;;;;
2022-11-17 21:00:00;0.0;87.06865494706113;;121.0652467380913;;;;
2022-11-17 22:00:00;0.0;87.06865494706113;;111.3242854780949;;;;
2022-11-17 23:00:00;0.0;87.06865494706113;;105.5124117252595;;;;
2022-11-18 00:00:00;0.0;87.06865494706113;;102.6304417348884;;;;
2022-11-18 01:00:00;0.0;87.06865494706113;;103.1421434708686;;;;
2022-11-18 02:00:00;0.0;87.06865494706113;;105.7104693161629;;;;
2022-11-18 03:00:00;0.0;87.06865494706113;;111.9294469354437;;;;
2022-11-18 04:00:00;0.0;87.06865494706113;;121.482260575063;;;;
2022-11-18 05:00:00;0.0;87.06865494706113;;133.8266772478256;;;;
2022-11-18 06:00:00;0.0;87.06865494706113;;148.2167202089083;;;;
2022-11-18 07:00:00;0.0;87.06865494706113;;163.7527583317009;;;;
2022-11-18 08:00:00;0.0;87.06865494706113;;179.4413750616844;;;;
2022-11-18 09:00:00;0.0;87.06865494706113;;194.2491042993234;;;;
2022-11-18 10:00:00;0.0;87.06865494706113;;207.2153330046623;;;;
2022-11-18 11:00:00;0.0;87.06865494706113;;217.4759683411548;;;;
2022-11-18 12:00:00;0.0;87.06865494706113;;224.3579295723873;;;;
2022-11-18 13:00:00;0.0;87.06865494706113;;227.3905803804973;;;;
2022-11-18 14:00:00;0.0;87.06865494706113;;226.3818435255521;;;;
2022-11-18 15:00:00;0.0;87.06865494706113;;221.4138150918899;;;;
2022-11-18 16:00:00;0.0;87.06865494706113;;212.8505388965982;;;;
2022-11-18 17:00:00;0.0;87.06865494706113;;201.2975614385453;;;;
2022-11-18 18:00:00;0.0;87.06865494706113;;187.5779115571351;;;;
2022-11-18 19:00:00;0.0;87.06865494706113;;172.6614554207128;;;;
2022-11-18 20:00:00;0.0;87.06865494706113;;157.6148593126431;;;;
2022-11-18 21:00:00;0.0;87.06865494706113;;143.5016951980338;;;;
2022-11-18 22:00:00;0.0;87.06865494706113;;131.3281708728606;;;;
2022-11-18 23:00:00;0.0;87.06865494706113;;122.8107904843832;;;;
2022-11-19 00:00:00;0.0;87.06865494706113;;117.7645098763;;;;
2022-11-19 01:00:00;0.0;87.06865494706113;;116.6381830771396;;;;
2022-11-19 02:00:00;0.0;87.06865494706113;;118.7703763127626;;;;
2022-11-19 03:00:00;0.0;87.06865494706113;;124.909316559408;;;;
2022-11-19 04:00:00;0.0;87.06865494706113;;134.6430503044428;;;;
2022-11-19 05:00:00;0.0;87.06865494706113;;147.2895431111942;;;;
2022-11-19 06:00:00;0.0;87.06865494706113;;161.9699808368846;;;;
2022-11-19 07:00:00;0.0;87.06865494706113;;177.6743152804372;;;;
2022-11-19 08:00:00;0.0;87.06865494706113;;193.3191740608277;;;;
2022-11-19 09:00:00;0.0;87.06865494706113;;207.8320492611549;;;;
2022-11-19 10:00:00;0.0;87.06865494706113;;220.2127409108349;;;;
2022-11-19 11:00:00;0.0;87.06865494706113;;229.6054012493846;;;;
2022-11-19 12:00:00;0.0;87.06865494706113;;235.3554017671722;;;;
2022-11-19 13:00:00;0.0;87.06865494706113;;237.065018989822;;;;
2022-11-19 14:00:00;0.0;87.06865494706113;;234.6146539157218;;;;
2022-11-19 15:00:00;0.0;87.06865494706113;;228.1814232881973;;;;
2022-11-19 16:00:00;0.0;87.06865494706113;;218.200105718893;;;;
2022-11-19 17:00:00;0.0;87.06865494706113;;205.3580501398856;;;;
2022-11-19 18:00:00;0.0;87.06865494706113;;190.5169690816563;;;;
2022-11-19 19:00:00;0.0;87.06865494706113;;174.6755260649054;;;;
2022-11-19 20:00:00;0.0;87.06865494706113;;158.8903774142169;;;;
2022-11-19 21:00:00;0.0;87.06865494706113;;144.2237877855992;;;;
2022-11-19 22:00:00;0.0;87.06865494706113;;131.6540463780257;;;;
2022-11-19 23:00:00;0.0;87.06865494706113;;121.4122154119911;;;;
2022-11-20 00:00:00;0.0;87.06865494706113;;114.7604802326182;;;;
2022-11-20 01:00:00;0.0;87.06865494706113;;112.0808115794788;;;;
2022-11-20 02:00:00;0.0;87.06865494706113;;114.0963853525228;;;;
2022-11-20 03:00:00;0.0;87.06865494706113;;120.0328663091908;;;;
2022-11-20 04:00:00;0.0;87.06865494706113;;129.4931276804721;;;;
2022-11-20 05:00:00;0.0;87.06865494706113;;141.8545134903416;;;;
2022-11-20 06:00:00;0.0;87.06865494706113;;156.2917008072324;;;;
2022-11-20 07:00:00;0.0;87.06865494706113;;171.8571476625355;;;;
2022-11-20 08:00:00;0.0;87.06865494706113;;187.5132152723538;;;;
2022-11-20 09:00:00;0.0;87.06865494706113;;202.2234174568815;;;;
2022-11-20 10:00:00;0.0;87.06865494706113;;215.0016676197298;;;;
2022-11-20 11:00:00;0.0;87.06865494706113;;225.007972233198;;;;
2022-11-20 12:00:00;0.0;87.06865494706113;;231.5737753631112;;;;
2022-11-20 13:00:00;0.0;87.06865494706113;;234.2663485923607;;;;
2022-11-20 14:00:00;0.0;87.06865494706113;;232.9129894356616;;;;
2022-11-20 15:00:00;0.0;87.06865494706113;;227.6106997089199;;;;
2022-11-20 16:00:00;0.0;87.06865494706113;;218.7238490934475;;;;
2022-11-20 17:00:00;0.0;87.06865494706113;;206.8638291168861;;;;
2022-11-20 18:00:00;0.0;87.06865494706113;;192.8528425011001;;;;
2022-11-20 19:00:00;0.0;87.06865494706113;;177.6760782591591;;;;
2022-11-20 20:00:00;0.0;87.06865494706113;;162.395897659095;;;;
2022-11-20 21:00:00;0.0;87.06865494706113;;148.0993056981573;;;;
2022-11-20 22:00:00;0.0;87.06865494706113;;135.8047113210128;;;;
2022-11-20 23:00:00;0.0;87.06865494706113;;124.8073852650611;;;;
2022-11-21 00:00:00;0.0;87.06865494706113;;117.4392678264333;;;;
2022-11-21 01:00:00;0.0;87.06865494706113;;114.105879446492;;;;
2022-11-21 02:00:00;0.0;87.06865494706113;;116.5367319362148;;;;
2022-11-21 03:00:00;0.0;87.06865494706113;;122.9408431647918;;;;
2022-11-21 04:00:00;0.0;87.06865494706113;;132.9354994452417;;;;
2022-11-21 05:00:00;0.0;87.06865494706113;;145.8809088877001;;;;
2022-11-21 06:00:00;0.0;87.06865494706113;;160.9274871611808;;;;
2022-11-21 07:00:00;0.0;87.06865494706113;;177.0737590172554;;;;
2022-11-21 08:00:00;0.0;87.06865494706113;;193.2309380136878;;;;
2022-11-21 09:00:00;0.0;87.06865494706113;;208.2902575927306;;;;
2022-11-21 10:00:00;0.0;87.06865494706113;;221.2231640250912;;;;
2022-11-21 11:00:00;0.0;87.06865494706113;;231.1375666526327;;;;
2022-11-21 12:00:00;0.0;87.06865494706113;;237.3605389751987;;;;
2022-11-21 13:00:00;0.0;87.06865494706113;;239.4657135606311;;;;
2022-11-21 14:00:00;0.0;87.06865494706113;;237.3020348294601;;;;
2022-11-21 15:00:00;0.0;87.06865494706113;;231.0138018534944;;;;
2022-11-21 16:00:00;0.0;87.06865494706113;;221.0188203458491;;;;
2022-11-21 17:00:00;0.0;87.06865494706113;;207.9993369653971;;;;
2022-11-21 18:00:00;0.0;87.06865494706113;;192.859522698773;;;;
2022-11-21 19:00:00;0.0;87.06865494706113;;176.6361873493021;;;;
2022-11-21 20:00:00;0.0;87.06865494706113;;160.4297348066868;;;;
2022-11-21 21:00:00;0.0;87.06865494706113;;145.3205729680176;;;;
2022-11-21 22:00:00;0.0;87.06865494706113;;132.3061640188407;;;;
2022-11-21 23:00:00;0.0;87.06865494706113;;120.9514580754758;;;;
2022-11-22 00:00:00;0.0;87.06865494706113;;113.1894195118905;;;;
2022-11-22 01:00:00;0.0;87.06865494706113;;109.3402322462813;;;;
2022-11-22 02:00:00;0.0;87.06865494706113;;110.7282484894124;;;;
2022-11-22 03:00:00;0.0;87.06865494706113;;115.8052840715041;;;;
2022-11-22 04:00:00;0.0;87.06865494706113;;124.1302151127527;;;;
2022-11-22 05:00:00;0.0;87.06865494706113;;135.0294064329413;;;;
2022-11-22 06:00:00;0.0;87.06865494706113;;147.6674137585444;;;;
2022-11-22 07:00:00;0.0;87.06865494706113;;161.0864832589795;;;;
2022-11-22 08:00:00;0.0;87.06865494706113;;174.2926068578311;;;;
2022-11-22 09:00:00;0.0;87.06865494706113;;186.3174130461553;;;;
2022-11-22 10:00:00;0.0;87.06865494706113;;196.2817190392402;;;;
2022-11-22 11:00:00;0.0;87.06865494706113;;203.4733004745366;;;;
2022-11-22 12:00:00;0.0;87.06865494706113;;207.3701531921692;;;;
2022-11-22 13:00:00;0.0;87.06865494706113;;207.6905436721104;;;;
2022-11-22 14:00:00;0.0;87.06865494706113;;204.3769967748493;;;;
2022-11-22 15:00:00;0.0;87.06865494706113;;197.6468136911372;;;;
2022-11-22 16:00:00;0.0;87.06865494706113;;187.9376148689002;;;;
2022-11-22 17:00:00;0.0;87.06865494706113;;175.8860362836339;;;;
2022-11-22 18:00:00;0.0;87.06865494706113;;162.2677861956489;;;;
2022-11-22 19:00:00;0.0;87.06865494706113;;147.954268752858;;;;
2022-11-22 20:00:00;0.0;87.06865494706113;;133.8577697333494;;;;
2022-11-22 21:00:00;0.0;87.06865494706113;;120.8539426693676;;;;
2022-11-22 22:00:00;0.0;87.06865494706113;;109.7401453117755;;;;
2022-11-22 23:00:00;0.0;87.06865494706113;;101.2676627154808;;;;
2022-11-23 00:00:00;0.0;87.06865494706113;;95.83865793913957;;;;
2022-11-23 01:00:00;0.0;87.06865494706113;;93.7403685733826;;;;
2022-11-23 02:00:00;0.0;87.06865494706113;;94.96420962154455;;;;
2022-11-23 03:00:00;0.0;87.06865494706113;;99.44143916853994;;;;
2022-11-23 04:00:00;0.0;87.06865494706113;;106.8099017770272;;;;
2022-11-23 05:00:00;0.0;87.06865494706113;;116.5173323346161;;;;
2022-11-23 06:00:00;0.0;87.06865494706113;;127.8694911481596;;;;
2022-11-23 07:00:00;0.0;87.06865494706113;;140.0761755698479;;;;
2022-11-23 08:00:00;0.0;87.06865494706113;;152.3034182540768;;;;
2022-11-23 09:00:00;0.0;87.06865494706113;;163.7233924528347;;;;
2022-11-23 10:00:00;0.0;87.06865494706113;;173.5591185152691;;;;
2022-11-23 11:00:00;0.0;87.06865494706113;;181.1456177026157;;;;
2022-11-23 12:00:00;0.0;87.06865494706113;;185.9731691862924;;;;
2022-11-23 13:00:00;0.0;87.06865494706113;;187.7201554002514;;;;
2022-11-23 14:00:00;0.0;87.06865494706113;;186.2634053586694;;;;
2022-11-23 15:00:00;0.0;87.06865494706113;;181.7101163791917;;;;
2022-11-23 16:00:00;0.0;87.06865494706113;;174.3593400612553;;;;
2022-11-23 17:00:00;0.0;87.06865494706113;;164.7164299738215;;;;
2022-11-23 18:00:00;0.0;87.06865494706113;;153.4169139907966;;;;
2022-11-23 19:00:00;0.0;87.06865494706113;;141.245567545286;;;;
2022-11-23 20:00:00;0.0;87.06865494706113;;129.0330041940251;;;;
2022-11-23 21:00:00;0.0;87.06865494706113;;117.6413307603567;;;;
2022-11-23 22:00:00;0.0;87.06865494706113;;107.8720146914731;;;;
2022-11-23 23:00:00;0.0;87.06865494706113;;101.7045684401547;;;;
2022-11-24 00:00:00;0.0;87.06865494706113;;98.40290898354364;;;;
2022-11-24 01:00:00;0.0;87.06865494706113;;98.38202225230576;;;;
2022-11-24 02:00:00;0.0;87.06865494706113;;100.5662683573125;;;;
2022-11-24 03:00:00;0.0;87.06865494706113;;106.2110262595497;;;;
2022-11-24 04:00:00;0.0;87.06865494706113;;114.9974883231757;;;;
2022-11-24 05:00:00;0.0;87.06865494706113;;126.3821950214026;;;;
2022-11-24 06:00:00;0.0;87.06865494706113;;139.6477405587094;;;;
2022-11-24 07:00:00;0.0;87.06865494706113;;153.936595090851;;;;
2022-11-24 08:00:00;0.0;87.06865494706113;;168.3135707311358;;;;
2022-11-24 09:00:00;0.0;87.06865494706113;;181.8277100927178;;;;
2022-11-24 10:00:00;0.0;87.06865494706113;;193.5692486022227;;;;
2022-11-24 11:00:00;0.0;87.06865494706113;;202.761545528365;;;;
2022-11-24 12:00:00;0.0;87.06865494706113;;208.7710298868655;;;;
2022-11-24 13:00:00;0.0;87.06865494706113;;211.2032371276007;;;;
2022-11-24 14:00:00;0.0;87.06865494706113;;209.8866715288823;;;;
2022-11-24 15:00:00;0.0;87.06865494706113;;204.9271834899165;;;;
2022-11-24 16:00:00;0.0;87.06865494706113;;196.6793568025701;;;;
2022-11-24 17:00:00;0.0;87.06865494706113;;185.7155537600562;;;;
2022-11-24 18:00:00;0.0;87.06865494706113;;172.7979109492551;;;;
2022-11-24 19:00:00;0.0;87.06865494706113;;158.8253289937371;;;;
2022-11-24 20:00:00;0.0;87.06865494706113;;144.7779514274881;;;;
2022-11-24 21:00:00;0.0;87.06865494706113;;131.6376219741128;;;;
2022-11-24 22:00:00;0.0;87.06865494706113;;120.3140808269562;;;;
2022-11-24 23:00:00;0.0;87.06865494706113;;113.2678898558475;;;;
2022-11-25 00:00:00;0.0;87.06865494706113;;109.4002272877555;;;;
2022-11-25 01:00:00;0.0;87.06865494706113;;109.1510836385155;;;;
2022-11-25 02:00:00;0.0;87.06865494706113;;111.0329868625388;;;;
2022-11-25 03:00:00;0.0;87.06865494706113;;116.6580425182578;;;;
2022-11-25 04:00:00;0.0;87.06865494706113;;125.6299675536776;;;;
2022-11-25 05:00:00;0.0;87.06865494706113;;137.3172205498156;;;;
2022-11-25 06:00:00;0.0;87.06865494706113;;150.9076919088754;;;;
2022-11-25 07:00:00;0.0;87.06865494706113;;165.448133527646;;;;
2022-11-25 08:00:00;0.0;87.06865494706113;;179.9276384437628;;;;
2022-11-25 09:00:00;0.0;87.06865494706113;;193.3431941958257;;;;
2022-11-25 10:00:00;0.0;87.06865494706113;;204.7677271210508;;;;
2022-11-25 11:00:00;0.0;87.06865494706113;;213.4168667767017;;;;
2022-11-25 12:00:00;0.0;87.06865494706113;;218.7073631174388;;;;
2022-11-25 13:00:00;0.0;87.06865494706113;;220.2784415944633;;;;
2022-11-25 14:00:00;0.0;87.06865494706113;;218.0198490960587;;;;
2022-11-25 15:00:00;0.0;87.06865494706113;;212.0839719439214;;;;
2022-11-25 16:00:00;0.0;87.06865494706113;;202.8676979921329;;;;
2022-11-25 17:00:00;0.0;87.06865494706113;;190.9982729732088;;;;
2022-11-25 18:00:00;0.0;87.06865494706113;;177.2719209925827;;;;
2022-11-25 19:00:00;0.0;87.06865494706113;;162.6168961150869;;;;
2022-11-25 20:00:00;0.0;87.06865494706113;;148.0198510932666;;;;
2022-11-25 21:00:00;0.0;87.06865494706113;;134.4663011994708;;;;
2022-11-25 22:00:00;0.0;87.06865494706113;;122.8650838116645;;;;
2022-11-25 23:00:00;0.0;87.06865494706113;;114.7787045024353;;;;
2022-11-26 00:00:00;0.0;87.06865494706113;;110.0154694400966;;;;
2022-11-26 01:00:00;0.0;87.06865494706113;;108.992988713605;;;;
2022-11-26 02:00:00;0.0;87.06865494706113;;111.0998295811636;;;;
2022-11-26 03:00:00;0.0;87.06865494706113;;117.0402954434201;;;;
2022-11-26 04:00:00;0.0;87.06865494706113;;126.450547722713;;;;
2022-11-26 05:00:00;0.0;87.06865494706113;;138.7403183982405;;;;
2022-11-26 06:00:00;0.0;87.06865494706113;;153.1190323820325;;;;
2022-11-26 07:00:00;0.0;87.06865494706113;;168.6655441721078;;;;
2022-11-26 08:00:00;0.0;87.06865494706113;;184.3664256298785;;;;
2022-11-26 09:00:00;0.0;87.06865494706113;;199.2128462436673;;;;
2022-11-26 10:00:00;0.0;87.06865494706113;;212.229034727962;;;;
2022-11-26 11:00:00;0.0;87.06865494706113;;222.5726649726185;;;;
2022-11-26 12:00:00;0.0;87.06865494706113;;229.5591652581216;;;;
2022-11-26 13:00:00;0.0;87.06865494706113;;232.7411109179083;;;;
2022-11-26 14:00:00;0.0;87.06865494706113;;231.9136365167108;;;;
2022-11-26 15:00:00;0.0;87.06865494706113;;227.1442882606323;;;;
2022-11-26 16:00:00;0.0;87.06865494706113;;218.7811949048154;;;;
2022-11-26 17:00:00;0.0;87.06865494706113;;207.4039356433977;;;;
2022-11-26 18:00:00;0.0;87.06865494706113;;193.8305498778008;;;;
2022-11-26 19:00:00;0.0;87.06865494706113;;179.0081983101152;;;;
2022-11-26 20:00:00;0.0;87.06865494706113;;164.0134284450771;;;;
2022-11-26 21:00:00;0.0;87.06865494706113;;149.9343084373752;;;;
2022-11-26 22:00:00;0.0;87.06865494706113;;137.8216852009462;;;;
2022-11-26 23:00:00;0.0;87.06865494706113;;127.9467561420606;;;;
2022-11-27 00:00:00;0.0;87.06865494706113;;121.7101403026917;;;;
2022-11-27 01:00:00;0.0;87.06865494706113;;119.5884915744857;;;;
2022-11-27 02:00:00;0.0;87.06865494706113;;122.4348092479908;;;;
2022-11-27 03:00:00;0.0;87.06865494706113;;129.4816985300695;;;;
2022-11-27 04:00:00;0.0;87.06865494706113;;140.3519847631213;;;;
2022-11-27 05:00:00;0.0;87.06865494706113;;154.3899279928419;;;;
2022-11-27 06:00:00;0.0;87.06865494706113;;170.7138434854828;;;;
2022-11-27 07:00:00;0.0;87.06865494706113;;188.2755859461397;;;;
2022-11-27 08:00:00;0.0;87.06865494706113;;205.9304955830722;;;;
2022-11-27 09:00:00;0.0;87.06865494706113;;222.4957323475349;;;;
2022-11-27 10:00:00;0.0;87.06865494706113;;236.8643751750747;;;;
2022-11-27 11:00:00;0.0;87.06865494706113;;248.0662660608973;;;;
2022-11-27 12:00:00;0.0;87.06865494706113;;255.3482662849385;;;;
2022-11-27 13:00:00;0.0;87.06865494706113;;258.217698139485;;;;
2022-11-27 14:00:00;0.0;87.06865494706113;;256.4648447382194;;;;
2022-11-27 15:00:00;0.0;87.06865494706113;;250.2265655264721;;;;
2022-11-27 16:00:00;0.0;87.06865494706113;;239.9305714835128;;;;
2022-11-27 17:00:00;0.0;87.06865494706113;;226.3127502565006;;;;
2022-11-27 18:00:00;0.0;87.06865494706113;;210.3097441844841;;;;
2022-11-27 19:00:00;0.0;87.06865494706113;;193.039981999081;;;;
2022-11-27 20:00:00;0.0;87.06865494706113;;175.6972823329354;;;;
2022-11-27 21:00:00;0.0;87.06865494706113;;159.4813974114258;;;;
2022-11-27 22:00:00;0.0;87.06865494706113;;145.5000467301498;;;;
2022-11-27 23:00:00;0.0;87.06865494706113;;132.9793847264483;;;;
2022-11-28 00:00:00;0.0;87.06865494706113;;124.379122194972;;;;
2022-11-28 01:00:00;0.0;87.06865494706113;;120.0678898577689;;;;
2022-11-28 02:00:00;0.0;87.06865494706113;;121.8280255065402;;;;
2022-11-28 03:00:00;0.0;87.06865494706113;;127.6670707027488;;;;
2022-11-28 04:00:00;0.0;87.06865494706113;;137.1099550350854;;;;
2022-11-28 05:00:00;0.0;87.06865494706113;;149.4281398100208;;;;
2022-11-28 06:00:00;0.0;87.06865494706113;;163.7060602533309;;;;
2022-11-28 07:00:00;0.0;87.06865494706113;;178.8910411543263;;;;
2022-11-28 08:00:00;0.0;87.06865494706113;;193.8844470822588;;;;
2022-11-28 09:00:00;0.0;87.06865494706113;;207.5950879265143;;;;
2022-11-28 10:00:00;0.0;87.06865494706113;;219.0499571052849;;;;
2022-11-28 11:00:00;0.0;87.06865494706113;;227.4278289078269;;;;
2022-11-28 12:00:00;0.0;87.06865494706113;;232.1272054060576;;;;
2022-11-28 13:00:00;0.0;87.06865494706113;;232.8012082783611;;;;
2022-11-28 14:00:00;0.0;87.06865494706113;;229.3880978628441;;;;
2022-11-28 15:00:00;0.0;87.06865494706113;;222.1204578565618;;;;
2022-11-28 16:00:00;0.0;87.06865494706113;;211.4723959158865;;;;
2022-11-28 17:00:00;0.0;87.06865494706113;;198.1429435671132;;;;
2022-11-28 18:00:00;0.0;87.06865494706113;;182.9927596673534;;;;
2022-11-28 19:00:00;0.0;87.06865494706113;;167.011119117444;;;;
2022-11-28 20:00:00;0.0;87.06865494706113;;151.2201897334636;;;;
2022-11-28 21:00:00;0.0;87.06865494706113;;136.6321061340669;;;;
2022-11-28 22:00:00;0.0;87.06865494706113;;124.1470838483832;;;;
2022-11-28 23:00:00;0.0;87.06865494706113;;113.3289793982773;;;;
2022-11-29 00:00:00;0.0;87.06865494706113;;105.9669715349549;;;;
2022-11-29 01:00:00;0.0;87.06865494706113;;102.3496850703299;;;;
2022-11-29 02:00:00;0.0;87.06865494706113;;103.710128499071;;;;
2022-11-29 03:00:00;0.0;87.06865494706113;;108.6072481662353;;;;
2022-11-29 04:00:00;0.0;87.06865494706113;;116.6399838983067;;;;
2022-11-29 05:00:00;0.0;87.06865494706113;;127.213852571547;;;;
2022-11-29 06:00:00;0.0;87.06865494706113;;139.5612434300458;;;;
2022-11-29 07:00:00;0.0;87.06865494706113;;152.8191787416953;;;;
2022-11-29 08:00:00;0.0;87.06865494706113;;166.0626944156272;;;;
2022-11-29 09:00:00;0.0;87.06865494706113;;178.3835184062229;;;;
2022-11-29 10:00:00;0.0;87.06865494706113;;188.9377556121912;;;;
2022-11-29 11:00:00;0.0;87.06865494706113;;196.9954324652072;;;;
2022-11-29 12:00:00;0.0;87.06865494706113;;202.0168151401818;;;;
2022-11-29 13:00:00;0.0;87.06865494706113;;203.6621337693386;;;;
2022-11-29 14:00:00;0.0;87.06865494706113;;201.8155801297606;;;;
2022-11-29 15:00:00;0.0;87.06865494706113;;196.5943756201151;;;;
2022-11-29 16:00:00;0.0;87.06865494706113;;188.3379383830986;;;;
2022-11-29 17:00:00;0.0;87.06865494706113;;177.6135970396758;;;;
2022-11-29 18:00:00;0.0;87.06865494706113;;165.1370153627675;;;;
2022-11-29 19:00:00;0.0;87.06865494706113;;151.7516984519589;;;;
2022-11-29 20:00:00;0.0;87.06865494706113;;138.369121354595;;;;
2022-11-29 21:00:00;0.0;87.06865494706113;;125.9028660986583;;;;
2022-11-29 22:00:00;0.0;87.06865494706113;;115.2144991750995;;;;
2022-11-29 23:00:00;0.0;87.06865494706113;;107.1201065572121;;;;
2022-11-30 00:00:00;0.0;87.06865494706113;;102.1189603158618;;;;
2022-11-30 01:00:00;0.0;87.06865494706113;;100.584253562779;;;;
2022-11-30 02:00:00;0.0;87.06865494706113;;102.5785146233308;;;;
2022-11-30 03:00:00;0.0;87.06865494706113;;108.0731556344401;;;;
2022-11-30 04:00:00;0.0;87.06865494706113;;116.7229807251695;;;;
2022-11-30 05:00:00;0.0;87.06865494706113;;127.961887149524;;;;
2022-11-30 06:00:00;0.0;87.06865494706113;;141.0442496735259;;;;
2022-11-30 07:00:00;0.0;87.06865494706113;;155.0958365638352;;;;
2022-11-30 08:00:00;0.0;87.06865494706113;;169.1604993006395;;;;
2022-11-30 09:00:00;0.0;87.06865494706113;;182.279932192649;;;;
2022-11-30 10:00:00;0.0;87.06865494706113;;193.5555640869556;;;;
2022-11-30 11:00:00;0.0;87.06865494706113;;202.2157268183854;;;;
2022-11-30 12:00:00;0.0;87.06865494706113;;207.6720946059622;;;;
2022-11-30 13:00:00;0.0;87.06865494706113;;209.5414608963644;;;;
2022-11-30 14:00:00;0.0;87.06865494706113;;207.6906973688344;;;;
2022-11-30 15:00:00;0.0;87.06865494706113;;202.2546222758857;;;;
2022-11-30 16:00:00;0.0;87.06865494706113;;193.6015957423389;;;;
2022-11-30 17:00:00;0.0;87.06865494706113;;182.3267165203191;;;;
2022-11-30 18:00:00;0.0;87.06865494706113;;169.1925084911869;;;;
2022-11-30 19:00:00;0.0;87.06865494706113;;155.0966002084327;;;;
2022-11-30 20:00:00;0.0;87.06865494706113;;141.0048882316743;;;;
2022-11-30 21:00:00;0.0;87.06865494706113;;127.8645569835972;;;;
2022-11-30 22:00:00;0.0;87.06865494706113;;116.5582070766532;;;;
2022-11-30 23:00:00;0.0;87.06865494706113;;109.1755805535232;;;;
2022-12-01 00:00:00;0.0;87.06865494706113;;104.8993061274097;;;;
2022-12-01 01:00:00;0.0;87.06865494706113;;104.1217406686722;;;;
2022-12-01 02:00:00;0.0;87.06865494706113;;105.6335296452642;;;;
2022-12-01 03:00:00;0.0;87.06865494706113;;110.6985844119343;;;;
2022-12-01 04:00:00;0.0;87.06865494706113;;118.9048716630457;;;;
2022-12-01 05:00:00;0.0;87.06865494706113;;129.6335066605859;;;;
2022-12-01 06:00:00;0.0;87.06865494706113;;142.0937658920949;;;;
2022-12-01 07:00:00;0.0;87.06865494706113;;155.3832200334;;;;
2022-12-01 08:00:00;0.0;87.06865494706113;;168.552958671179;;;;
2022-12-01 09:00:00;0.0;87.06865494706113;;180.673198721882;;;;
2022-12-01 10:00:00;0.0;87.06865494706113;;190.8881189016946;;;;
2022-12-01 11:00:00;0.0;87.06865494706113;;198.4914207839994;;;;
2022-12-01 12:00:00;0.0;87.06865494706113;;202.9455028480082;;;;
2022-12-01 13:00:00;0.0;87.06865494706113;;203.9404805338504;;;;
2022-12-01 14:00:00;0.0;87.06865494706113;;201.3978466645559;;;;
2022-12-01 15:00:00;0.0;87.06865494706113;;195.4837552017338;;;;
2022-12-01 16:00:00;0.0;87.06865494706113;;186.5995300493862;;;;
2022-12-01 17:00:00;0.0;87.06865494706113;;175.3316041021394;;;;
2022-12-01 18:00:00;0.0;87.06865494706113;;162.4312191781062;;;;
2022-12-01 19:00:00;0.0;87.06865494706113;;148.7405628703556;;;;
2022-12-01 20:00:00;0.0;87.06865494706113;;135.1654558759042;;;;
2022-12-01 21:00:00;0.0;87.06865494706113;;122.5956425810724;;;;
2022-12-01 22:00:00;0.0;87.06865494706113;;111.857935248583;;;;
2022-12-01 23:00:00;0.0;87.06865494706113;;105.1876950147438;;;;
2022-12-02 00:00:00;0.0;87.06865494706113;;101.5501390352977;;;;
2022-12-02 01:00:00;0.0;87.06865494706113;;101.3443716266177;;;;
2022-12-02 02:00:00;0.0;87.06865494706113;;103.2051547145289;;;;
2022-12-02 03:00:00;0.0;87.06865494706113;;108.6364029762516;;;;
2022-12-02 04:00:00;0.0;87.06865494706113;;117.2911151674685;;;;
2022-12-02 05:00:00;0.0;87.06865494706113;;128.6135518966803;;;;
2022-12-02 06:00:00;0.0;87.06865494706113;;141.886136903891;;;;
2022-12-02 07:00:00;0.0;87.06865494706113;;156.2470170790047;;;;
2022-12-02 08:00:00;0.0;87.06865494706113;;170.7698189837822;;;;
2022-12-02 09:00:00;0.0;87.06865494706113;;184.5121258956057;;;;
2022-12-02 10:00:00;0.0;87.06865494706113;;196.5842156936558;;;;
2022-12-02 11:00:00;0.0;87.06865494706113;;206.199709834374;;;;
2022-12-02 12:00:00;0.0;87.06865494706113;;212.735780906239;;;;
2022-12-02 13:00:00;0.0;87.06865494706113;;215.7674191972369;;;;
2022-12-02 14:00:00;0.0;87.06865494706113;;215.1121773844487;;;;
2022-12-02 15:00:00;0.0;87.06865494706113;;210.8223335117988;;;;
2022-12-02 16:00:00;0.0;87.06865494706113;;203.212550843707;;;;
2022-12-02 17:00:00;0.0;87.06865494706113;;192.8090956592134;;;;
2022-12-02 18:00:00;0.0;87.06865494706113;;180.3509139020673;;;;
2022-12-02 19:00:00;0.0;87.06865494706113;;166.7255644602198;;;;
2022-12-02 20:00:00;0.0;87.06865494706113;;152.9240249229225;;;;
2022-12-02 21:00:00;0.0;87.06865494706113;;139.9714892661879;;;;
2022-12-02 22:00:00;0.0;87.06865494706113;;128.8399847881749;;;;
2022-12-02 23:00:00;0.0;87.06865494706113;;121.213241835339;;;;
2022-12-03 00:00:00;0.0;87.06865494706113;;116.9610776946489;;;;
2022-12-03 01:00:00;0.0;87.06865494706113;;116.5976680358896;;;;
2022-12-03 02:00:00;0.0;87.06865494706113;;119.5673016553106;;;;
2022-12-03 03:00:00;0.0;87.06865494706113;;126.6607350889621;;;;
2022-12-03 04:00:00;0.0;87.06865494706113;;137.5300476308519;;;;
2022-12-03 05:00:00;0.0;87.06865494706113;;151.5557448281527;;;;
2022-12-03 06:00:00;0.0;87.06865494706113;;167.8885281805538;;;;
2022-12-03 07:00:00;0.0;87.06865494706113;;185.5031110211575;;;;
2022-12-03 08:00:00;0.0;87.06865494706113;;203.2676637991153;;;;
2022-12-03 09:00:00;0.0;87.06865494706113;;220.0293143463904;;;;
2022-12-03 10:00:00;0.0;87.06865494706113;;234.6813828090839;;;;
2022-12-03 11:00:00;0.0;87.06865494706113;;246.2527411396509;;;;
2022-12-03 12:00:00;0.0;87.06865494706113;;253.9680969647092;;;;
2022-12-03 13:00:00;0.0;87.06865494706113;;257.3173766090574;;;;
2022-12-03 14:00:00;0.0;87.06865494706113;;256.0822660621451;;;;
2022-12-03 15:00:00;0.0;87.06865494706113;;250.3507407016594;;;;
2022-12-03 16:00:00;0.0;87.06865494706113;;240.5422925756089;;;;
2022-12-03 17:00:00;0.0;87.06865494706113;;227.3431599842894;;;;
2022-12-03 18:00:00;0.0;87.06865494706113;;211.7037807862158;;;;
2022-12-03 19:00:00;0.0;87.06865494706113;;194.7230829995102;;;;
2022-12-03 20:00:00;0.0;87.06865494706113;;177.612126079298;;;;
2022-12-03 21:00:00;0.0;87.06865494706113;;161.572750872382;;;;
2022-12-03 22:00:00;0.0;87.06865494706113;;147.7391292345663;;;;
2022-12-03 23:00:00;0.0;87.06865494706113;;136.3636062744514;;;;
2022-12-04 00:00:00;0.0;87.06865494706113;;128.9180580216675;;;;
2022-12-04 01:00:00;0.0;87.06865494706113;;125.8429736915374;;;;
2022-12-04 02:00:00;0.0;87.06865494706113;;127.988726339163;;;;
2022-12-04 03:00:00;0.0;87.06865494706113;;134.4411426596503;;;;
2022-12-04 04:00:00;0.0;87.06865494706113;;144.7260162639911;;;;
2022-12-04 05:00:00;0.0;87.06865494706113;;158.1016198615775;;;;
2022-12-04 06:00:00;0.0;87.06865494706113;;173.6147954627324;;;;
2022-12-04 07:00:00;0.0;87.06865494706113;;190.1693507602503;;;;
2022-12-04 08:00:00;0.0;87.06865494706113;;206.5942346514353;;;;
2022-12-04 09:00:00;0.0;87.06865494706113;;221.7365478869463;;;;
2022-12-04 10:00:00;0.0;87.06865494706113;;234.5320068034895;;;;
2022-12-04 11:00:00;0.0;87.06865494706113;;244.0848209348241;;;;
2022-12-04 12:00:00;0.0;87.06865494706113;;249.7222344763181;;;;
2022-12-04 13:00:00;0.0;87.06865494706113;;251.0530949602776;;;;
2022-12-04 14:00:00;0.0;87.06865494706113;;247.9828454821548;;;;
2022-12-04 15:00:00;0.0;87.06865494706113;;240.7138007066094;;;;
2022-12-04 16:00:00;0.0;87.06865494706113;;229.7291127653891;;;;
2022-12-04 17:00:00;0.0;87.06865494706113;;215.7565025933598;;;;
2022-12-04 18:00:00;0.0;87.06865494706113;;199.7274211911599;;;;
2022-12-04 19:00:00;0.0;87.06865494706113;;182.7051660101505;;;;
2022-12-04 20:00:00;0.0;87.06865494706113;;165.8139541983648;;;;
2022-12-04 21:00:00;0.0;87.06865494706113;;150.1585859231963;;;;
2022-12-04 22:00:00;0.0;87.06865494706113;;136.7462166006999;;;;
2022-12-04 23:00:00;0.0;87.06865494706113;;124.8197605437382;;;;
2022-12-05 00:00:00;0.0;87.06865494706113;;116.6742172249073;;;;
2022-12-05 01:00:00;0.0;87.06865494706113;;112.6335708441845;;;;
2022-12-05 02:00:00;0.0;87.06865494706113;;114.3687616937325;;;;
2022-12-05 03:00:00;0.0;87.06865494706113;;120.006919990593;;;;
2022-12-05 04:00:00;0.0;87.06865494706113;;129.1352863628723;;;;
2022-12-05 05:00:00;0.0;87.06865494706113;;141.104479000671;;;;
2022-12-05 06:00:00;0.0;87.06865494706113;;155.0786636695624;;;;
2022-12-05 07:00:00;0.0;87.06865494706113;;170.0931442823554;;;;
2022-12-05 08:00:00;0.0;87.06865494706113;;185.1163292971829;;;;
2022-12-05 09:00:00;0.0;87.06865494706113;;199.1290507413902;;;;
2022-12-05 10:00:00;0.0;87.06865494706113;;211.1828500618263;;;;
2022-12-05 11:00:00;0.0;87.06865494706113;;220.4631160205287;;;;
2022-12-05 12:00:00;0.0;87.06865494706113;;226.3477770241485;;;;
2022-12-05 13:00:00;0.0;87.06865494706113;;228.4379525209517;;;;
2022-12-05 14:00:00;0.0;87.06865494706113;;226.5845664291768;;;;
2022-12-05 15:00:00;0.0;87.06865494706113;;220.9059963798598;;;;
2022-12-05 16:00:00;0.0;87.06865494706113;;211.7918864656911;;;;
2022-12-05 17:00:00;0.0;87.06865494706113;;199.8626723519767;;;;
2022-12-05 18:00:00;0.0;87.06865494706113;;185.9326103735923;;;;
2022-12-05 19:00:00;0.0;87.06865494706113;;170.9392517506959;;;;
2022-12-05 20:00:00;0.0;87.06865494706113;;155.9135249855466;;;;
2022-12-05 21:00:00;0.0;87.06865494706113;;141.89576947108;;;;
2022-12-05 22:00:00;0.0;87.06865494706113;;129.8588943298713;;;;
2022-12-05 23:00:00;0.0;87.06865494706113;;119.3566093961172;;;;
2022-12-06 00:00:00;0.0;87.06865494706113;;112.3467326309891;;;;
2022-12-06 01:00:00;0.0;87.06865494706113;;109.2056299059062;;;;
2022-12-06 02:00:00;0.0;87.06865494706113;;111.3291785358874;;;;
2022-12-06 03:00:00;0.0;87.06865494706113;;117.2419021982862;;;;
2022-12-06 04:00:00;0.0;87.06865494706113;;126.5655353240254;;;;
2022-12-06 05:00:00;0.0;87.06865494706113;;138.6749395380517;;;;
2022-12-06 06:00:00;0.0;87.06865494706113;;152.7536996621827;;;;
2022-12-06 07:00:00;0.0;87.06865494706113;;167.8386575350029;;;;
2022-12-06 08:00:00;0.0;87.06865494706113;;182.9060768642665;;;;
2022-12-06 09:00:00;0.0;87.06865494706113;;196.9184182045202;;;;
2022-12-06 10:00:00;0.0;87.06865494706113;;208.9127826661229;;;;
2022-12-06 11:00:00;0.0;87.06865494706113;;218.0552637203237;;;;
2022-12-06 12:00:00;0.0;87.06865494706113;;223.7047781847175;;;;
2022-12-06 13:00:00;0.0;87.06865494706113;;225.4651834718701;;;;
2022-12-06 14:00:00;0.0;87.06865494706113;;223.2083143347363;;;;
2022-12-06 15:00:00;0.0;87.06865494706113;;217.0924332451525;;;;
2022-12-06 16:00:00;0.0;87.06865494706113;;207.5201135011094;;;;
2022-12-06 17:00:00;0.0;87.06865494706113;;195.1573076248514;;;;
2022-12-06 18:00:00;0.0;87.06865494706113;;180.8353313356844;;;;
2022-12-06 19:00:00;0.0;87.06865494706113;;165.535097275303;;;;
2022-12-06 20:00:00;0.0;87.06865494706113;;150.2671380367461;;;;
2022-12-06 21:00:00;0.0;87.06865494706113;;136.0486641651588;;;;
2022-12-06 22:00:00;0.0;87.06865494706113;;123.8042455210584;;;;
2022-12-06 23:00:00;0.0;87.06865494706113;;114.3979115891147;;;;
2022-12-07 00:00:00;0.0;87.06865494706113;;108.3361886756465;;;;
2022-12-07 01:00:00;0.0;87.06865494706113;;105.9658108007394;;;;
2022-12-07 02:00:00;0.0;87.06865494706113;;107.2877265103277;;;;
2022-12-07 03:00:00;0.0;87.06865494706113;;112.1949022843043;;;;
2022-12-07 04:00:00;0.0;87.06865494706113;;120.2600854074767;;;;
2022-12-07 05:00:00;0.0;87.06865494706113;;130.8341020000825;;;;
2022-12-07 06:00:00;0.0;87.06865494706113;;143.1008233986247;;;;
2022-12-07 07:00:00;0.0;87.06865494706113;;156.1426215128986;;;;
2022-12-07 08:00:00;0.0;87.06865494706113;;169.0006066381175;;;;
2022-12-07 09:00:00;0.0;87.06865494706113;;180.7365910876129;;;;
2022-12-07 10:00:00;0.0;87.06865494706113;;190.5002644916347;;;;
2022-12-07 11:00:00;0.0;87.06865494706113;;197.5908521201826;;;;
2022-12-07 12:00:00;0.0;87.06865494706113;;201.507242946538;;;;
2022-12-07 13:00:00;0.0;87.06865494706113;;201.9646727476112;;;;
2022-12-07 14:00:00;0.0;87.06865494706113;;198.9208416185068;;;;
2022-12-07 15:00:00;0.0;87.06865494706113;;192.5604286674176;;;;
2022-12-07 16:00:00;0.0;87.06865494706113;;183.3014077607658;;;;
2022-12-07 17:00:00;0.0;87.06865494706113;;171.7523261041385;;;;
2022-12-07 18:00:00;0.0;87.06865494706113;;158.6629707938786;;;;
2022-12-07 19:00:00;0.0;87.06865494706113;;144.872146617069;;;;
2022-12-07 20:00:00;0.0;87.06865494706113;;131.2614813171272;;;;
2022-12-07 21:00:00;0.0;87.06865494706113;;118.6964800788953;;;;
2022-12-07 22:00:00;0.0;87.06865494706113;;107.9701802708969;;;;
2022-12-07 23:00:00;0.0;87.06865494706113;;100.9734652802846;;;;
2022-12-08 00:00:00;0.0;87.06865494706113;;96.94695456743236;;;;
2022-12-08 01:00:00;0.0;87.06865494706113;;96.23019533687622;;;;
2022-12-08 02:00:00;0.0;87.06865494706113;;97.71652200868678;;;;
2022-12-08 03:00:00;0.0;87.06865494706113;;102.5696628901223;;;;
2022-12-08 04:00:00;0.0;87.06865494706113;;110.4360111787669;;;;
2022-12-08 05:00:00;0.0;87.06865494706113;;120.7727425681601;;;;
2022-12-08 06:00:00;0.0;87.06865494706113;;132.88097123704;;;;
2022-12-08 07:00:00;0.0;87.06865494706113;;145.9515015592357;;;;
2022-12-08 08:00:00;0.0;87.06865494706113;;159.1179185498932;;;;
2022-12-08 09:00:00;0.0;87.06865494706113;;171.5147502482524;;;;
2022-12-08 10:00:00;0.0;87.06865494706113;;182.3228100383017;;;;
2022-12-08 11:00:00;0.0;87.06865494706113;;190.8316002257951;;;;
2022-12-08 12:00:00;0.0;87.06865494706113;;196.4786282938302;;;;
2022-12-08 13:00:00;0.0;87.06865494706113;;198.8976369190013;;;;
2022-12-08 14:00:00;0.0;87.06865494706113;;197.9312379655544;;;;
2022-12-08 15:00:00;0.0;87.06865494706113;;193.6479913137802;;;;
2022-12-08 16:00:00;0.0;87.06865494706113;;186.3440379951764;;;;
2022-12-08 17:00:00;0.0;87.06865494706113;;176.5299907120544;;;;
2022-12-08 18:00:00;0.0;87.06865494706113;;164.8877212887537;;;;
2022-12-08 19:00:00;0.0;87.06865494706113;;152.2304340592466;;;;
2022-12-08 20:00:00;0.0;87.06865494706113;;139.4586714659465;;;;
2022-12-08 21:00:00;0.0;87.06865494706113;;127.5005948476974;;;;
2022-12-08 22:00:00;0.0;87.06865494706113;;117.2429468354916;;;;
2022-12-08 23:00:00;0.0;87.06865494706113;;111.0871155539501;;;;
2022-12-09 00:00:00;0.0;87.06865494706113;;108.017618090607;;;;
2022-12-09 01:00:00;0.0;87.06865494706113;;108.5209459768889;;;;
2022-12-09 02:00:00;0.0;87.06865494706113;;111.2257111374561;;;;
2022-12-09 03:00:00;0.0;87.06865494706113;;117.7643878130401;;;;
2022-12-09 04:00:00;0.0;87.06865494706113;;127.8160312300196;;;;
2022-12-09 05:00:00;0.0;87.06865494706113;;140.8034416563272;;;;
2022-12-09 06:00:00;0.0;87.06865494706113;;155.9439680524811;;;;
2022-12-09 07:00:00;0.0;87.06865494706113;;172.2811727073546;;;;
2022-12-09 08:00:00;0.0;87.06865494706113;;188.7702630104004;;;;
2022-12-09 09:00:00;0.0;87.06865494706113;;204.3413802660622;;;;
2022-12-09 10:00:00;0.0;87.06865494706113;;217.9610455210104;;;;
2022-12-09 11:00:00;0.0;87.06865494706113;;228.7317679276588;;;;
2022-12-09 12:00:00;0.0;87.06865494706113;;235.9407400503084;;;;
2022-12-09 13:00:00;0.0;87.06865494706113;;239.1149651304264;;;;
2022-12-09 14:00:00;0.0;87.06865494706113;;238.0465569650456;;;;
2022-12-09 15:00:00;0.0;87.06865494706113;;232.8163789348817;;;;
2022-12-09 16:00:00;0.0;87.06865494706113;;223.8109439901866;;;;
2022-12-09 17:00:00;0.0;87.06865494706113;;211.6586675896707;;;;
2022-12-09 18:00:00;0.0;87.06865494706113;;197.2288767180426;;;;
2022-12-09 19:00:00;0.0;87.06865494706113;;181.5359568292752;;;;
2022-12-09 20:00:00;0.0;87.06865494706113;;165.7139192674964;;;;
2022-12-09 21:00:00;0.0;87.06865494706113;;150.8805240537384;;;;
2022-12-09 22:00:00;0.0;87.06865494706113;;138.0910020264562;;;;
2022-12-09 23:00:00;0.0;87.06865494706113;;129.1041005574598;;;;
2022-12-10 00:00:00;0.0;87.06865494706113;;123.75968474984;;;;
2022-12-10 01:00:00;0.0;87.06865494706113;;122.5425775650714;;;;
2022-12-10 02:00:00;0.0;87.06865494706113;;124.7849765105484;;;;
2022-12-10 03:00:00;0.0;87.06865494706113;;131.2367204688637;;;;
2022-12-10 04:00:00;0.0;87.06865494706113;;141.4589510579833;;;;
2022-12-10 05:00:00;0.0;87.06865494706113;;154.7441151849645;;;;
2022-12-10 06:00:00;0.0;87.06865494706113;;170.1741493182552;;;;
2022-12-10 07:00:00;0.0;87.06865494706113;;186.67899077632;;;;
2022-12-10 08:00:00;0.0;87.06865494706113;;203.1207837590889;;;;
2022-12-10 09:00:00;0.0;87.06865494706113;;218.354210459696;;;;
2022-12-10 10:00:00;0.0;87.06865494706113;;231.3272835453409;;;;
2022-12-10 11:00:00;0.0;87.06865494706113;;241.152687673203;;;;
2022-12-10 12:00:00;0.0;87.06865494706113;;247.1670782807729;;;;
2022-12-10 13:00:00;0.0;87.06865494706113;;248.9508162046543;;;;
2022-12-10 14:00:00;0.0;87.06865494706113;;246.3759147150201;;;;
2022-12-10 15:00:00;0.0;87.06865494706113;;239.624538483245;;;;
2022-12-10 16:00:00;0.0;87.06865494706113;;229.1542412127597;;;;
2022-12-10 17:00:00;0.0;87.06865494706113;;215.6778672622427;;;;
2022-12-10 18:00:00;0.0;87.06865494706113;;200.0910379412069;;;;
2022-12-10 19:00:00;0.0;87.06865494706113;;183.4553134718755;;;;
2022-12-10 20:00:00;0.0;87.06865494706113;;166.8803104655793;;;;
2022-12-10 21:00:00;0.0;87.06865494706113;;151.4853989954954;;;;
2022-12-10 22:00:00;0.0;87.06865494706113;;138.2894250461326;;;;
2022-12-10 23:00:00;0.0;87.06865494706113;;127.4989307317951;;;;
2022-12-11 00:00:00;0.0;87.06865494706113;;120.4732473197379;;;;
2022-12-11 01:00:00;0.0;87.06865494706113;;117.618524928213;;;;
2022-12-11 02:00:00;0.0;87.06865494706113;;119.7350758687801;;;;
2022-12-11 03:00:00;0.0;87.06865494706113;;125.9661413017417;;;;
2022-12-11 04:00:00;0.0;87.06865494706113;;135.8963495496767;;;;
2022-12-11 05:00:00;0.0;87.06865494706113;;148.8707103454187;;;;
2022-12-11 06:00:00;0.0;87.06865494706113;;164.0202690139041;;;;
2022-12-11 07:00:00;0.0;87.06865494706113;;180.3446170162066;;;;
2022-12-11 08:00:00;0.0;87.06865494706113;;196.7600329013023;;;;
2022-12-11 09:00:00;0.0;87.06865494706113;;212.1859783901136;;;;
2022-12-11 10:00:00;0.0;87.06865494706113;;225.5957236843108;;;;
2022-12-11 11:00:00;0.0;87.06865494706113;;236.1022829162729;;;;
2022-12-11 12:00:00;0.0;87.06865494706113;;242.9938643713915;;;;
2022-12-11 13:00:00;0.0;87.06865494706113;;245.8212782209979;;;;
2022-12-11 14:00:00;0.0;87.06865494706113;;244.3968136451828;;;;
2022-12-11 15:00:00;0.0;87.06865494706113;;238.8414040013719;;;;
2022-12-11 16:00:00;0.0;87.06865494706113;;229.5229943443879;;;;
2022-12-11 17:00:00;0.0;87.06865494706113;;217.0867162653857;;;;
2022-12-11 18:00:00;0.0;87.06865494706113;;202.3959313950516;;;;
2022-12-11 19:00:00;0.0;87.06865494706113;;186.4837399964405;;;;
2022-12-11 20:00:00;0.0;87.06865494706113;;170.459451632672;;;;
2022-12-11 21:00:00;0.0;87.06865494706113;;155.458817505769;;;;
2022-12-11 22:00:00;0.0;87.06865494706113;;142.5623055894375;;;;
2022-12-11 23:00:00;0.0;87.06865494706113;;130.9880883154517;;;;
2022-12-12 00:00:00;0.0;87.06865494706113;;123.2217645908739;;;;
2022-12-12 01:00:00;0.0;87.06865494706113;;119.6784759659291;;;;
2022-12-12 02:00:00;0.0;87.06865494706113;;122.2198986260788;;;;
2022-12-12 03:00:00;0.0;87.06865494706113;;128.9281133028805;;;;
2022-12-12 04:00:00;0.0;87.06865494706113;;139.4025394816679;;;;
2022-12-12 05:00:00;0.0;87.06865494706113;;152.9788372873003;;;;
2022-12-12 06:00:00;0.0;87.06865494706113;;168.7607540410289;;;;
2022-12-12 07:00:00;0.0;87.06865494706113;;185.69572841185;;;;
2022-12-12 08:00:00;0.0;87.06865494706113;;202.63853128889;;;;
2022-12-12 09:00:00;0.0;87.06865494706113;;218.444140839681;;;;
2022-12-12 10:00:00;0.0;87.06865494706113;;232.0266503382876;;;;
2022-12-12 11:00:00;0.0;87.06865494706113;;242.4557580647626;;;;
2022-12-12 12:00:00;0.0;87.06865494706113;;248.9939038397973;;;;
2022-12-12 13:00:00;0.0;87.06865494706113;;251.2042561943466;;;;
2022-12-12 14:00:00;0.0;87.06865494706113;;248.9261512322002;;;;
2022-12-12 15:00:00;0.0;87.06865494706113;;242.3181041534929;;;;
2022-12-12 16:00:00;0.0;87.06865494706113;;231.8308703165345;;;;
2022-12-12 17:00:00;0.0;87.06865494706113;;218.17939272658;;;;
2022-12-12 18:00:00;0.0;87.06865494706113;;202.3180267726827;;;;
2022-12-12 19:00:00;0.0;87.06865494706113;;185.3113799793876;;;;
2022-12-12 20:00:00;0.0;87.06865494706113;;168.3217329036774;;;;
2022-12-12 21:00:00;0.0;87.06865494706113;;152.4737149802248;;;;
2022-12-12 22:00:00;0.0;87.06865494706113;;138.8249001839879;;;;
2022-12-12 23:00:00;0.0;87.06865494706113;;126.8765967121013;;;;
2022-12-13 00:00:00;0.0;87.06865494706113;;118.6986310155516;;;;
2022-12-13 01:00:00;0.0;87.06865494706113;;114.6306184755513;;;;
2022-12-13 02:00:00;0.0;87.06865494706113;;116.090520439341;;;;
2022-12-13 03:00:00;0.0;87.06865494706113;;121.4207167434443;;;;
2022-12-13 04:00:00;0.0;87.06865494706113;;130.1496066422215;;;;
2022-12-13 05:00:00;0.0;87.06865494706113;;141.5767469325695;;;;
2022-12-13 06:00:00;0.0;87.06865494706113;;154.8264200153497;;;;
2022-12-13 07:00:00;0.0;87.06865494706113;;168.899304966196;;;;
2022-12-13 08:00:00;0.0;87.06865494706113;;182.7545685654168;;;;
2022-12-13 09:00:00;0.0;87.06865494706113;;195.3672669858548;;;;
2022-12-13 10:00:00;0.0;87.06865494706113;;205.8186579744366;;;;
2022-12-13 11:00:00;0.0;87.06865494706113;;213.365861993435;;;;
2022-12-13 12:00:00;0.0;87.06865494706113;;217.4545671834816;;;;
2022-12-13 13:00:00;0.0;87.06865494706113;;217.7869790011134;;;;
2022-12-13 14:00:00;0.0;87.06865494706113;;214.3097461226714;;;;
2022-12-13 15:00:00;0.0;87.06865494706113;;207.2628293701617;;;;
2022-12-13 16:00:00;0.0;87.06865494706113;;197.0908665861487;;;;
2022-12-13 17:00:00;0.0;87.06865494706113;;184.4495179107266;;;;
2022-12-13 18:00:00;0.0;87.06865494706113;;170.1559425446946;;;;
2022-12-13 19:00:00;0.0;87.06865494706113;;155.140591931929;;;;
2022-12-13 20:00:00;0.0;87.06865494706113;;140.3554587610985;;;;
2022-12-13 21:00:00;0.0;87.06865494706113;;126.7158958100597;;;;
2022-12-13 22:00:00;0.0;87.06865494706113;;115.0541832463327;;;;
2022-12-13 23:00:00;0.0;87.06865494706113;;106.1355882460711;;;;
2022-12-14 00:00:00;0.0;87.06865494706113;;100.4110441223531;;;;
2022-12-14 01:00:00;0.0;87.06865494706113;;98.18740044107362;;;;
2022-12-14 02:00:00;0.0;87.06865494706113;;99.46794714427296;;;;
2022-12-14 03:00:00;0.0;87.06865494706113;;104.1549008006249;;;;
2022-12-14 04:00:00;0.0;87.06865494706113;;111.8630174892678;;;;
2022-12-14 05:00:00;0.0;87.06865494706113;;122.0227122206752;;;;
2022-12-14 06:00:00;0.0;87.06865494706113;;133.9101697537309;;;;
2022-12-14 07:00:00;0.0;87.06865494706113;;146.6948336772356;;;;
2022-12-14 08:00:00;0.0;87.06865494706113;;159.5000629958762;;;;
2022-12-14 09:00:00;0.0;87.06865494706113;;171.4537276872896;;;;
2022-12-14 10:00:00;0.0;87.06865494706113;;181.7553113588139;;;;
2022-12-14 11:00:00;0.0;87.06865494706113;;189.7030495587308;;;;
2022-12-14 12:00:00;0.0;87.06865494706113;;194.7703266899892;;;;
2022-12-14 13:00:00;0.0;87.06865494706113;;196.6056445786207;;;;
2022-12-14 14:00:00;0.0;87.06865494706113;;195.0927628076263;;;;
2022-12-14 15:00:00;0.0;87.06865494706113;;190.3280981748733;;;;
2022-12-14 16:00:00;0.0;87.06865494706113;;182.634014742209;;;;
2022-12-14 17:00:00;0.0;87.06865494706113;;172.5271830649685;;;;
2022-12-14 18:00:00;0.0;87.06865494706113;;160.6949991372023;;;;
2022-12-14 19:00:00;0.0;87.06865494706113;;147.9460197467639;;;;
2022-12-14 20:00:00;0.0;87.06865494706113;;135.1589086108403;;;;
2022-12-14 21:00:00;0.0;87.06865494706113;;123.224849505993;;;;
2022-12-14 22:00:00;0.0;87.06865494706113;;112.9929463916026;;;;
2022-12-14 23:00:00;0.0;87.06865494706113;;106.5028101279174;;;;
2022-12-15 00:00:00;0.0;87.06865494706113;;103.0153505956428;;;;
2022-12-15 01:00:00;0.0;87.06865494706113;;102.9631594045016;;;;
2022-12-15 02:00:00;0.0;87.06865494706113;;105.2474503747805;;;;
2022-12-15 03:00:00;0.0;87.06865494706113;;111.1520450837443;;;;
2022-12-15 04:00:00;0.0;87.06865494706113;;120.3419342421379;;;;
2022-12-15 05:00:00;0.0;87.06865494706113;;132.2564826504649;;;;
2022-12-15 06:00:00;0.0;87.06865494706113;;146.137998833393;;;;
2022-12-15 07:00:00;0.0;87.06865494706113;;161.0866423318838;;;;
2022-12-15 08:00:00;0.0;87.06865494706113;;176.136200979745;;;;
2022-12-15 09:00:00;0.0;87.06865494706113;;190.2806714378876;;;;
2022-12-15 10:00:00;0.0;87.06865494706113;;202.5785276176778;;;;
2022-12-15 11:00:00;0.0;87.06865494706113;;212.1909575384983;;;;
2022-12-15 12:00:00;0.0;87.06865494706113;;218.4798756436774;;;;
2022-12-15 13:00:00;0.0;87.06865494706113;;221.0229883273097;;;;
2022-12-15 14:00:00;0.0;87.06865494706113;;219.6497627774343;;;;
2022-12-15 15:00:00;0.0;87.06865494706113;;214.4600067147277;;;;
2022-12-15 16:00:00;0.0;87.06865494706113;;205.818789934403;;;;
2022-12-15 17:00:00;0.0;87.06865494706113;;194.340743705008;;;;
2022-12-15 18:00:00;0.0;87.06865494706113;;180.8246282491486;;;;
2022-12-15 19:00:00;0.0;87.06865494706113;;166.2144799134303;;;;
2022-12-15 20:00:00;0.0;87.06865494706113;;151.5245803542858;;;;
2022-12-15 21:00:00;0.0;87.06865494706113;;137.7809335821422;;;;
2022-12-15 22:00:00;0.0;87.06865494706113;;125.9394847756778;;;;
2022-12-15 23:00:00;0.0;87.06865494706113;;118.5373688767598;;;;
2022-12-16 00:00:00;0.0;87.06865494706113;;114.4597538404704;;;;
2022-12-16 01:00:00;0.0;87.06865494706113;;114.1656048419257;;;;
2022-12-16 02:00:00;0.0;87.06865494706113;;116.136057033428;;;;
2022-12-16 03:00:00;0.0;87.06865494706113;;122.0303259683938;;;;
2022-12-16 04:00:00;0.0;87.06865494706113;;131.4279980239272;;;;
2022-12-16 05:00:00;0.0;87.06865494706113;;143.6627629122115;;;;
2022-12-16 06:00:00;0.0;87.06865494706113;;157.8904854289762;;;;
2022-12-16 07:00:00;0.0;87.06865494706113;;173.1048338646223;;;;
2022-12-16 08:00:00;0.0;87.06865494706113;;188.2550336902762;;;;
2022-12-16 09:00:00;0.0;87.06865494706113;;202.2903879355937;;;;
2022-12-16 10:00:00;0.0;87.06865494706113;;214.2588204867575;;;;
2022-12-16 11:00:00;0.0;87.06865494706113;;223.3352450638544;;;;
2022-12-16 12:00:00;0.0;87.06865494706113;;228.8778425795829;;;;
2022-12-16 13:00:00;0.0;87.06865494706113;;230.5091468998559;;;;
2022-12-16 14:00:00;0.0;87.06865494706113;;228.1204383606108;;;;
2022-12-16 15:00:00;0.0;87.06865494706113;;221.890427899595;;;;
2022-12-16 16:00:00;0.0;87.06865494706113;;212.2419506955528;;;;
2022-12-16 17:00:00;0.0;87.06865494706113;;199.8227886014569;;;;
2022-12-16 18:00:00;0.0;87.06865494706113;;185.4590420511001;;;;
2022-12-16 19:00:00;0.0;87.06865494706113;;170.1256997850942;;;;
2022-12-16 20:00:00;0.0;87.06865494706113;;154.8515648103198;;;;
2022-12-16 21:00:00;0.0;87.06865494706113;;140.6676034017249;;;;
2022-12-16 22:00:00;0.0;87.06865494706113;;128.5263409152408;;;;
2022-12-16 23:00:00;0.0;87.06865494706113;;120.0256445249372;;;;
2022-12-17 00:00:00;0.0;87.06865494706113;;115.0094285547841;;;;
2022-12-17 01:00:00;0.0;87.06865494706113;;113.9010553856884;;;;
2022-12-17 02:00:00;0.0;87.06865494706113;;116.1063743016543;;;;
2022-12-17 03:00:00;0.0;87.06865494706113;;122.3233367825814;;;;
2022-12-17 04:00:00;0.0;87.06865494706113;;132.1669862072184;;;;
2022-12-17 05:00:00;0.0;87.06865494706113;;145.0167857909672;;;;
2022-12-17 06:00:00;0.0;87.06865494706113;;160.0539395253037;;;;
2022-12-17 07:00:00;0.0;87.06865494706113;;176.3099378329198;;;;
2022-12-17 08:00:00;0.0;87.06865494706113;;192.72656315677;;;;
2022-12-17 09:00:00;0.0;87.06865494706113;;208.2422295620156;;;;
2022-12-17 10:00:00;0.0;87.06865494706113;;221.8442072048169;;;;
2022-12-17 11:00:00;0.0;87.06865494706113;;232.6548494126777;;;;
2022-12-17 12:00:00;0.0;87.06865494706113;;239.9658116949151;;;;
2022-12-17 13:00:00;0.0;87.06865494706113;;243.2951015812599;;;;
2022-12-17 14:00:00;0.0;87.06865494706113;;242.4303189628462;;;;
2022-12-17 15:00:00;0.0;87.06865494706113;;237.4450421805689;;;;
2022-12-17 16:00:00;0.0;87.06865494706113;;228.7118239220725;;;;
2022-12-17 17:00:00;0.0;87.06865494706113;;216.8273176298993;;;;
2022-12-17 18:00:00;0.0;87.06865494706113;;202.6337942129385;;;;
2022-12-17 19:00:00;0.0;87.06865494706113;;187.1333087388954;;;;
2022-12-17 20:00:00;0.0;87.06865494706113;;171.4555356433598;;;;
2022-12-17 21:00:00;0.0;87.06865494706113;;156.7384240343769;;;;
2022-12-17 22:00:00;0.0;87.06865494706113;;144.0806489392626;;;;
2022-12-17 23:00:00;0.0;87.06865494706113;;133.7166053365158;;;;
2022-12-18 00:00:00;0.0;87.06865494706113;;127.158331366009;;;;
2022-12-18 01:00:00;0.0;87.06865494706113;;124.8994257558817;;;;
2022-12-18 02:00:00;0.0;87.06865494706113;;127.8706313730459;;;;
2022-12-18 03:00:00;0.0;87.06865494706113;;135.2219143861471;;;;
2022-12-18 04:00:00;0.0;87.06865494706113;;146.5600382738328;;;;
2022-12-18 05:00:00;0.0;87.06865494706113;;161.2132238358062;;;;
2022-12-18 06:00:00;0.0;87.06865494706113;;178.2659832533258;;;;
2022-12-18 07:00:00;0.0;87.06865494706113;;196.6106507768691;;;;
2022-12-18 08:00:00;0.0;87.06865494706113;;215.0353279064412;;;;
2022-12-18 09:00:00;0.0;87.06865494706113;;232.3220576418167;;;;
2022-12-18 10:00:00;0.0;87.06865494706113;;247.313965200652;;;;
2022-12-18 11:00:00;0.0;87.06865494706113;;258.9933543420876;;;;
2022-12-18 12:00:00;0.0;87.06865494706113;;266.5706296573514;;;;
2022-12-18 13:00:00;0.0;87.06865494706113;;269.5310599289962;;;;
2022-12-18 14:00:00;0.0;87.06865494706113;;267.694401416095;;;;
2022-12-18 15:00:00;0.0;87.06865494706113;;261.1814479324807;;;;
2022-12-18 16:00:00;0.0;87.06865494706113;;250.448670447466;;;;
2022-12-18 17:00:00;0.0;87.06865494706113;;236.2300067153091;;;;
2022-12-18 18:00:00;0.0;87.06865494706113;;219.5283785962134;;;;
2022-12-18 19:00:00;0.0;87.06865494706113;;201.4999449634163;;;;
2022-12-18 20:00:00;0.0;87.06865494706113;;183.400369404619;;;;
2022-12-18 21:00:00;0.0;87.06865494706113;;166.465945191461;;;;
2022-12-18 22:00:00;0.0;87.06865494706113;;151.866441696645;;;;
2022-12-18 23:00:00;0.0;87.06865494706113;;138.7546639622503;;;;
2022-12-19 00:00:00;0.0;87.06865494706113;;129.7402505068404;;;;
2022-12-19 01:00:00;0.0;87.06865494706113;;125.2020673899554;;;;
2022-12-19 02:00:00;0.0;87.06865494706113;;127.0389819590105;;;;
2022-12-19 03:00:00;0.0;87.06865494706113;;133.1256206741428;;;;
2022-12-19 04:00:00;0.0;87.06865494706113;;142.9771310264119;;;;
2022-12-19 05:00:00;0.0;87.06865494706113;;155.8356638117829;;;;
2022-12-19 06:00:00;0.0;87.06865494706113;;170.738948915931;;;;
2022-12-19 07:00:00;0.0;87.06865494706113;;186.5823583456055;;;;
2022-12-19 08:00:00;0.0;87.06865494706113;;202.2099380985177;;;;
2022-12-19 09:00:00;0.0;87.06865494706113;;216.5019682169299;;;;
2022-12-19 10:00:00;0.0;87.06865494706113;;228.4350036814085;;;;
2022-12-19 11:00:00;0.0;87.06865494706113;;237.1619612337769;;;;
2022-12-19 12:00:00;0.0;87.06865494706113;;242.0583769361414;;;;
2022-12-19 13:00:00;0.0;87.06865494706113;;242.7637489880039;;;;
2022-12-19 14:00:00;0.0;87.06865494706113;;239.21845072668;;;;
2022-12-19 15:00:00;0.0;87.06865494706113;;231.6497188748156;;;;
2022-12-19 16:00:00;0.0;87.06865494706113;;220.5551254340279;;;;
2022-12-19 17:00:00;0.0;87.06865494706113;;206.6557087351185;;;;
2022-12-19 18:00:00;0.0;87.06865494706113;;190.8516551064239;;;;
2022-12-19 19:00:00;0.0;87.06865494706113;;174.1770921916171;;;;
2022-12-19 20:00:00;0.0;87.06865494706113;;157.7110889841561;;;;
2022-12-19 21:00:00;0.0;87.06865494706113;;142.5009176967509;;;;
2022-12-19 22:00:00;0.0;87.06865494706113;;129.4891705880484;;;;
2022-12-19 23:00:00;0.0;87.06865494706113;;118.1728541956093;;;;
2022-12-20 00:00:00;0.0;87.06865494706113;;110.4589643988256;;;;
2022-12-20 01:00:00;0.0;87.06865494706113;;106.6487089212541;;;;
2022-12-20 02:00:00;0.0;87.06865494706113;;108.0691670613738;;;;
2022-12-20 03:00:00;0.0;87.06865494706113;;113.1718416168738;;;;
2022-12-20 04:00:00;0.0;87.06865494706113;;121.5410230001937;;;;
2022-12-20 05:00:00;0.0;87.06865494706113;;132.5494834396363;;;;
2022-12-20 06:00:00;0.0;87.06865494706113;;145.408280625539;;;;
2022-12-20 07:00:00;0.0;87.06865494706113;;159.2144461103232;;;;
2022-12-20 08:00:00;0.0;87.06865494706113;;173.0065481769249;;;;
2022-12-20 09:00:00;0.0;87.06865494706113;;185.8436041291493;;;;
2022-12-20 10:00:00;0.0;87.06865494706113;;196.8395919714067;;;;
2022-12-20 11:00:00;0.0;87.06865494706113;;205.2493578566092;;;;
2022-12-20 12:00:00;0.0;87.06865494706113;;210.4845587137364;;;;
2022-12-20 13:00:00;0.0;87.06865494706113;;212.1996293544899;;;;
2022-12-20 14:00:00;0.0;87.06865494706113;;210.2633708672298;;;;
2022-12-20 15:00:00;0.0;87.06865494706113;;204.814455828726;;;;
2022-12-20 16:00:00;0.0;87.06865494706113;;196.2152321989347;;;;
2022-12-20 17:00:00;0.0;87.06865494706113;;185.0457621429477;;;;
2022-12-20 18:00:00;0.0;87.06865494706113;;172.0516547452365;;;;
2022-12-20 19:00:00;0.0;87.06865494706113;;158.103148094044;;;;
2022-12-20 20:00:00;0.0;87.06865494706113;;144.1566275420699;;;;
2022-12-20 21:00:00;0.0;87.06865494706113;;131.1640548520597;;;;
2022-12-20 22:00:00;0.0;87.06865494706113;;120.0245644248272;;;;
2022-12-20 23:00:00;0.0;87.06865494706113;;111.5571754903818;;;;
2022-12-21 00:00:00;0.0;87.06865494706113;;106.3137625518989;;;;
2022-12-21 01:00:00;0.0;87.06865494706113;;104.6726829587315;;;;
2022-12-21 02:00:00;0.0;87.06865494706113;;106.73759420029;;;;
2022-12-21 03:00:00;0.0;87.06865494706113;;112.4465677510872;;;;
2022-12-21 04:00:00;0.0;87.06865494706113;;121.4444976573725;;;;
2022-12-21 05:00:00;0.0;87.06865494706113;;133.136415001465;;;;
2022-12-21 06:00:00;0.0;87.06865494706113;;146.7422267651739;;;;
2022-12-21 07:00:00;0.0;87.06865494706113;;161.3474084435696;;;;
2022-12-21 08:00:00;0.0;87.06865494706113;;175.958212275134;;;;
2022-12-21 09:00:00;0.0;87.06865494706113;;189.5869234002047;;;;
2022-12-21 10:00:00;0.0;87.06865494706113;;201.3080869492691;;;;
2022-12-21 11:00:00;0.0;87.06865494706113;;210.3221120309099;;;;
2022-12-21 12:00:00;0.0;87.06865494706113;;216.002404448708;;;;
2022-12-21 13:00:00;0.0;87.06865494706113;;217.9439101220234;;;;
2022-12-21 14:00:00;0.0;87.06865494706113;;216.0202399753136;;;;
2022-12-21 15:00:00;0.0;87.06865494706113;;210.3601459470079;;;;
2022-12-21 16:00:00;0.0;87.06865494706113;;201.3587683431837;;;;
2022-12-21 17:00:00;0.0;87.06865494706113;;189.626943301885;;;;
2022-12-21 18:00:00;0.0;87.06865494706113;;175.9764855163277;;;;
2022-12-21 19:00:00;0.0;87.06865494706113;;161.3260408055782;;;;
2022-12-21 20:00:00;0.0;87.06865494706113;;146.6765278363927;;;;
2022-12-21 21:00:00;0.0;87.06865494706113;;133.0094493663127;;;;
2022-12-21 22:00:00;0.0;87.06865494706113;;121.2525388297575;;;;
2022-12-21 23:00:00;0.0;87.06865494706113;;113.531163926175;;;;
2022-12-22 00:00:00;0.0;87.06865494706113;;109.0470999983199;;;;
2022-12-22 01:00:00;0.0;87.06865494706113;;108.1999751031144;;;;
2022-12-22 02:00:00;0.0;87.06865494706113;;109.7723550023597;;;;
2022-12-22 03:00:00;0.0;87.06865494706113;;115.0348074759118;;;;
2022-12-22 04:00:00;0.0;87.06865494706113;;123.565759883172;;;;
2022-12-22 05:00:00;0.0;87.06865494706113;;134.7261768014648;;;;
2022-12-22 06:00:00;0.0;87.06865494706113;;147.6914543860112;;;;
2022-12-22 07:00:00;0.0;87.06865494706113;;161.5217634358287;;;;
2022-12-22 08:00:00;0.0;87.06865494706113;;175.2270924303724;;;;
2022-12-22 09:00:00;0.0;87.06865494706113;;187.8333244005559;;;;
2022-12-22 10:00:00;0.0;87.06865494706113;;198.4546776133739;;;;
2022-12-22 11:00:00;0.0;87.06865494706113;;206.3441925048058;;;;
2022-12-22 12:00:00;0.0;87.06865494706113;;210.9639450920484;;;;
2022-12-22 13:00:00;0.0;87.06865494706113;;211.9909246129078;;;;
2022-12-22 14:00:00;0.0;87.06865494706113;;209.3505940905876;;;;
2022-12-22 15:00:00;0.0;87.06865494706113;;203.2052011518281;;;;
2022-12-22 16:00:00;0.0;87.06865494706113;;193.9624782979722;;;;
2022-12-22 17:00:00;0.0;87.06865494706113;;182.2435219683621;;;;
2022-12-22 18:00:00;0.0;87.06865494706113;;168.8251830135125;;;;
2022-12-22 19:00:00;0.0;87.06865494706113;;154.5905070045116;;;;
2022-12-22 20:00:00;0.0;87.06865494706113;;140.4747049487301;;;;
2022-12-22 21:00:00;0.0;87.06865494706113;;127.4041825188591;;;;
2022-12-22 22:00:00;0.0;87.06865494706113;;116.2351237234996;;;;
2022-12-22 23:00:00;0.0;87.06865494706113;;109.259108747519;;;;
2022-12-23 00:00:00;0.0;87.06865494706113;;105.439627870992;;;;
2022-12-23 01:00:00;0.0;87.06865494706113;;105.1891297807536;;;;
2022-12-23 02:00:00;0.0;87.06865494706113;;107.1199956701722;;;;
2022-12-23 03:00:00;0.0;87.06865494706113;;112.7589659458664;;;;
2022-12-23 04:00:00;0.0;87.06865494706113;;121.7477673711777;;;;
2022-12-23 05:00:00;0.0;87.06865494706113;;133.5099444580582;;;;
2022-12-23 06:00:00;0.0;87.06865494706113;;147.2806622624692;;;;
2022-12-23 07:00:00;0.0;87.06865494706113;;162.1816952259699;;;;
2022-12-23 08:00:00;0.0;87.06865494706113;;177.2393499795275;;;;
2022-12-23 09:00:00;0.0;87.06865494706113;;191.4883020127638;;;;
2022-12-23 10:00:00;0.0;87.06865494706113;;204.0031904685803;;;;
2022-12-23 11:00:00;0.0;87.06865494706113;;213.9813554936028;;;;
2022-12-23 12:00:00;0.0;87.06865494706113;;220.7738935491247;;;;
2022-12-23 13:00:00;0.0;87.06865494706113;;223.9338926518454;;;;
2022-12-23 14:00:00;0.0;87.06865494706113;;223.2577143038775;;;;
2022-12-23 15:00:00;0.0;87.06865494706113;;218.8100749190581;;;;
2022-12-23 16:00:00;0.0;87.06865494706113;;210.9036056066855;;;;
2022-12-23 17:00:00;0.0;87.06865494706113;;200.1099979387679;;;;
2022-12-23 18:00:00;0.0;87.06865494706113;;187.1887199015544;;;;
2022-12-23 19:00:00;0.0;87.06865494706113;;173.0611787497712;;;;
2022-12-23 20:00:00;0.0;87.06865494706113;;158.7438839054914;;;;
2022-12-23 21:00:00;0.0;87.06865494706113;;145.2952264912178;;;;
2022-12-23 22:00:00;0.0;87.06865494706113;;133.7346883258627;;;;
2022-12-23 23:00:00;0.0;87.06865494706113;;125.7716008288537;;;;
2022-12-24 00:00:00;0.0;87.06865494706113;;121.3255837476296;;;;
2022-12-24 01:00:00;0.0;87.06865494706113;;120.9174771365737;;;;
2022-12-24 02:00:00;0.0;87.06865494706113;;124.0021500656744;;;;
2022-12-24 03:00:00;0.0;87.06865494706113;;131.353960022322;;;;
2022-12-24 04:00:00;0.0;87.06865494706113;;142.6229849962698;;;;
2022-12-24 05:00:00;0.0;87.06865494706113;;157.1617351253588;;;;
2022-12-24 06:00:00;0.0;87.06865494706113;;174.0942188174428;;;;
2022-12-24 07:00:00;0.0;87.06865494706113;;192.3521010050083;;;;
2022-12-24 08:00:00;0.0;87.06865494706113;;210.7633602260648;;;;
2022-12-24 09:00:00;0.0;87.06865494706113;;228.1328421051493;;;;
2022-12-24 10:00:00;0.0;87.06865494706113;;243.3128276102914;;;;
2022-12-24 11:00:00;0.0;87.06865494706113;;255.3035988203105;;;;
2022-12-24 12:00:00;0.0;87.06865494706113;;263.2973798228907;;;;
2022-12-24 13:00:00;0.0;87.06865494706113;;266.7662189842891;;;;
2022-12-24 14:00:00;0.0;87.06865494706113;;265.4815862361177;;;;
2022-12-24 15:00:00;0.0;87.06865494706113;;259.5432077407469;;;;
2022-12-24 16:00:00;0.0;87.06865494706113;;249.3860142076483;;;;
2022-12-24 17:00:00;0.0;87.06865494706113;;235.7129850557954;;;;
2022-12-24 18:00:00;0.0;87.06865494706113;;219.5058711782312;;;;
2022-12-24 19:00:00;0.0;87.06865494706113;;201.903721855088;;;;
2022-12-24 20:00:00;0.0;87.06865494706113;;184.1646174855829;;;;
2022-12-24 21:00:00;0.0;87.06865494706113;;167.5304118059151;;;;
2022-12-24 22:00:00;0.0;87.06865494706113;;153.173000475036;;;;
2022-12-24 23:00:00;0.0;87.06865494706113;;141.3246521551133;;;;
2022-12-25 00:00:00;0.0;87.06865494706113;;133.5582324396217;;;;
2022-12-25 01:00:00;0.0;87.06865494706113;;130.3296545840882;;;;
2022-12-25 02:00:00;0.0;87.06865494706113;;132.553908756418;;;;
2022-12-25 03:00:00;0.0;87.06865494706113;;139.2344990709877;;;;
2022-12-25 04:00:00;0.0;87.06865494706113;;149.8829931665259;;;;
2022-12-25 05:00:00;0.0;87.06865494706113;;163.7390473317222;;;;
2022-12-25 06:00:00;0.0;87.06865494706113;;179.8173958848758;;;;
2022-12-25 07:00:00;0.0;87.06865494706113;;196.9733461421772;;;;
2022-12-25 08:00:00;0.0;87.06865494706113;;213.9950433262775;;;;
2022-12-25 09:00:00;0.0;87.06865494706113;;229.6813506093538;;;;
2022-12-25 10:00:00;0.0;87.06865494706113;;242.934271757699;;;;
2022-12-25 11:00:00;0.0;87.06865494706113;;252.828649067497;;;;
2022-12-25 12:00:00;0.0;87.06865494706113;;258.6582430875459;;;;
2022-12-25 13:00:00;0.0;87.06865494706113;;260.0346087225136;;;;
2022-12-25 14:00:00;0.0;87.06865494706113;;256.8430503856464;;;;
2022-12-25 15:00:00;0.0;87.06865494706113;;249.3117383541246;;;;
2022-12-25 16:00:00;0.0;87.06865494706113;;237.9279099792099;;;;
2022-12-25 17:00:00;0.0;87.06865494706113;;223.4569269392084;;;;
2022-12-25 18:00:00;0.0;87.06865494706113;;206.8647080790209;;;;
2022-12-25 19:00:00;0.0;87.06865494706113;;189.2413229101259;;;;
2022-12-25 20:00:00;0.0;87.06865494706113;;171.7522883476668;;;;
2022-12-25 21:00:00;0.0;87.06865494706113;;155.5358879303184;;;;
2022-12-25 22:00:00;0.0;87.06865494706113;;141.6477259148612;;;;
2022-12-25 23:00:00;0.0;87.06865494706113;;129.2552548144756;;;;
2022-12-26 00:00:00;0.0;87.06865494706113;;120.7753579141246;;;;
2022-12-26 01:00:00;0.0;87.06865494706113;;116.5495069224909;;;;
2022-12-26 02:00:00;0.0;87.06865494706113;;118.3451551809262;;;;
2022-12-26 03:00:00;0.0;87.06865494706113;;124.1827704055198;;;;
2022-12-26 04:00:00;0.0;87.06865494706113;;133.6289887121638;;;;
2022-12-26 05:00:00;0.0;87.06865494706113;;146.010204694101;;;;
2022-12-26 06:00:00;0.0;87.06865494706113;;160.4591446683361;;;;
2022-12-26 07:00:00;0.0;87.06865494706113;;175.9842294836723;;;;
2022-12-26 08:00:00;0.0;87.06865494706113;;191.5292052953401;;;;
2022-12-26 09:00:00;0.0;87.06865494706113;;206.0360919561626;;;;
2022-12-26 10:00:00;0.0;87.06865494706113;;218.5128654861496;;;;
2022-12-26 11:00:00;0.0;87.06865494706113;;228.1161498200914;;;;
2022-12-26 12:00:00;0.0;87.06865494706113;;234.1968569187892;;;;
2022-12-26 13:00:00;0.0;87.06865494706113;;236.3545840798222;;;;
2022-12-26 14:00:00;0.0;87.06865494706113;;234.4406955605528;;;;
2022-12-26 15:00:00;0.0;87.06865494706113;;228.5739871448762;;;;
2022-12-26 16:00:00;0.0;87.06865494706113;;219.1493256670768;;;;
2022-12-26 17:00:00;0.0;87.06865494706113;;206.8052838256218;;;;
2022-12-26 18:00:00;0.0;87.06865494706113;;192.3856282078492;;;;
2022-12-26 19:00:00;0.0;87.06865494706113;;176.8727262289151;;;;
2022-12-26 20:00:00;0.0;87.06865494706113;;161.3303087029665;;;;
2022-12-26 21:00:00;0.0;87.06865494706113;;146.8293721936898;;;;
2022-12-26 22:00:00;0.0;87.06865494706113;;134.3734127268527;;;;
2022-12-26 23:00:00;0.0;87.06865494706113;;123.4577417794987;;;;
2022-12-27 00:00:00;0.0;87.06865494706113;;116.1665770040729;;;;
2022-12-27 01:00:00;0.0;87.06865494706113;;112.8799970456785;;;;
2022-12-27 02:00:00;0.0;87.06865494706113;;115.0836998270601;;;;
2022-12-27 03:00:00;0.0;87.06865494706113;;121.2040480527376;;;;
2022-12-27 04:00:00;0.0;87.06865494706113;;130.8423693106061;;;;
2022-12-27 05:00:00;0.0;87.06865494706113;;143.3640450829524;;;;
2022-12-27 06:00:00;0.0;87.06865494706113;;157.9303137115551;;;;
2022-12-27 07:00:00;0.0;87.06865494706113;;173.5475398555172;;;;
2022-12-27 08:00:00;0.0;87.06865494706113;;189.1420081090808;;;;
2022-12-27 09:00:00;0.0;87.06865494706113;;203.6309265041596;;;;
2022-12-27 10:00:00;0.0;87.06865494706113;;216.0242433736144;;;;
2022-12-27 11:00:00;0.0;87.06865494706113;;225.4671670667778;;;;
2022-12-27 12:00:00;0.0;87.06865494706113;;231.3117500843407;;;;
2022-12-27 13:00:00;0.0;87.06865494706113;;233.1409365464563;;;;
2022-12-27 14:00:00;0.0;87.06865494706113;;230.8210995796059;;;;
2022-12-27 15:00:00;0.0;87.06865494706113;;224.5027331556813;;;;
2022-12-27 16:00:00;0.0;87.06865494706113;;214.6251514412376;;;;
2022-12-27 17:00:00;0.0;87.06865494706113;;201.850062422453;;;;
2022-12-27 18:00:00;0.0;87.06865494706113;;187.0524890808824;;;;
2022-12-27 19:00:00;0.0;87.06865494706113;;171.2156422122258;;;;
2022-12-27 20:00:00;0.0;87.06865494706113;;155.418320664221;;;;
2022-12-27 21:00:00;0.0;87.06865494706113;;140.701931594208;;;;
2022-12-27 22:00:00;0.0;87.06865494706113;;128.0424547731921;;;;
2022-12-27 23:00:00;0.0;87.06865494706113;;118.275515881242;;;;
2022-12-28 00:00:00;0.0;87.06865494706113;;111.9651715226911;;;;
2022-12-28 01:00:00;0.0;87.06865494706113;;109.4695101974636;;;;
2022-12-28 02:00:00;0.0;87.06865494706113;;110.8381182064142;;;;
2022-12-28 03:00:00;0.0;87.06865494706113;;115.9203159144175;;;;
2022-12-28 04:00:00;0.0;87.06865494706113;;124.2622494683651;;;;
2022-12-28 05:00:00;0.0;87.06865494706113;;135.1893251520051;;;;
2022-12-28 06:00:00;0.0;87.06865494706113;;147.8596521596618;;;;
2022-12-28 07:00:00;0.0;87.06865494706113;;161.3246374984516;;;;
2022-12-28 08:00:00;0.0;87.06865494706113;;174.6069395840698;;;;
2022-12-28 09:00:00;0.0;87.06865494706113;;186.730117581615;;;;
2022-12-28 10:00:00;0.0;87.06865494706113;;196.8222366913728;;;;
2022-12-28 11:00:00;0.0;87.06865494706113;;204.1508629390379;;;;
2022-12-28 12:00:00;0.0;87.06865494706113;;208.198327749785;;;;
2022-12-28 13:00:00;0.0;87.06865494706113;;208.6764558424947;;;;
2022-12-28 14:00:00;0.0;87.06865494706113;;205.5301788694595;;;;
2022-12-28 15:00:00;0.0;87.06865494706113;;198.9659131761635;;;;
2022-12-28 16:00:00;0.0;87.06865494706113;;189.4022023970951;;;;
2022-12-28 17:00:00;0.0;87.06865494706113;;177.471774813255;;;;
2022-12-28 18:00:00;0.0;87.06865494706113;;163.9472624036075;;;;
2022-12-28 19:00:00;0.0;87.06865494706113;;149.6968593215608;;;;
2022-12-28 20:00:00;0.0;87.06865494706113;;135.6349066397216;;;;
2022-12-28 21:00:00;0.0;87.06865494706113;;122.6492834689147;;;;
2022-12-28 22:00:00;0.0;87.06865494706113;;111.5635965075415;;;;
2022-12-28 23:00:00;0.0;87.06865494706113;;104.2989207053975;;;;
2022-12-29 00:00:00;0.0;87.06865494706113;;100.1031094451505;;;;
2022-12-29 01:00:00;0.0;87.06865494706113;;99.32253815588686;;;;
2022-12-29 02:00:00;0.0;87.06865494706113;;100.8516124010351;;;;
2022-12-29 03:00:00;0.0;87.06865494706113;;105.8535591675732;;;;
2022-12-29 04:00:00;0.0;87.06865494706113;;113.9736083379382;;;;
2022-12-29 05:00:00;0.0;87.06865494706113;;124.6446643044785;;;;
2022-12-29 06:00:00;0.0;87.06865494706113;;137.1493032205059;;;;
2022-12-29 07:00:00;0.0;87.06865494706113;;150.6452789865431;;;;
2022-12-29 08:00:00;0.0;87.06865494706113;;164.2381305374461;;;;
2022-12-29 09:00:00;0.0;87.06865494706113;;177.0329085602196;;;;
2022-12-29 10:00:00;0.0;87.06865494706113;;188.1880643786212;;;;
2022-12-29 11:00:00;0.0;87.06865494706113;;196.9664908750586;;;;
2022-12-29 12:00:00;0.0;87.06865494706113;;202.7938827530754;;;;
2022-12-29 13:00:00;0.0;87.06865494706113;;205.2911127844323;;;;
2022-12-29 14:00:00;0.0;87.06865494706113;;204.2936207158233;;;;
2022-12-29 15:00:00;0.0;87.06865494706113;;199.8834891877352;;;;
2022-12-29 16:00:00;0.0;87.06865494706113;;192.3509199279885;;;;
2022-12-29 17:00:00;0.0;87.06865494706113;;182.2304113686643;;;;
2022-12-29 18:00:00;0.0;87.06865494706113;;170.2130594456048;;;;
2022-12-29 19:00:00;0.0;87.06865494706113;;157.1518891103698;;;;
2022-12-29 20:00:00;0.0;87.06865494706113;;143.9697706666185;;;;
2022-12-29 21:00:00;0.0;87.06865494706113;;131.6247138841409;;;;
2022-12-29 22:00:00;0.0;87.06865494706113;;121.0367270304542;;;;
2022-12-29 23:00:00;0.0;87.06865494706113;;114.6494012525447;;;;
2022-12-30 00:00:00;0.0;87.06865494706113;;111.4485836930987;;;;
2022-12-30 01:00:00;0.0;87.06865494706113;;111.9330082097289;;;;
2022-12-30 02:00:00;0.0;87.06865494706113;;114.7234945917712;;;;
2022-12-30 03:00:00;0.0;87.06865494706113;;121.4750091205923;;;;
2022-12-30 04:00:00;0.0;87.06865494706113;;131.8424722481828;;;;
2022-12-30 05:00:00;0.0;87.06865494706113;;145.2379282547869;;;;
2022-12-30 06:00:00;0.0;87.06865494706113;;160.850082838435;;;;
2022-12-30 07:00:00;0.0;87.06865494706113;;177.7075717756206;;;;
2022-12-30 08:00:00;0.0;87.06865494706113;;194.7366296127763;;;;
2022-12-30 09:00:00;0.0;87.06865494706113;;210.8156005185064;;;;
2022-12-30 10:00:00;0.0;87.06865494706113;;224.890345349857;;;;
2022-12-30 11:00:00;0.0;87.06865494706113;;236.0209972829519;;;;
2022-12-30 12:00:00;0.0;87.06865494706113;;243.4733966253372;;;;
2022-12-30 13:00:00;0.0;87.06865494706113;;246.7579763514408;;;;
2022-12-30 14:00:00;0.0;87.06865494706113;;245.660748151748;;;;
2022-12-30 15:00:00;0.0;87.06865494706113;;240.270592060617;;;;
2022-12-30 16:00:00;0.0;87.06865494706113;;230.9691839482039;;;;
2022-12-30 17:00:00;0.0;87.06865494706113;;218.4288422669821;;;;
2022-12-30 18:00:00;0.0;87.06865494706113;;203.5402964275219;;;;
2022-12-30 19:00:00;0.0;87.06865494706113;;187.3577619521836;;;;
2022-12-30 20:00:00;0.0;87.06865494706113;;171.0266245062786;;;;
2022-12-30 21:00:00;0.0;87.06865494706113;;155.7081279285364;;;;
2022-12-30 22:00:00;0.0;87.06865494706113;;142.5009910927604;;;;
2022-12-30 23:00:00;0.0;87.06865494706113;;133.1781198338929;;;;
2022-12-31 00:00:00;0.0;87.06865494706113;;127.6248327962394;;;;
2022-12-31 01:00:00;0.0;87.06865494706113;;126.316492414625;;;;
2022-12-31 02:00:00;0.0;87.06865494706113;;128.6196387137383;;;;
2022-12-31 03:00:00;0.0;87.06865494706113;;135.2623031615245;;;;
2022-12-31 04:00:00;0.0;87.06865494706113;;145.7966182762683;;;;
2022-12-31 05:00:00;0.0;87.06865494706113;;159.4945776067005;;;;
2022-12-31 06:00:00;0.0;87.06865494706113;;175.4062477895069;;;;
2022-12-31 07:00:00;0.0;87.06865494706113;;192.4195571424037;;;;
2022-12-31 08:00:00;0.0;87.06865494706113;;209.3573354590587;;;;
2022-12-31 09:00:00;0.0;87.06865494706113;;225.0448356690845;;;;
2022-12-31 10:00:00;0.0;87.06865494706113;;238.4193861335108;;;;
2022-12-31 11:00:00;0.0;87.06865494706113;;248.5524700342727;;;;
2022-12-31 12:00:00;0.0;87.06865494706113;;254.7533145244611;;;;
2022-12-31 13:00:00;0.0;87.06865494706113;;256.5875809311102;;;;
2022-12-31 14:00:00;0.0;87.06865494706113;;253.9351393304511;;;;
2022-12-31 15:00:00;0.0;87.06865494706113;;246.9753140970134;;;;
2022-12-31 16:00:00;0.0;87.06865494706113;;236.172893397832;;;;
2022-12-31 17:00:00;0.0;87.06865494706113;;222.2723604219736;;;;
2022-12-31 18:00:00;0.0;87.06865494706113;;206.2067546230049;;;;
2022-12-31 19:00:00;0.0;87.06865494706113;;189.0642300692087;;;;
2022-12-31 20:00:00;0.0;87.06865494706113;;171.976533587491;;;;
2022-12-31 21:00:00;0.0;87.06865494706113;;156.1030632965127;;;;
2022-12-31 22:00:00;0.0;87.06865494706113;;142.5019881702055;;;;
2022-12-31 23:00:00;0.0;87.06865494706113;;90.72864217320942;;;;
